{
"type": "FeatureCollection",
"name": "web_candidate_sites",
"crs": { "type": "name", "properties": { "name": "urn:ogc:def:crs:OGC:1.3:CRS84" } },
"features": [
{ "type": "Feature", "properties": { "subcatchme": 7, "class_id": 10.0, "class_name": "Brush/Shrubs", "nrcs_class": "open_space_good", "SOILDESC": "Novaliches clay loam adobe phase", "SoilSeries": "Novaliches", "hsg": "C", "slope_mean": 2.678697643480362, "area_sqm": 711.719, "site_id": 93, "land_avail": 1, "dist_drain": 1159, "gi_type sg": "bioswale", "objectid": 6319, "gthcode": "8011374020010000", "globalid": "{2D677C8E-F6AE-4A01-9D11-4295800F38C5}", "st_area(shape)": 0.00011097762930813919, "reg_name": "National Capital Region (NCR)", "prov_name": "NCR, Second District", "city_name": "City of Marikina", "brgy_name": "Barangka", "reg_code": "130000000", "prov_code": "137400000", "city_code": "137402000", "brgy_code": "137402001", "psgc_10d": "1380700001", "geographic_level": "Bgy", "old_names": "", "class": "Highly Urbanized Cities (HUC)", "income_class": "", "urban_rural2015": "U", "bgypop2015": 18504, "bgypop2020": 16639, "bgyarea_sqkm": 1.32283165, "gida": "No", "gida_yr": null, "st_perimeter(shape)": 0.053297922842779719, "created_user": null, "created_date": null, "last_edited_user": "ADMIN2", "last_edited_date": 1748789491000, "gi_type_x": "Bioswale", "flood_attenuation_score_x": 40.430225947214304, "site_cost_x": 3991253.40882, "selected": 1, "gi_type_y": "Bioswale", "flood_attenuation_score_y": 40.430225947214304, "site_cost_y": 3991253.40882, "selected_selection": 1.0 }, "geometry": { "type": "MultiPolygon", "coordinates": [ [ [ [ 121.079718486659957, 14.6376001481944 ], [ 121.07972008875555, 14.637573259908667 ], [ 121.079719551899856, 14.637546317829667 ], [ 121.07971775162008, 14.63752729082446 ], [ 121.079714654380012, 14.637508620024494 ], [ 121.079709184540818, 14.637487413736293 ], [ 121.079702130397948, 14.637468652457111 ], [ 121.079694645548017, 14.637453842239537 ], [ 121.079683398786457, 14.637436692924508 ], [ 121.079672544602658, 14.637423174321084 ], [ 121.079658516765789, 14.637407979370034 ], [ 121.079643487531257, 14.637393520810409 ], [ 121.079629891049294, 14.637382087023459 ], [ 121.079616508694798, 14.637372498561248 ], [ 121.079602652274957, 14.637364270782543 ], [ 121.079584311339133, 14.637355574035439 ], [ 121.079562525814495, 14.637347644130095 ], [ 121.079533252675418, 14.637339834998116 ], [ 121.079502482379681, 14.637334055884878 ], [ 121.079470582326735, 14.63732989773121 ], [ 121.079456992757414, 14.637328715844315 ], [ 121.079650719148262, 14.637662084037471 ], [ 121.079688298003362, 14.637726750472314 ], [ 121.079691172896688, 14.637713283672275 ], [ 121.079708914013906, 14.637653534243348 ], [ 121.079713048531559, 14.63763598766638 ], [ 121.079716693588139, 14.637615064422999 ], [ 121.079718486659957, 14.6376001481944 ] ] ], [ [ [ 121.080881121193656, 14.636187079008138 ], [ 121.080859639263565, 14.636192700094776 ], [ 121.080848790022657, 14.636197074963523 ], [ 121.080839338950398, 14.636202155404192 ], [ 121.080831618615775, 14.636207588098559 ], [ 121.080823098820872, 14.636215725319882 ], [ 121.080818031219081, 14.636222325781853 ], [ 121.080813350077321, 14.636230487418771 ], [ 121.080809560983639, 14.636239919790601 ], [ 121.080806940837221, 14.63625026731253 ], [ 121.080805600141659, 14.636261203754096 ], [ 121.080805980867311, 14.636278046550094 ], [ 121.080807706244727, 14.636289048031539 ], [ 121.080811888440351, 14.636304000888138 ], [ 121.08081691834208, 14.636316251422663 ], [ 121.080823708621836, 14.636329181597278 ], [ 121.080838363687178, 14.636351981818803 ], [ 121.080856107795867, 14.636376795658638 ], [ 121.080877590714223, 14.636404257452169 ], [ 121.080899455565955, 14.636428172050032 ], [ 121.080899373620923, 14.63618473968137 ], [ 121.080881121193656, 14.636187079008138 ] ] ] ] } },
{ "type": "Feature", "properties": { "subcatchme": 7, "class_id": 10.0, "class_name": "Brush/Shrubs", "nrcs_class": "open_space_good", "SOILDESC": "Novaliches clay loam adobe phase", "SoilSeries": "Novaliches", "hsg": "C", "slope_mean": 5.2277927401940962, "area_sqm": 29.568, "site_id": 96, "land_avail": 1, "dist_drain": 967, "gi_type sg": "bioswale", "objectid": 6319, "gthcode": "8011374020010000", "globalid": "{2D677C8E-F6AE-4A01-9D11-4295800F38C5}", "st_area(shape)": 0.00011097762930813919, "reg_name": "National Capital Region (NCR)", "prov_name": "NCR, Second District", "city_name": "City of Marikina", "brgy_name": "Barangka", "reg_code": "130000000", "prov_code": "137400000", "city_code": "137402000", "brgy_code": "137402001", "psgc_10d": "1380700001", "geographic_level": "Bgy", "old_names": "", "class": "Highly Urbanized Cities (HUC)", "income_class": "", "urban_rural2015": "U", "bgypop2015": 18504, "bgypop2020": 16639, "bgyarea_sqkm": 1.32283165, "gida": "No", "gida_yr": null, "st_perimeter(shape)": 0.053297922842779719, "created_user": null, "created_date": null, "last_edited_user": "ADMIN2", "last_edited_date": 1748789491000, "gi_type_x": "Bioswale", "flood_attenuation_score_x": 40.016861696297298, "site_cost_x": 189775.95904, "selected": 1, "gi_type_y": "Bioswale", "flood_attenuation_score_y": 40.016861696297298, "site_cost_y": 189775.95904, "selected_selection": 1.0 }, "geometry": { "type": "MultiPolygon", "coordinates": [ [ [ [ 121.078898509835454, 14.632822401112977 ], [ 121.078876438726667, 14.632823663135911 ], [ 121.078854604766818, 14.632826897190908 ], [ 121.078840580325576, 14.632830117959513 ], [ 121.078827312157415, 14.632834104079505 ], [ 121.07880493470833, 14.632843263759545 ], [ 121.078791079062157, 14.632850935997133 ], [ 121.078913236622938, 14.632850898097402 ], [ 121.078913227509815, 14.632823074897843 ], [ 121.078898509835454, 14.632822401112977 ] ] ] ] } },
{ "type": "Feature", "properties": { "subcatchme": 7, "class_id": 10.0, "class_name": "Brush/Shrubs", "nrcs_class": "open_space_good", "SOILDESC": "Novaliches clay loam adobe phase", "SoilSeries": "Novaliches", "hsg": "C", "slope_mean": 3.8451379747951728, "area_sqm": 33190.412, "site_id": 97, "land_avail": 1, "dist_drain": 1008, "gi_type sg": "urban_fores", "objectid": 6319, "gthcode": "8011374020010000", "globalid": "{2D677C8E-F6AE-4A01-9D11-4295800F38C5}", "st_area(shape)": 0.00011097762930813919, "reg_name": "National Capital Region (NCR)", "prov_name": "NCR, Second District", "city_name": "City of Marikina", "brgy_name": "Barangka", "reg_code": "130000000", "prov_code": "137400000", "city_code": "137402000", "brgy_code": "137402001", "psgc_10d": "1380700001", "geographic_level": "Bgy", "old_names": "", "class": "Highly Urbanized Cities (HUC)", "income_class": "", "urban_rural2015": "U", "bgypop2015": 18504, "bgypop2020": 16639, "bgyarea_sqkm": 1.32283165, "gida": "No", "gida_yr": null, "st_perimeter(shape)": 0.053297922842779719, "created_user": null, "created_date": null, "last_edited_user": "ADMIN2", "last_edited_date": 1748789491000, "gi_type_x": "Bioswale", "flood_attenuation_score_x": 60.111397128824599, "site_cost_x": 184987864.18536001, "selected": 0, "gi_type_y": "Bioswale", "flood_attenuation_score_y": 60.111397128824599, "site_cost_y": 184987864.18536001, "selected_selection": null }, "geometry": { "type": "MultiPolygon", "coordinates": [ [ [ [ 121.079211417386745, 14.63627721112454 ], [ 121.079236097407602, 14.63626480806742 ], [ 121.079261796739047, 14.636253555700819 ], [ 121.07933734152175, 14.636223042721495 ], [ 121.079415702894778, 14.636186597533815 ], [ 121.07945361156743, 14.63617306370292 ], [ 121.079483481130367, 14.636164473688043 ], [ 121.079485300701393, 14.636164001354935 ], [ 121.079197899788284, 14.636164091146147 ], [ 121.07919793946327, 14.636284715452609 ], [ 121.079211417386745, 14.63627721112454 ] ] ], [ [ [ 121.080073922996775, 14.635922775034444 ], [ 121.080107210303794, 14.635909987391019 ], [ 121.080180352124401, 14.635887235199638 ], [ 121.080200794609027, 14.635879787346605 ], [ 121.080209638366114, 14.635875808059509 ], [ 121.080220565611782, 14.635869507162786 ], [ 121.08022984364446, 14.635861164749823 ], [ 121.080233504867692, 14.635855123846186 ], [ 121.080234907093015, 14.635850347576307 ], [ 121.080235115476953, 14.635845171060753 ], [ 121.080234040437688, 14.635840076139715 ], [ 121.080230688060283, 14.63583344602085 ], [ 121.080226962412695, 14.635828860621091 ], [ 121.08021802847766, 14.635821226546698 ], [ 121.080209919266466, 14.635815986863566 ], [ 121.080189988735654, 14.635805661240861 ], [ 121.08013727107415, 14.635780716194862 ], [ 121.08011475358461, 14.635766998410411 ], [ 121.08010489792153, 14.635759479635052 ], [ 121.080093099403186, 14.635748358932769 ], [ 121.080080999896552, 14.635732787708404 ], [ 121.080072282522949, 14.635716797945211 ], [ 121.080065337507236, 14.635698189399958 ], [ 121.080060682067767, 14.63567810862228 ], [ 121.080058372538019, 14.6356573350711 ], [ 121.080058588386379, 14.635632842812429 ], [ 121.080062005546722, 14.635608552273562 ], [ 121.080065365940229, 14.635595375038898 ], [ 121.080069596083447, 14.635583150252993 ], [ 121.080079171655456, 14.635563436259051 ], [ 121.08009026746781, 14.635547038749616 ], [ 121.080108428407712, 14.635526265923042 ], [ 121.080126160979106, 14.635509283318692 ], [ 121.080144181896316, 14.6354945768141 ], [ 121.080157761130792, 14.635485364358971 ], [ 121.080171813240469, 14.635477487864707 ], [ 121.0801904056691, 14.635469209609239 ], [ 121.080212468131563, 14.635461717272101 ], [ 121.080247616344693, 14.63545330080656 ], [ 121.080284735013777, 14.635447447226403 ], [ 121.080323241044141, 14.635443434180454 ], [ 121.08033197012044, 14.635442833127502 ], [ 121.080331934239481, 14.63533541448813 ], [ 121.080615510955894, 14.635335324518115 ], [ 121.080615540455724, 14.635423301465318 ], [ 121.080623153244545, 14.635422193728134 ], [ 121.080650073559838, 14.63541642048291 ], [ 121.080675272460155, 14.635408903349578 ], [ 121.080688572362462, 14.635403738967637 ], [ 121.080706254657471, 14.635394986852432 ], [ 121.080720062287597, 14.635385976866644 ], [ 121.080730888045082, 14.635376933260591 ], [ 121.08074220064762, 14.635364951200618 ], [ 121.080756377443279, 14.635345294983864 ], [ 121.08076754702401, 14.635325637471594 ], [ 121.08078622558665, 14.635287490582403 ], [ 121.080798865295606, 14.635265278661921 ], [ 121.080804038799172, 14.635258557973854 ], [ 121.080811376226137, 14.63525168522721 ], [ 121.08081788909648, 14.635248055410047 ], [ 121.080822803455362, 14.63524669336959 ], [ 121.080830685460171, 14.635246787262957 ], [ 121.080837770414647, 14.635249309169794 ], [ 121.080844336475749, 14.635253972197228 ], [ 121.080851779942421, 14.635262336807703 ], [ 121.080861798610286, 14.635278863230512 ], [ 121.080889415546551, 14.635336328012327 ], [ 121.080898815872473, 14.635352343261582 ], [ 121.080913167346253, 14.635371518917028 ], [ 121.080924161885434, 14.635382665486544 ], [ 121.080935456982303, 14.635391696246078 ], [ 121.080950752148624, 14.635401186526941 ], [ 121.080969575355439, 14.635410022686415 ], [ 121.081001882397103, 14.635420721371551 ], [ 121.081037159585122, 14.635428532793146 ], [ 121.081078700546286, 14.635434676989405 ], [ 121.081118013634395, 14.635438614039368 ], [ 121.081158433232872, 14.635441466718321 ], [ 121.081323968871317, 14.635448949113236 ], [ 121.081364636352887, 14.635451368213323 ], [ 121.081404212978669, 14.635454672985839 ], [ 121.081434399417432, 14.635458194976344 ], [ 121.081463199083387, 14.635462797212183 ], [ 121.081466284652109, 14.635463483246776 ], [ 121.081466147447742, 14.635058945794787 ], [ 121.08118257109227, 14.635059036798806 ], [ 121.081182477804106, 14.634782930048999 ], [ 121.080331749789067, 14.634783200983481 ], [ 121.080331657566944, 14.634507094221403 ], [ 121.079764506255714, 14.634507273114055 ], [ 121.079764414744972, 14.634231166341655 ], [ 121.079168810127427, 14.634231352718551 ], [ 121.079171942318467, 14.634236353201123 ], [ 121.079177534021298, 14.634247384775168 ], [ 121.079182373223333, 14.634259349994633 ], [ 121.079188097655162, 14.634278487093331 ], [ 121.079192048127709, 14.634298401202766 ], [ 121.079194685383555, 14.634322034973955 ], [ 121.07919547768779, 14.634345857761762 ], [ 121.079193986270838, 14.63437688050729 ], [ 121.079191486010359, 14.634397337843659 ], [ 121.079184474879995, 14.634438812492416 ], [ 121.079182730500108, 14.634457414431449 ], [ 121.079183205216466, 14.634475815981498 ], [ 121.079186362302138, 14.634494749351195 ], [ 121.079191704710311, 14.634511924065249 ], [ 121.079200726963933, 14.634532543337038 ], [ 121.079243961196553, 14.634616693387606 ], [ 121.079252879053527, 14.634635338104461 ], [ 121.079259033102147, 14.634651823660546 ], [ 121.079263527456845, 14.634671420537522 ], [ 121.079264883007568, 14.634688434033594 ], [ 121.07926441272258, 14.634700026501195 ], [ 121.079262752364286, 14.634711426602353 ], [ 121.079258049528406, 14.634727518945349 ], [ 121.079253633711957, 14.63473707986623 ], [ 121.079248613677876, 14.634745253133035 ], [ 121.079237268746979, 14.634758386169187 ], [ 121.079224466999534, 14.634768702084392 ], [ 121.079213828094751, 14.634775363183959 ], [ 121.079201932828155, 14.634781556642814 ], [ 121.079180087053956, 14.634790818323571 ], [ 121.079156573868744, 14.634799064939818 ], [ 121.079074064483279, 14.634825339912412 ], [ 121.078996472065739, 14.634854749710611 ], [ 121.078964726227653, 14.634863841119518 ], [ 121.078932861120578, 14.634870426468817 ], [ 121.078890166051281, 14.634876510360037 ], [ 121.078846202130677, 14.63488068237724 ], [ 121.078808876541729, 14.634883233695627 ], [ 121.078658368414608, 14.634891957725799 ], [ 121.078620089129203, 14.634895524137111 ], [ 121.078582596496204, 14.634900418250881 ], [ 121.07854619791506, 14.634907152294135 ], [ 121.078515452836257, 14.634915044548109 ], [ 121.078491072254025, 14.634923238748566 ], [ 121.078407811360663, 14.634958743132396 ], [ 121.078315020984462, 14.6349929813579 ], [ 121.078244191433143, 14.635022123181415 ], [ 121.078217834400732, 14.635030575762471 ], [ 121.078190272751414, 14.635036348852459 ], [ 121.078175478247402, 14.635038238375449 ], [ 121.078153087107452, 14.63503956092141 ], [ 121.078131261698147, 14.635039015658842 ], [ 121.07810701984549, 14.63503596525824 ], [ 121.078084818064085, 14.635030144670589 ], [ 121.078073613124772, 14.635025593292868 ], [ 121.07805969188108, 14.635017478775616 ], [ 121.078052788296233, 14.63501182785234 ], [ 121.07804507801275, 14.635003207925052 ], [ 121.078040390752406, 14.634995863680945 ], [ 121.078036425501807, 14.634987144536261 ], [ 121.078033587423874, 14.634977420739906 ], [ 121.07803180194631, 14.634961719492614 ], [ 121.078033044625585, 14.634945638383835 ], [ 121.078035417972515, 14.634935292482581 ], [ 121.078038742005873, 14.634925769571122 ], [ 121.078044574271033, 14.634913859896026 ], [ 121.078054655008643, 14.634899035600117 ], [ 121.078064898604254, 14.634887146073858 ], [ 121.078089378885949, 14.634863878946046 ], [ 121.078107353422297, 14.634849815663088 ], [ 121.078130010099514, 14.634835903088076 ], [ 121.078154084185059, 14.634825174214827 ], [ 121.078184505204362, 14.634815591213004 ], [ 121.07821373572979, 14.63480906193956 ], [ 121.078244249555183, 14.634804063286662 ], [ 121.078266538822689, 14.634801219856543 ], [ 121.078332624414116, 14.634795115870469 ], [ 121.078419476229826, 14.634788400652543 ], [ 121.078461516492325, 14.634783967030515 ], [ 121.078483022910177, 14.634780958065861 ], [ 121.078503835939017, 14.634777316205247 ], [ 121.078527783366553, 14.63477185846029 ], [ 121.078550164659575, 14.634764947281615 ], [ 121.078563885340316, 14.634759425012904 ], [ 121.078576280165237, 14.634753208600214 ], [ 121.078586932093287, 14.634746545831961 ], [ 121.078595472925599, 14.634739937937196 ], [ 121.078605788513173, 14.634729690105317 ], [ 121.078612659895313, 14.634720809169597 ], [ 121.078619052796071, 14.63471027773422 ], [ 121.078624506837528, 14.634698523970931 ], [ 121.078631340230984, 14.634675987737136 ], [ 121.078634661452242, 14.634652177212988 ], [ 121.078634849045685, 14.634631267025377 ], [ 121.078632593369406, 14.634610293296745 ], [ 121.078629751779616, 14.634596705233058 ], [ 121.078623720637609, 14.634577728261382 ], [ 121.078616553139327, 14.634561984405636 ], [ 121.078606273005562, 14.634545130416289 ], [ 121.078592261724154, 14.634527101544164 ], [ 121.078581551789384, 14.634515160162637 ], [ 121.078574074754187, 14.634507644111704 ], [ 121.078346627941571, 14.634507714303076 ], [ 121.078346593236148, 14.634400932503665 ], [ 121.078315928905752, 14.634389688088502 ], [ 121.078258490930423, 14.634366485821765 ], [ 121.078241690874208, 14.634360684538104 ], [ 121.078220345618135, 14.6343544625656 ], [ 121.078195860105481, 14.634348704478814 ], [ 121.07816104065526, 14.634342510451587 ], [ 121.078125359075429, 14.634338008268033 ], [ 121.078089113973263, 14.634334907592164 ], [ 121.078050593334339, 14.634332946676071 ], [ 121.078012102721104, 14.634332227691955 ], [ 121.077973993813444, 14.634332760772587 ], [ 121.07793361553172, 14.634334898166145 ], [ 121.077894780549514, 14.634338978606845 ], [ 121.077866537257862, 14.634343739313165 ], [ 121.077840083757735, 14.634350275208892 ], [ 121.077815944602307, 14.634358995485025 ], [ 121.077804257804658, 14.634364697168987 ], [ 121.077793994022983, 14.634370913060557 ], [ 121.07778550171507, 14.634377277325314 ], [ 121.077778832635545, 14.634383389145814 ], [ 121.077772863343426, 14.634390038122003 ], [ 121.077766869739648, 14.634398306336074 ], [ 121.077761329913443, 14.63440807663884 ], [ 121.077756650949127, 14.634418965605592 ], [ 121.077750966220989, 14.634439832205228 ], [ 121.077748555183092, 14.634461752441549 ], [ 121.077749628071516, 14.63448765605372 ], [ 121.07775482113469, 14.634513226779013 ], [ 121.077759057851921, 14.634525729268315 ], [ 121.077766915349287, 14.634542487374697 ], [ 121.077775222782876, 14.634555540391604 ], [ 121.077784545077193, 14.634567056452157 ], [ 121.077797211174982, 14.634579782165005 ], [ 121.077812175320801, 14.634592514198312 ], [ 121.077853718044324, 14.634624212112771 ], [ 121.077872687509924, 14.634640315495574 ], [ 121.07789353225202, 14.634661487875869 ], [ 121.077914963324162, 14.634686847440824 ], [ 121.077925658498771, 14.634703144584787 ], [ 121.077929060475199, 14.63471121022028 ], [ 121.077930444319193, 14.634716755932665 ], [ 121.077930948132774, 14.634722637787709 ], [ 121.077930351836372, 14.634728335241912 ], [ 121.077928759047168, 14.634733353920534 ], [ 121.077925018475909, 14.634739442928291 ], [ 121.077921086712891, 14.634743399421795 ], [ 121.077915646230366, 14.634747197059523 ], [ 121.077904994562402, 14.634751909602018 ], [ 121.077892228031587, 14.634755084652731 ], [ 121.077883071020594, 14.634756348344551 ], [ 121.077860662296558, 14.634757029089918 ], [ 121.077820298182914, 14.634754226921903 ], [ 121.077804088057007, 14.634755501060765 ], [ 121.077793608658453, 14.634758337121795 ], [ 121.077786574545755, 14.634761387790601 ], [ 121.077780206385199, 14.634765130773065 ], [ 121.077772083343092, 14.634771615565752 ], [ 121.077766368305987, 14.63477763043146 ], [ 121.077761514424338, 14.634784000658003 ], [ 121.077779565632, 14.634783995140673 ], [ 121.077779654664354, 14.635060101913208 ], [ 121.079481112915445, 14.635059575571537 ], [ 121.079481204077737, 14.635335682326334 ], [ 121.079764780800389, 14.635335593392245 ], [ 121.079764872319387, 14.635611700138639 ], [ 121.080048449394653, 14.635611610857337 ], [ 121.080048556936148, 14.635934795957816 ], [ 121.080073922996775, 14.635922775034444 ] ] ], [ [ [ 121.081226327847475, 14.635608866739823 ], [ 121.08120581223362, 14.635592277309353 ], [ 121.081187510463522, 14.635580470463134 ], [ 121.08116345691252, 14.635568663201463 ], [ 121.08114935676538, 14.635563171741097 ], [ 121.081118887781003, 14.635553822093627 ], [ 121.081086652727237, 14.635546583402579 ], [ 121.081053070183899, 14.635541030760631 ], [ 121.081012967787629, 14.635536281085802 ], [ 121.080971967204718, 14.63553299523408 ], [ 121.080930457333778, 14.635530959521205 ], [ 121.080891962932512, 14.635530110824433 ], [ 121.080853609988011, 14.635530286282686 ], [ 121.080815694388377, 14.635531614853956 ], [ 121.080778545433674, 14.635534332409282 ], [ 121.080737710110526, 14.635539580671132 ], [ 121.080710295075079, 14.635545033549379 ], [ 121.080684312755679, 14.635552341796016 ], [ 121.080670451962504, 14.635557431063424 ], [ 121.080651787119763, 14.635566138925473 ], [ 121.080636925700261, 14.635575185402859 ], [ 121.08062437634473, 14.635584869075847 ], [ 121.080615597490038, 14.635593392089751 ], [ 121.080615603538917, 14.635611431258766 ], [ 121.080599556792791, 14.635611436359216 ], [ 121.080588054085979, 14.635627107053107 ], [ 121.080572048453462, 14.63565235115388 ], [ 121.080541792092006, 14.635703826207246 ], [ 121.080530368732454, 14.635724911273956 ], [ 121.080523757567804, 14.635739093747716 ], [ 121.080516225587417, 14.635759262006475 ], [ 121.080509593101212, 14.635784646641872 ], [ 121.080507145140103, 14.635798353750539 ], [ 121.080504499567212, 14.635823042870989 ], [ 121.080503991277425, 14.635847868902664 ], [ 121.080505278598892, 14.635869002737843 ], [ 121.080508234138136, 14.635889779808302 ], [ 121.080512875446445, 14.635909569472021 ], [ 121.080518983583602, 14.635927505980947 ], [ 121.080527967521405, 14.635946467507123 ], [ 121.080539183322713, 14.635964082839033 ], [ 121.080553733967136, 14.635982341993705 ], [ 121.080576102074801, 14.636005878177652 ], [ 121.080590757092722, 14.636019073823341 ], [ 121.080600774889334, 14.636026949977991 ], [ 121.080610053380866, 14.636033388566737 ], [ 121.080623771466691, 14.636041510310564 ], [ 121.080641175243471, 14.636049848604355 ], [ 121.080661221671193, 14.636057418845512 ], [ 121.080692329249402, 14.636066130384497 ], [ 121.080725146626534, 14.636072585906366 ], [ 121.080759505554198, 14.636077347935668 ], [ 121.080892770019886, 14.636091179767364 ], [ 121.080899342378075, 14.636091925980075 ], [ 121.080899180607915, 14.635611340941507 ], [ 121.081228912168342, 14.635611235490162 ], [ 121.081226327847475, 14.635608866739823 ] ] ], [ [ [ 121.078346269710025, 14.633405461463198 ], [ 121.078346269003376, 14.633403287136785 ], [ 121.078339786900159, 14.633403289133783 ], [ 121.078346269710025, 14.633405461463198 ] ] ], [ [ [ 121.078632229674511, 14.634011901957276 ], [ 121.078648839874745, 14.634013602437795 ], [ 121.078699724123297, 14.634010577413138 ], [ 121.078729167154037, 14.634011290300105 ], [ 121.078748908673717, 14.634013446776237 ], [ 121.078768791277795, 14.634017095528494 ], [ 121.078787568788229, 14.634022092525612 ], [ 121.078808126188321, 14.634029576745437 ], [ 121.078827015102334, 14.634038409983745 ], [ 121.078847677678141, 14.634049593030058 ], [ 121.078905985948794, 14.634082855147577 ], [ 121.078913641677644, 14.634087498373148 ], [ 121.078913598381746, 14.633955325300708 ], [ 121.078630023426086, 14.633955413189454 ], [ 121.078630041633062, 14.634011214070414 ], [ 121.078632229674511, 14.634011901957276 ] ] ], [ [ [ 121.077489342031555, 14.63506564547229 ], [ 121.077456887474895, 14.635075110368135 ], [ 121.07743584024017, 14.635082619858384 ], [ 121.077422822394581, 14.635088111710679 ], [ 121.077401249457466, 14.635099285896485 ], [ 121.077383954411317, 14.635110775555942 ], [ 121.0773643543899, 14.63512667613813 ], [ 121.07733439737315, 14.635153946544037 ], [ 121.077314567581979, 14.635170651327995 ], [ 121.077296817913876, 14.635183078885278 ], [ 121.077294224927513, 14.635184552653335 ], [ 121.077496165848615, 14.635332829240182 ], [ 121.07749607948702, 14.635063940121343 ], [ 121.077489342031555, 14.63506564547229 ] ] ], [ [ [ 121.077891367581117, 14.635623007888906 ], [ 121.077899706849266, 14.635612278761602 ], [ 121.07787676483936, 14.635612285785811 ], [ 121.077891367581117, 14.635623007888906 ] ] ], [ [ [ 121.078425151125515, 14.635613940393483 ], [ 121.078451744367541, 14.635623992200815 ], [ 121.078473450874512, 14.63563542971789 ], [ 121.078482414341806, 14.635641688656593 ], [ 121.078489755478614, 14.635647937819604 ], [ 121.078500764785645, 14.63566057211146 ], [ 121.078505866471176, 14.635668825282153 ], [ 121.078510285850939, 14.635678477178754 ], [ 121.078513608762108, 14.635689124945436 ], [ 121.078516170483411, 14.635706180927336 ], [ 121.078516223199273, 14.635717822889745 ], [ 121.078515012282466, 14.63572929898533 ], [ 121.078512716823582, 14.635740187758302 ], [ 121.078506271134984, 14.635758376746022 ], [ 121.078497449870113, 14.635775015249893 ], [ 121.078479261244979, 14.635801081605669 ], [ 121.07845188274591, 14.635834099316456 ], [ 121.078433362787308, 14.635852806774562 ], [ 121.0784064197844, 14.63587546077042 ], [ 121.078370703766524, 14.635901534262976 ], [ 121.078344659526067, 14.635917649230803 ], [ 121.07831860422111, 14.635929917936082 ], [ 121.078312320488436, 14.635932094846661 ], [ 121.078807850065218, 14.636295940128845 ], [ 121.078914390796214, 14.636374168217031 ], [ 121.078914231538377, 14.635888072656179 ], [ 121.078630654100209, 14.635888160558089 ], [ 121.07863056399782, 14.635612053810629 ], [ 121.078418853788563, 14.635612119209039 ], [ 121.078425151125515, 14.635613940393483 ] ] ] ] } },
{ "type": "Feature", "properties": { "subcatchme": 7, "class_id": 10.0, "class_name": "Brush/Shrubs", "nrcs_class": "open_space_good", "SOILDESC": "Marikina clay loam", "SoilSeries": "Marikina", "hsg": "D", "slope_mean": 3.7017414571168441, "area_sqm": 67.808, "site_id": 100, "land_avail": 1, "dist_drain": 983, "gi_type sg": "bioswale", "objectid": 6319, "gthcode": "8011374020010000", "globalid": "{2D677C8E-F6AE-4A01-9D11-4295800F38C5}", "st_area(shape)": 0.00011097762930813919, "reg_name": "National Capital Region (NCR)", "prov_name": "NCR, Second District", "city_name": "City of Marikina", "brgy_name": "Barangka", "reg_code": "130000000", "prov_code": "137400000", "city_code": "137402000", "brgy_code": "137402001", "psgc_10d": "1380700001", "geographic_level": "Bgy", "old_names": "", "class": "Highly Urbanized Cities (HUC)", "income_class": "", "urban_rural2015": "U", "bgypop2015": 18504, "bgypop2020": 16639, "bgyarea_sqkm": 1.32283165, "gida": "No", "gida_yr": null, "st_perimeter(shape)": 0.053297922842779719, "created_user": null, "created_date": null, "last_edited_user": "ADMIN2", "last_edited_date": 1748789491000, "gi_type_x": "Bioswale", "flood_attenuation_score_x": 40.042373385950398, "site_cost_x": 402879.06624000001, "selected": 1, "gi_type_y": "Bioswale", "flood_attenuation_score_y": 40.042373385950398, "site_cost_y": 402879.06624000001, "selected_selection": 1.0 }, "geometry": { "type": "MultiPolygon", "coordinates": [ [ [ [ 121.082661965330772, 14.641100023860233 ], [ 121.082652274756668, 14.641080308288783 ], [ 121.082627584145001, 14.641033967040443 ], [ 121.082618092222646, 14.641014142852589 ], [ 121.082607407901605, 14.640988729356801 ], [ 121.082602490607087, 14.640975773467169 ], [ 121.082602544740155, 14.641132924961461 ], [ 121.082675878241034, 14.641132901003694 ], [ 121.082661965330772, 14.641100023860233 ] ] ] ] } },
{ "type": "Feature", "properties": { "subcatchme": 7, "class_id": 14.0, "class_name": "Grassland", "nrcs_class": "open_space_poor", "SOILDESC": "Marikina clay loam", "SoilSeries": "Marikina", "hsg": "D", "slope_mean": 4.1365323066711426, "area_sqm": 3107.83, "site_id": 99, "land_avail": 1, "dist_drain": 291, "gi_type sg": "urban_fores", "objectid": 10903, "gthcode": "8011374020020000", "globalid": "{6CAD3D98-B5BD-427A-9D4D-4CB5720A2CDA}", "st_area(shape)": 6.069826435056777e-05, "reg_name": "National Capital Region (NCR)", "prov_name": "NCR, Second District", "city_name": "City of Marikina", "brgy_name": "Calumpang", "reg_code": "130000000", "prov_code": "137400000", "city_code": "137402000", "brgy_code": "137402002", "psgc_10d": "1380700002", "geographic_level": "Bgy", "old_names": "", "class": "Highly Urbanized Cities (HUC)", "income_class": "", "urban_rural2015": "U", "bgypop2015": 14857, "bgypop2020": 15602, "bgyarea_sqkm": 0.72354962, "gida": "No", "gida_yr": null, "st_perimeter(shape)": 0.045057013862396425, "created_user": null, "created_date": null, "last_edited_user": "ADMIN2", "last_edited_date": 1748789491000, "gi_type_x": "Bioswale", "flood_attenuation_score_x": 42.143473927462502, "site_cost_x": 17344252.867399998, "selected": 1, "gi_type_y": "Bioswale", "flood_attenuation_score_y": 42.143473927462502, "site_cost_y": 17344252.867399998, "selected_selection": 1.0 }, "geometry": { "type": "MultiPolygon", "coordinates": [ [ [ [ 121.083472544179457, 14.628933558780515 ], [ 121.083459060998678, 14.628900972188786 ], [ 121.083447625898884, 14.628865747356787 ], [ 121.083422722099385, 14.628776700727153 ], [ 121.083409193786608, 14.628737446207184 ], [ 121.083398117354093, 14.628712013287517 ], [ 121.083374583592715, 14.628666048638875 ], [ 121.083362684945314, 14.62864103188735 ], [ 121.083332173562027, 14.628567262375318 ], [ 121.083320858016194, 14.628541684700092 ], [ 121.08329212784534, 14.628484796643395 ], [ 121.083283313972402, 14.62846548598176 ], [ 121.083269085483565, 14.628426919743154 ], [ 121.083267926866753, 14.628422871464677 ], [ 121.082999780985759, 14.628254923711818 ], [ 121.083003626261032, 14.628270927601513 ], [ 121.083011982349021, 14.62829731595499 ], [ 121.083028803930063, 14.628342301795504 ], [ 121.083035519303536, 14.628362251284095 ], [ 121.083042308460591, 14.628386851858973 ], [ 121.083047003978024, 14.628408006535819 ], [ 121.083051214530371, 14.628431866530114 ], [ 121.083165307636648, 14.62843182905879 ], [ 121.083165403357654, 14.628707935944378 ], [ 121.083087115799785, 14.628707961662704 ], [ 121.083090661180862, 14.628721697529699 ], [ 121.083098371049886, 14.628745550182522 ], [ 121.083122003622989, 14.628804288669354 ], [ 121.083132145964015, 14.628832970873193 ], [ 121.083140581890333, 14.628861284779324 ], [ 121.083166244046254, 14.628958221613177 ], [ 121.083179419597982, 14.628997587107142 ], [ 121.08319239384663, 14.629027425866054 ], [ 121.083223536883352, 14.62908915959424 ], [ 121.083255267347909, 14.629162344514958 ], [ 121.083266966545168, 14.629187243956741 ], [ 121.083279834344239, 14.629211171589096 ], [ 121.083308469746754, 14.629260102690377 ], [ 121.083449163700635, 14.6292600563166 ], [ 121.083449067620833, 14.628983949445987 ], [ 121.083497968347899, 14.62898393330836 ], [ 121.083472544179457, 14.628933558780515 ] ] ], [ [ [ 121.083504133771598, 14.629562987266585 ], [ 121.083539424032182, 14.629627480678451 ], [ 121.083558200029202, 14.629657222573996 ], [ 121.083633039069127, 14.629755713563252 ], [ 121.083686417914194, 14.629824256205142 ], [ 121.083707041641958, 14.6298537024207 ], [ 121.083744344921811, 14.629911374922663 ], [ 121.083757727393305, 14.629930016467322 ], [ 121.083770119016023, 14.629944013837646 ], [ 121.08378297296322, 14.629953720592058 ], [ 121.08379119661349, 14.629956671084093 ], [ 121.083796302461181, 14.629955259932711 ], [ 121.083800146245451, 14.629827631986354 ], [ 121.083800036127471, 14.629812154077023 ], [ 121.083732925468084, 14.629812176309715 ], [ 121.083732874588321, 14.629666506791052 ], [ 121.083729076772244, 14.629662456732721 ], [ 121.083722605554854, 14.629652970584912 ], [ 121.083716951911754, 14.629640716781187 ], [ 121.08371259367982, 14.629626033625193 ], [ 121.08370884129954, 14.629605494005489 ], [ 121.083703497889616, 14.629567333451975 ], [ 121.083700061610628, 14.629551544513877 ], [ 121.083697857763369, 14.629544325636603 ], [ 121.083694322971184, 14.629536082201547 ], [ 121.083487612723673, 14.629536150524308 ], [ 121.083504133771598, 14.629562987266585 ] ] ] ] } },
{ "type": "Feature", "properties": { "subcatchme": 9, "class_id": 17.0, "class_name": "Perennial Crop", "nrcs_class": "row_crop_good", "SOILDESC": "Marikina silt loam", "SoilSeries": "Marikina", "hsg": "B", "slope_mean": 2.7274015160167919, "area_sqm": 17085.088, "site_id": 110, "land_avail": 1, "dist_drain": 22, "gi_type sg": "urban_fores", "objectid": 10903, "gthcode": "8011374020020000", "globalid": "{6CAD3D98-B5BD-427A-9D4D-4CB5720A2CDA}", "st_area(shape)": 6.069826435056777e-05, "reg_name": "National Capital Region (NCR)", "prov_name": "NCR, Second District", "city_name": "City of Marikina", "brgy_name": "Calumpang", "reg_code": "130000000", "prov_code": "137400000", "city_code": "137402000", "brgy_code": "137402002", "psgc_10d": "1380700002", "geographic_level": "Bgy", "old_names": "", "class": "Highly Urbanized Cities (HUC)", "income_class": "", "urban_rural2015": "U", "bgypop2015": 14857, "bgypop2020": 15602, "bgyarea_sqkm": 0.72354962, "gida": "No", "gida_yr": null, "st_perimeter(shape)": 0.045057013862396425, "created_user": null, "created_date": null, "last_edited_user": "ADMIN2", "last_edited_date": 1748789491000, "gi_type_x": "Urban forest patch", "flood_attenuation_score_x": 44.080540963497903, "site_cost_x": 25251303.282880001, "selected": 0, "gi_type_y": "Urban forest patch", "flood_attenuation_score_y": 44.080540963497903, "site_cost_y": 25251303.282880001, "selected_selection": null }, "geometry": { "type": "MultiPolygon", "coordinates": [ [ [ [ 121.087541085883984, 14.625754215116133 ], [ 121.087584174739717, 14.625761606951764 ], [ 121.087636477254691, 14.625774653922491 ], [ 121.087651212750615, 14.625777683028755 ], [ 121.087674203730543, 14.625780084048312 ], [ 121.087694810389621, 14.625779374804701 ], [ 121.087708321497516, 14.625777389110949 ], [ 121.087727110163215, 14.62577279886953 ], [ 121.087845818273792, 14.625733039482459 ], [ 121.087870665745669, 14.625723297207001 ], [ 121.087890703749025, 14.625714193234108 ], [ 121.08796061591157, 14.625677552297438 ], [ 121.08804362608933, 14.625639252989879 ], [ 121.088061010449891, 14.625630165176647 ], [ 121.088079548199147, 14.625619284830291 ], [ 121.08817184861725, 14.625556238609841 ], [ 121.08823253036887, 14.625513615177276 ], [ 121.088258737108802, 14.625497805655804 ], [ 121.088323483876337, 14.625461950003558 ], [ 121.088345430090982, 14.625447694230642 ], [ 121.08836629676675, 14.625431309492422 ], [ 121.088383933586073, 14.62541492535934 ], [ 121.088405794045684, 14.625392132428969 ], [ 121.088424820706663, 14.625369690378665 ], [ 121.088437146238675, 14.625352087834099 ], [ 121.088448595668353, 14.625331156060707 ], [ 121.088454298831778, 14.625318086407558 ], [ 121.088464144686156, 14.625288872525573 ], [ 121.088471570593256, 14.625257446384879 ], [ 121.088476975531876, 14.625224678821455 ], [ 121.08848081815789, 14.625191086906387 ], [ 121.088483505463728, 14.625156722779709 ], [ 121.08848566455066, 14.625113042487625 ], [ 121.088486884214447, 14.625068738156592 ], [ 121.088487615289495, 14.624979009335792 ], [ 121.088484202602643, 14.624549393590472 ], [ 121.088484362513526, 14.624481153926668 ], [ 121.088477197038088, 14.624481633745106 ], [ 121.088455342384847, 14.624481139934447 ], [ 121.088153005852959, 14.624470406343448 ], [ 121.088043939892586, 14.624467365867565 ], [ 121.087955189150208, 14.624466606756132 ], [ 121.087912843748526, 14.624467385234475 ], [ 121.087871562903445, 14.624469341843396 ], [ 121.087838772452002, 14.624472154360129 ], [ 121.087807291085156, 14.624476416323382 ], [ 121.087770157696369, 14.624484516035695 ], [ 121.08773671697206, 14.62449672359161 ], [ 121.087719545395302, 14.624506221613455 ], [ 121.087705790138898, 14.624516584511793 ], [ 121.087695540016966, 14.624526880387592 ], [ 121.08768530546682, 14.624540630370159 ], [ 121.087678730213483, 14.624552158344281 ], [ 121.087670196449324, 14.624571962684271 ], [ 121.087662508083838, 14.624597568551559 ], [ 121.087656910815255, 14.624624989966243 ], [ 121.087652939412521, 14.624653612201698 ], [ 121.087650177459736, 14.624683292668411 ], [ 121.087647934398404, 14.624722075946167 ], [ 121.087646649276408, 14.624761702115171 ], [ 121.087643848685673, 14.624922335256271 ], [ 121.087642112276143, 14.624961664917876 ], [ 121.087639223846551, 14.625000056108613 ], [ 121.087636474070337, 14.625024469852249 ], [ 121.087632852429778, 14.625048175159744 ], [ 121.087627205793552, 14.625074864160787 ], [ 121.087619684349804, 14.625100053879414 ], [ 121.087614441348677, 14.625113461657561 ], [ 121.087605457161885, 14.625131472948052 ], [ 121.087599167937171, 14.62514147780268 ], [ 121.087589879710237, 14.625153549222381 ], [ 121.087582135871799, 14.625161868464456 ], [ 121.087572601421044, 14.625170648357956 ], [ 121.087561667924035, 14.625179364350558 ], [ 121.087546656087483, 14.625189818133167 ], [ 121.087431921314121, 14.625258646213169 ], [ 121.087398173566854, 14.625275104041965 ], [ 121.087316335144223, 14.625309926231415 ], [ 121.087296181219813, 14.625319772054196 ], [ 121.087234139860399, 14.625352515555056 ], [ 121.087153263682225, 14.625388428225794 ], [ 121.087127694286963, 14.625400834055945 ], [ 121.087098295436917, 14.625417638422292 ], [ 121.087044423127168, 14.625452438914166 ], [ 121.086971139425827, 14.625498468533582 ], [ 121.086954487853163, 14.625508245483724 ], [ 121.086933926200913, 14.625518870535236 ], [ 121.086914776529198, 14.625527423226107 ], [ 121.086827029424299, 14.625560546525923 ], [ 121.086802711082385, 14.625571346757811 ], [ 121.086784798989484, 14.625581245283428 ], [ 121.086774400609002, 14.625588288343003 ], [ 121.086762049163767, 14.625598688005272 ], [ 121.086752554431527, 14.625609091247465 ], [ 121.086746176029607, 14.625617920518048 ], [ 121.086740152724545, 14.625628292625734 ], [ 121.086732633788955, 14.625645892969628 ], [ 121.086726641034332, 14.625668380456686 ], [ 121.08672365700221, 14.625691966261513 ], [ 121.08672339638224, 14.625712622919083 ], [ 121.086725253470945, 14.625733416259449 ], [ 121.086727652435613, 14.625746940996702 ], [ 121.086730902116187, 14.625759865428288 ], [ 121.086736843571643, 14.625777048557856 ], [ 121.086743073289881, 14.625790740314132 ], [ 121.08675090235738, 14.62580483741587 ], [ 121.086772950172218, 14.625837472510987 ], [ 121.086800021146331, 14.625873194360647 ], [ 121.086822854643543, 14.625899345463715 ], [ 121.086889926194203, 14.625967688977351 ], [ 121.086926504060187, 14.62600178811107 ], [ 121.087030699084792, 14.62609193390824 ], [ 121.08708196510436, 14.626132391045669 ], [ 121.087124553819706, 14.626164099498739 ], [ 121.087144544318306, 14.62617763313423 ], [ 121.087160991176532, 14.626186246792956 ], [ 121.087168386450159, 14.62618828122147 ], [ 121.087170226979865, 14.626187416121859 ], [ 121.08720154807321, 14.626115423535378 ], [ 121.087216233727347, 14.626073628262972 ], [ 121.087226897727504, 14.626036238988103 ], [ 121.087261525984118, 14.625894015538019 ], [ 121.087272413429517, 14.625857936665035 ], [ 121.08728475505022, 14.625827344404501 ], [ 121.08729511213717, 14.625809315487405 ], [ 121.087302615024029, 14.625799351336431 ], [ 121.087310243239713, 14.625791098032987 ], [ 121.08731750333115, 14.625784627437056 ], [ 121.087325589599715, 14.625778675124 ], [ 121.087341455079681, 14.625769753832769 ], [ 121.087354087856056, 14.62576448409677 ], [ 121.087367831782316, 14.625760049473785 ], [ 121.08738983573663, 14.62575499765593 ], [ 121.087412893104073, 14.625751660688755 ], [ 121.087444617014199, 14.625749421487059 ], [ 121.087464768263999, 14.625749106156951 ], [ 121.087485010621123, 14.625749523578014 ], [ 121.087513280135184, 14.625751243174122 ], [ 121.087541085883984, 14.625754215116133 ] ] ] ] } },
{ "type": "Feature", "properties": { "subcatchme": 5, "class_id": 17.0, "class_name": "Perennial Crop", "nrcs_class": "row_crop_good", "SOILDESC": "Marikina silt loam", "SoilSeries": "Marikina", "hsg": "B", "slope_mean": 3.5179744760195408, "area_sqm": 4831.296, "site_id": 81, "land_avail": 1, "dist_drain": 347, "gi_type sg": "urban_fores", "objectid": 13140, "gthcode": "8011374020120000", "globalid": "{F7872459-A149-4447-8D8B-882E4C45C203}", "st_area(shape)": 0.00016667137626917653, "reg_name": "National Capital Region (NCR)", "prov_name": "NCR, Second District", "city_name": "City of Marikina", "brgy_name": "Concepcion Dos", "reg_code": "130000000", "prov_code": "137400000", "city_code": "137402000", "brgy_code": "137402012", "psgc_10d": "1380700012", "geographic_level": "Bgy", "old_names": "", "class": "Highly Urbanized Cities (HUC)", "income_class": "", "urban_rural2015": "U", "bgypop2015": 25637, "bgypop2020": 24023, "bgyarea_sqkm": 1.98665444, "gida": "No", "gida_yr": null, "st_perimeter(shape)": 0.068695804100978336, "created_user": null, "created_date": null, "last_edited_user": "ADMIN2", "last_edited_date": 1748789492000, "gi_type_x": "Urban forest patch", "flood_attenuation_score_x": 36.371655710563502, "site_cost_x": 7158456.8569600005, "selected": 1, "gi_type_y": "Urban forest patch", "flood_attenuation_score_y": 36.371655710563502, "site_cost_y": 7158456.8569600005, "selected_selection": 1.0 }, "geometry": { "type": "MultiPolygon", "coordinates": [ [ [ [ 121.110013192880004, 14.637083352542236 ], [ 121.110012333108699, 14.63708650841477 ], [ 121.110005000039308, 14.637124820802761 ], [ 121.110000180789854, 14.637160386411148 ], [ 121.109989280993744, 14.637270087165565 ], [ 121.109985067373046, 14.637306140275919 ], [ 121.109978757523336, 14.63734592499411 ], [ 121.109969879159891, 14.63738357053926 ], [ 121.109965645384634, 14.63739694193681 ], [ 121.10996093020087, 14.637409517767406 ], [ 121.109953276059215, 14.637426143702193 ], [ 121.10994578743589, 14.637439157910636 ], [ 121.109936817605472, 14.637451935969821 ], [ 121.10992915416098, 14.637461303154335 ], [ 121.109915859030963, 14.637475596875648 ], [ 121.109878489768292, 14.637512644170476 ], [ 121.109867260482275, 14.637525669573462 ], [ 121.109858820897642, 14.637537333129663 ], [ 121.109850519306377, 14.637551524604973 ], [ 121.109845141229556, 14.637562927444105 ], [ 121.10984036890865, 14.637575562452451 ], [ 121.109834310875456, 14.637601656052601 ], [ 121.10983149274017, 14.637631369148012 ], [ 121.109832122532623, 14.637668264081999 ], [ 121.109836695238727, 14.637706783385642 ], [ 121.109840260251389, 14.637725544626143 ], [ 121.10984660626734, 14.637751437103988 ], [ 121.109853002480307, 14.637772552929345 ], [ 121.109881498467402, 14.637850039658669 ], [ 121.109892040688564, 14.637882662768318 ], [ 121.109898679598516, 14.637908062385701 ], [ 121.109902472939083, 14.637928450367143 ], [ 121.10990253833225, 14.637939346137671 ], [ 121.10990148636705, 14.637940577498743 ], [ 121.109925256337064, 14.637940770505274 ], [ 121.109928462048615, 14.637940796534707 ], [ 121.109931385612924, 14.63794082027314 ], [ 121.110071167263158, 14.637941955214306 ], [ 121.110075515485462, 14.637941990517858 ], [ 121.110079432133873, 14.637942022317349 ], [ 121.110087109507404, 14.637942084650215 ], [ 121.110084959192776, 14.637938258918426 ], [ 121.110085629132655, 14.637933622855078 ], [ 121.110088985261484, 14.637928007279863 ], [ 121.110093834106664, 14.637922909906765 ], [ 121.110105914323455, 14.637914137076196 ], [ 121.110127449775533, 14.637903212438495 ], [ 121.110141373953795, 14.637897512762994 ], [ 121.110171114747047, 14.637886994536389 ], [ 121.110281001573824, 14.637852034282815 ], [ 121.110323870853534, 14.6378358424239 ], [ 121.110352293686432, 14.637823256607474 ], [ 121.110413892953076, 14.637793268769462 ], [ 121.110459988284788, 14.637772015129549 ], [ 121.110487322117436, 14.637758697479329 ], [ 121.110512128769557, 14.637744591150593 ], [ 121.110531227322141, 14.637731327746291 ], [ 121.110547872588484, 14.63771731783652 ], [ 121.110568899846712, 14.637696363163037 ], [ 121.110589791063504, 14.63767265103823 ], [ 121.110604190902606, 14.637653563875537 ], [ 121.110615076336046, 14.637635706164392 ], [ 121.110622943333325, 14.637619257252577 ], [ 121.110630317712065, 14.637599202115547 ], [ 121.110634480131992, 14.637584620946036 ], [ 121.110640107986171, 14.637557808076863 ], [ 121.110643752104892, 14.637530153106811 ], [ 121.110645974154693, 14.637489825482332 ], [ 121.110645447107387, 14.637457283682648 ], [ 121.11064332333649, 14.637428891456 ], [ 121.110639561103511, 14.637400851033673 ], [ 121.110633300983196, 14.637370552727756 ], [ 121.110630564116349, 14.637361131813934 ], [ 121.110138868976406, 14.637361130279464 ], [ 121.110138868976094, 14.637083352501341 ], [ 121.110013192880004, 14.637083352542236 ] ] ] ] } },
{ "type": "Feature", "properties": { "subcatchme": 6, "class_id": 10.0, "class_name": "Brush/Shrubs", "nrcs_class": "open_space_good", "SOILDESC": "Marikina silt loam", "SoilSeries": "Marikina", "hsg": "B", "slope_mean": 3.3347974568605419, "area_sqm": 7737.719, "site_id": 89, "land_avail": 1, "dist_drain": 720, "gi_type sg": "urban_fores", "objectid": 13140, "gthcode": "8011374020120000", "globalid": "{F7872459-A149-4447-8D8B-882E4C45C203}", "st_area(shape)": 0.00016667137626917653, "reg_name": "National Capital Region (NCR)", "prov_name": "NCR, Second District", "city_name": "City of Marikina", "brgy_name": "Concepcion Dos", "reg_code": "130000000", "prov_code": "137400000", "city_code": "137402000", "brgy_code": "137402012", "psgc_10d": "1380700012", "geographic_level": "Bgy", "old_names": "", "class": "Highly Urbanized Cities (HUC)", "income_class": "", "urban_rural2015": "U", "bgypop2015": 25637, "bgypop2020": 24023, "bgyarea_sqkm": 1.98665444, "gida": "No", "gida_yr": null, "st_perimeter(shape)": 0.068695804100978336, "created_user": null, "created_date": null, "last_edited_user": "ADMIN2", "last_edited_date": 1748789492000, "gi_type_x": "Bioswale", "flood_attenuation_score_x": 44.078130389062203, "site_cost_x": 43145605.688819997, "selected": 0, "gi_type_y": "Bioswale", "flood_attenuation_score_y": 44.078130389062203, "site_cost_y": 43145605.688819997, "selected_selection": null }, "geometry": { "type": "MultiPolygon", "coordinates": [ [ [ [ 121.118334646113126, 14.642141353309301 ], [ 121.11833468743086, 14.642222940090402 ], [ 121.118051102189142, 14.642223076057613 ], [ 121.118050938902257, 14.641899823365392 ], [ 121.117977214688835, 14.641864146341003 ], [ 121.117929285232279, 14.64183998901385 ], [ 121.117908205604152, 14.641830437895241 ], [ 121.11788378881586, 14.641821355025868 ], [ 121.11785283483637, 14.641812584388131 ], [ 121.117821868779075, 14.641806100067082 ], [ 121.117790054945317, 14.641801177747858 ], [ 121.117757665827611, 14.641797537672497 ], [ 121.117698457986336, 14.641793599343186 ], [ 121.117636866930468, 14.641792660155648 ], [ 121.117605505197673, 14.641793496373628 ], [ 121.117575214917125, 14.641795384149809 ], [ 121.117546141641796, 14.641798561437295 ], [ 121.117519121180038, 14.641803304306563 ], [ 121.11749479898252, 14.641810006580153 ], [ 121.117477607617715, 14.641817205742912 ], [ 121.117468078667187, 14.641822758852053 ], [ 121.117457441941596, 14.64183140818999 ], [ 121.117452672250351, 14.641836808208213 ], [ 121.117448591468445, 14.641842839175043 ], [ 121.117443702604874, 14.641853720209307 ], [ 121.117440704860385, 14.641868690522129 ], [ 121.117441102795766, 14.641887973755612 ], [ 121.117449684518988, 14.641941538122291 ], [ 121.117454169586949, 14.641977432302488 ], [ 121.117459404675287, 14.642043343364435 ], [ 121.117463157512148, 14.642135893210162 ], [ 121.117466571772752, 14.642299443979832 ], [ 121.117470269644869, 14.64237929065756 ], [ 121.117473786080424, 14.642417638741597 ], [ 121.117479911747168, 14.642458482324994 ], [ 121.117486161791135, 14.642485512613678 ], [ 121.117494551519826, 14.642510673238821 ], [ 121.117503709741897, 14.642530076138927 ], [ 121.117510690128029, 14.642541353223818 ], [ 121.117517925444034, 14.64255081950362 ], [ 121.117528507712677, 14.642561717242636 ], [ 121.117542209511655, 14.642572307646203 ], [ 121.117553715178246, 14.642579200326308 ], [ 121.117566634369695, 14.642585455567488 ], [ 121.117592831943611, 14.642594923408749 ], [ 121.117621150814813, 14.64260206595779 ], [ 121.117651052213262, 14.642607475312573 ], [ 121.117687192874044, 14.642612246494698 ], [ 121.117835977943585, 14.642626870203925 ], [ 121.117875849164477, 14.642632826487919 ], [ 121.117898793964699, 14.642637442109985 ], [ 121.117920852699854, 14.642643102496763 ], [ 121.117946973977737, 14.642652050946667 ], [ 121.117958520589823, 14.642657084078557 ], [ 121.117972905707617, 14.642664612751405 ], [ 121.117993785277761, 14.642678691712531 ], [ 121.118012492246308, 14.642694473789476 ], [ 121.118049982583912, 14.642729051568802 ], [ 121.118072040100287, 14.642745954242709 ], [ 121.118084938001971, 14.642753837793764 ], [ 121.118095830656983, 14.642759474740213 ], [ 121.118115135938737, 14.642767686645389 ], [ 121.118129303811756, 14.642772610831711 ], [ 121.118167177846544, 14.642782670086541 ], [ 121.118207239549591, 14.642790240099389 ], [ 121.11835325861054, 14.642810540002719 ], [ 121.118390389481846, 14.642817189793712 ], [ 121.118421924429612, 14.642824466702264 ], [ 121.118443064371348, 14.64283055159342 ], [ 121.11846023837775, 14.642836385715416 ], [ 121.118520378204309, 14.642860594692145 ], [ 121.11855153579927, 14.642871523188528 ], [ 121.118590360250508, 14.642882683567235 ], [ 121.118679668662153, 14.642905076879499 ], [ 121.118702907439612, 14.642911579969795 ], [ 121.118728561163152, 14.642919948257097 ], [ 121.118431071370551, 14.642538089719574 ], [ 121.118434119827313, 14.642224479698177 ], [ 121.118426008063423, 14.642218701767588 ], [ 121.118406207395878, 14.642202952452863 ], [ 121.118356397919086, 14.642161090529633 ], [ 121.118334646113126, 14.642141353309301 ] ], [ [ 121.117660409785643, 14.642072234594096 ], [ 121.117660801368487, 14.642047119697622 ], [ 121.117662147707037, 14.642030097225346 ], [ 121.117665104698872, 14.642014680139852 ], [ 121.117667348244282, 14.642007925790105 ], [ 121.117673303034707, 14.64199700276362 ], [ 121.117680925988637, 14.641989321326648 ], [ 121.117691540218942, 14.641983417305608 ], [ 121.117705511090662, 14.64197944005832 ], [ 121.117721826518633, 14.641977430199306 ], [ 121.117756947386738, 14.641977150339246 ], [ 121.117849382580644, 14.641981357393673 ], [ 121.117848537422105, 14.64198315619608 ], [ 121.117848841840569, 14.64199240735535 ], [ 121.117852389273864, 14.642007764988836 ], [ 121.117855585425886, 14.642016426811574 ], [ 121.117863559435818, 14.642031677457474 ], [ 121.117871618115231, 14.642042661409755 ], [ 121.117881998994761, 14.642053664142809 ], [ 121.117911926359838, 14.642079087508218 ], [ 121.117923670161218, 14.642091032096692 ], [ 121.117929888757331, 14.642100538942712 ], [ 121.117932703879887, 14.642106318422936 ], [ 121.117935233773977, 14.642112782425613 ], [ 121.117939254512663, 14.64212738837419 ], [ 121.117942873724019, 14.64215206758292 ], [ 121.1179444372804, 14.642176710284954 ], [ 121.117944942517568, 14.642214428524344 ], [ 121.117943469652289, 14.642254661189298 ], [ 121.11794112785492, 14.642276087588389 ], [ 121.117937931277211, 14.642292063049211 ], [ 121.117933247940215, 14.642306163009739 ], [ 121.117927129875753, 14.642317619726407 ], [ 121.117923702820576, 14.642322204610313 ], [ 121.117916151907821, 14.64232960106103 ], [ 121.117906210407014, 14.642335964200509 ], [ 121.117893364897469, 14.642341091057153 ], [ 121.117878293805958, 14.64234455694538 ], [ 121.117861849163688, 14.642346368755902 ], [ 121.11783623130917, 14.642346306157791 ], [ 121.117819482618842, 14.642344480733946 ], [ 121.117803829988858, 14.642341149534923 ], [ 121.117790112410049, 14.642336324769103 ], [ 121.117784232608713, 14.64233345398325 ], [ 121.117774537433903, 14.642327156148541 ], [ 121.117762199560374, 14.642315213977021 ], [ 121.117736034682224, 14.642284946343995 ], [ 121.117724695727645, 14.642274398560868 ], [ 121.117713359464801, 14.64226614625434 ], [ 121.117697608886075, 14.642257869086979 ], [ 121.11768865463371, 14.64225448361386 ], [ 121.117672778517914, 14.642250584868924 ], [ 121.117663248216459, 14.642250093877275 ], [ 121.117661442021188, 14.642250954071033 ], [ 121.11766147622653, 14.642162966116361 ], [ 121.117660409785643, 14.642072234594096 ] ] ] ] } },
{ "type": "Feature", "properties": { "subcatchme": 6, "class_id": 10.0, "class_name": "Brush/Shrubs", "nrcs_class": "open_space_good", "SOILDESC": "Antipolo clay loam", "SoilSeries": "Antipolo", "hsg": "D", "slope_mean": 1.865856792245592, "area_sqm": 12169.811, "site_id": 90, "land_avail": 1, "dist_drain": 715, "gi_type sg": "urban_fores", "objectid": 13140, "gthcode": "8011374020120000", "globalid": "{F7872459-A149-4447-8D8B-882E4C45C203}", "st_area(shape)": 0.00016667137626917653, "reg_name": "National Capital Region (NCR)", "prov_name": "NCR, Second District", "city_name": "City of Marikina", "brgy_name": "Concepcion Dos", "reg_code": "130000000", "prov_code": "137400000", "city_code": "137402000", "brgy_code": "137402012", "psgc_10d": "1380700012", "geographic_level": "Bgy", "old_names": "", "class": "Highly Urbanized Cities (HUC)", "income_class": "", "urban_rural2015": "U", "bgypop2015": 25637, "bgypop2020": 24023, "bgyarea_sqkm": 1.98665444, "gida": "No", "gida_yr": null, "st_perimeter(shape)": 0.068695804100978336, "created_user": null, "created_date": null, "last_edited_user": "ADMIN2", "last_edited_date": 1748789492000, "gi_type_x": "Bioswale", "flood_attenuation_score_x": 47.793356325416397, "site_cost_x": 67844679.344579995, "selected": 0, "gi_type_y": "Bioswale", "flood_attenuation_score_y": 47.793356325416397, "site_cost_y": 67844679.344579995, "selected_selection": null }, "geometry": { "type": "MultiPolygon", "coordinates": [ [ [ [ 121.119513453926174, 14.642880724486258 ], [ 121.119513141180605, 14.64286111839292 ], [ 121.119511825306844, 14.642834512989797 ], [ 121.119509162401144, 14.642803249756069 ], [ 121.119504774158003, 14.64276880593347 ], [ 121.119497725860711, 14.642730203369725 ], [ 121.119491220686982, 14.642703454814956 ], [ 121.119484667830903, 14.64268142873278 ], [ 121.119477545889183, 14.642660829549493 ], [ 121.119453789998815, 14.64259804570079 ], [ 121.119447060222612, 14.642577174954306 ], [ 121.119440947224092, 14.642554400528379 ], [ 121.119436013581378, 14.642531127740412 ], [ 121.119430752649009, 14.64249888375755 ], [ 121.119418008015131, 14.642400392410853 ], [ 121.119412729343722, 14.642368160936662 ], [ 121.11940406253818, 14.642329745919287 ], [ 121.119397871977569, 14.64230942899362 ], [ 121.11939179484574, 14.642293009839365 ], [ 121.119364538961605, 14.642230092870877 ], [ 121.119358330310632, 14.642211680847216 ], [ 121.119352386828737, 14.642189601849859 ], [ 121.119347335441844, 14.642165661162016 ], [ 121.119341937981901, 14.64213255753817 ], [ 121.11932895198089, 14.642031353070184 ], [ 121.119323507050794, 14.641998265329676 ], [ 121.11931647097569, 14.641966726364346 ], [ 121.119308108124471, 14.641939586846396 ], [ 121.119299946462107, 14.641919225071343 ], [ 121.119279876196956, 14.641876408943498 ], [ 121.119269604274962, 14.641851310870951 ], [ 121.119258950583514, 14.641818951007563 ], [ 121.119239874075731, 14.641751897821223 ], [ 121.119231207565932, 14.641726518108291 ], [ 121.119219775742337, 14.641701271487385 ], [ 121.119213276920149, 14.641690332715799 ], [ 121.119206609775446, 14.641681064471776 ], [ 121.119196784887308, 14.641670163887685 ], [ 121.119188724171991, 14.641663004515571 ], [ 121.11917325342111, 14.641652168556355 ], [ 121.119161240952621, 14.641645492368296 ], [ 121.119141619675574, 14.641636571290489 ], [ 121.119094588523325, 14.641619282521253 ], [ 121.119069832736415, 14.64160782385661 ], [ 121.119055287160677, 14.641599303477076 ], [ 121.11904154441514, 14.641589593056025 ], [ 121.119023701857259, 14.641573563199456 ], [ 121.119010558017081, 14.641557949075381 ], [ 121.118999404707296, 14.641540538170567 ], [ 121.118992059474294, 14.64152588728831 ], [ 121.118985458811935, 14.641509476548855 ], [ 121.118979907188987, 14.641492065733205 ], [ 121.118973089377818, 14.641462476954798 ], [ 121.118968935628899, 14.641433961642589 ], [ 121.118966867158065, 14.64140799541711 ], [ 121.118966356512701, 14.641382428576383 ], [ 121.11896715450716, 14.641364931715952 ], [ 121.118968540783115, 14.64135779989272 ], [ 121.118962832656507, 14.641356676518393 ], [ 121.11894846577006, 14.641355831995638 ], [ 121.118927288551376, 14.641355765658771 ], [ 121.11889839382124, 14.641357278101852 ], [ 121.118866069852174, 14.641361240831539 ], [ 121.118832864770923, 14.641368498638712 ], [ 121.118809726734, 14.641376324018513 ], [ 121.118796345129127, 14.641382391894933 ], [ 121.118785323650911, 14.641388601754596 ], [ 121.11877173266906, 14.64139843284728 ], [ 121.118762597466699, 14.641407016670463 ], [ 121.11875020158935, 14.641422991894391 ], [ 121.118743767972575, 14.641435105807833 ], [ 121.118739171929036, 14.641447903330237 ], [ 121.118735907540042, 14.641467485925091 ], [ 121.118736058823231, 14.641480113966505 ], [ 121.11873902658796, 14.641496949013007 ], [ 121.118743799296993, 14.641510348235302 ], [ 121.118750949819386, 14.641523992609534 ], [ 121.118815648862281, 14.641626334464631 ], [ 121.118828192798404, 14.641647532372936 ], [ 121.118840426814501, 14.641672528834915 ], [ 121.118850182752894, 14.641699350668192 ], [ 121.118854512844152, 14.641714694738431 ], [ 121.118860445721495, 14.641741711599655 ], [ 121.118864792007201, 14.641769525371934 ], [ 121.118867798578393, 14.64179792115738 ], [ 121.118869698943357, 14.641828034112248 ], [ 121.118870450978747, 14.641858381790099 ], [ 121.118870117466855, 14.641888785761182 ], [ 121.118868691564131, 14.641919068840476 ], [ 121.118866244472613, 14.64194773865292 ], [ 121.118862617734223, 14.64197596152775 ], [ 121.118857641246095, 14.642003548115467 ], [ 121.118854015902343, 14.642019306852559 ], [ 121.118845907061413, 14.642047072361059 ], [ 121.118835847955339, 14.642073435792929 ], [ 121.118810083479332, 14.642132802755297 ], [ 121.118778858810444, 14.642218676956396 ], [ 121.118766469071545, 14.642248076126533 ], [ 121.118757080131573, 14.642265837912124 ], [ 121.118750239866358, 14.64227643570266 ], [ 121.118739452434511, 14.642289698293457 ], [ 121.118729176719214, 14.642299118775272 ], [ 121.118718499205713, 14.642306348998767 ], [ 121.118709555293535, 14.642310891104628 ], [ 121.118699420836336, 14.642314740370951 ], [ 121.11868845631507, 14.642317639439563 ], [ 121.118671093499799, 14.642320016845966 ], [ 121.118653441558934, 14.642320053078581 ], [ 121.118631454901461, 14.642317043061098 ], [ 121.118609182321549, 14.642310663458387 ], [ 121.118583794167748, 14.642300209986541 ], [ 121.118502820383782, 14.642263554620238 ], [ 121.118464105353894, 14.642243822408455 ], [ 121.118443584462824, 14.642231221266098 ], [ 121.118434119827313, 14.642224479698177 ], [ 121.118431071370551, 14.642538089719574 ], [ 121.118728561163152, 14.642919948257097 ], [ 121.118735798784073, 14.642922309181083 ], [ 121.118799898389028, 14.642946627823639 ], [ 121.118822661307902, 14.642953313222867 ], [ 121.118843624917034, 14.642957983231897 ], [ 121.118881597035127, 14.642963407071072 ], [ 121.118904762738609, 14.642965092708041 ], [ 121.118935471504443, 14.642965635558156 ], [ 121.11896559733934, 14.642964330097138 ], [ 121.118993106321199, 14.642961420156686 ], [ 121.119014891247517, 14.642957834953275 ], [ 121.1190541123608, 14.642949913640654 ], [ 121.11907365695285, 14.642947266461958 ], [ 121.119087865586479, 14.642946652907627 ], [ 121.119098171277471, 14.642947000093773 ], [ 121.119112954135034, 14.642948711940232 ], [ 121.119126250222351, 14.642951487199218 ], [ 121.119153593460041, 14.642960177897381 ], [ 121.119257274453332, 14.642998233010532 ], [ 121.119276030424643, 14.643005887308014 ], [ 121.119306037890894, 14.643020099581467 ], [ 121.119365020812253, 14.643051991497165 ], [ 121.119399719644278, 14.64306748700464 ], [ 121.11949602083061, 14.643105402852987 ], [ 121.119513602411843, 14.643110797371712 ], [ 121.11952109348384, 14.643111833928767 ], [ 121.119527949996453, 14.643111851380137 ], [ 121.119539173626976, 14.643109375504192 ], [ 121.119546396159464, 14.643105546051503 ], [ 121.119552457706462, 14.643100277526486 ], [ 121.119558873530465, 14.643091124046455 ], [ 121.119563728160415, 14.643078480423066 ], [ 121.119565885833396, 14.643067421825892 ], [ 121.119566797451682, 14.64305477706605 ], [ 121.119565688146352, 14.643033991502755 ], [ 121.119560128337838, 14.643005555202992 ], [ 121.119551844087127, 14.642980512961527 ], [ 121.119540562359404, 14.642955506143391 ], [ 121.119516933436273, 14.642910924310494 ], [ 121.11951263550867, 14.642901055261973 ], [ 121.119512326644568, 14.642898524148228 ], [ 121.119513126161621, 14.642893585435184 ], [ 121.119513453926174, 14.642880724486258 ] ] ] ] } },
{ "type": "Feature", "properties": { "subcatchme": 6, "class_id": 17.0, "class_name": "Perennial Crop", "nrcs_class": "row_crop_good", "SOILDESC": "Marikina silt loam", "SoilSeries": "Marikina", "hsg": "B", "slope_mean": 2.8748631477355961, "area_sqm": 2018.344, "site_id": 92, "land_avail": 1, "dist_drain": 351, "gi_type sg": "urban_fores", "objectid": 13140, "gthcode": "8011374020120000", "globalid": "{F7872459-A149-4447-8D8B-882E4C45C203}", "st_area(shape)": 0.00016667137626917653, "reg_name": "National Capital Region (NCR)", "prov_name": "NCR, Second District", "city_name": "City of Marikina", "brgy_name": "Concepcion Dos", "reg_code": "130000000", "prov_code": "137400000", "city_code": "137402000", "brgy_code": "137402012", "psgc_10d": "1380700012", "geographic_level": "Bgy", "old_names": "", "class": "Highly Urbanized Cities (HUC)", "income_class": "", "urban_rural2015": "U", "bgypop2015": 25637, "bgypop2020": 24023, "bgyarea_sqkm": 1.98665444, "gida": "No", "gida_yr": null, "st_perimeter(shape)": 0.068695804100978336, "created_user": null, "created_date": null, "last_edited_user": "ADMIN2", "last_edited_date": 1748789492000, "gi_type_x": "Urban forest patch", "flood_attenuation_score_x": 34.602021935972601, "site_cost_x": 3005105.09944, "selected": 1, "gi_type_y": "Urban forest patch", "flood_attenuation_score_y": 34.602021935972601, "site_cost_y": 3005105.09944, "selected_selection": 1.0 }, "geometry": { "type": "MultiPolygon", "coordinates": [ [ [ [ 121.110630564116349, 14.637361131813934 ], [ 121.110625958298385, 14.637345277546219 ], [ 121.110618381438954, 14.637324587744795 ], [ 121.110600092411147, 14.637280164270393 ], [ 121.110591498582394, 14.637257161729277 ], [ 121.11056020988417, 14.637157406434696 ], [ 121.110550577193109, 14.637130095562833 ], [ 121.110538580139348, 14.637102169045196 ], [ 121.110532089995644, 14.637089632384091 ], [ 121.110522550441118, 14.63707388445637 ], [ 121.110506093484943, 14.637052139328869 ], [ 121.110493686632708, 14.637038470178901 ], [ 121.110478140262614, 14.63702311631622 ], [ 121.110461885727119, 14.637008517636483 ], [ 121.11044745755305, 14.636996988352596 ], [ 121.110429166380257, 14.636984692084052 ], [ 121.110421553033362, 14.636980581655456 ], [ 121.110108253500528, 14.636980721150357 ], [ 121.110108245461973, 14.636963579987167 ], [ 121.110100748369078, 14.63696599408004 ], [ 121.110081634944265, 14.636975364110244 ], [ 121.110066165232567, 14.636985853606252 ], [ 121.110054979112874, 14.636996010968131 ], [ 121.110044436578477, 14.637008619019145 ], [ 121.11003419788679, 14.637024981779273 ], [ 121.110028137280793, 14.637037400287145 ], [ 121.110019256838797, 14.637061094200698 ], [ 121.110013192880004, 14.637083352542236 ], [ 121.110138868976094, 14.637083352501341 ], [ 121.110138868976406, 14.637361130279464 ], [ 121.110630564116349, 14.637361131813934 ] ] ] ] } },
{ "type": "Feature", "properties": { "subcatchme": 1, "class_id": 16.0, "class_name": "Annual Crop", "nrcs_class": "row_crop_good", "SOILDESC": "Quingua silt loam", "SoilSeries": "Quingua", "hsg": "B", "slope_mean": 2.5428094905719418, "area_sqm": 51483.815, "site_id": 8, "land_avail": 1, "dist_drain": 0, "gi_type sg": "urban_fores", "objectid": 13149, "gthcode": "8011374020030000", "globalid": "{9B87F3FC-9A5C-4C51-810B-555A5B31F8C4}", "st_area(shape)": 0.00019038277755213635, "reg_name": "National Capital Region (NCR)", "prov_name": "NCR, Second District", "city_name": "City of Marikina", "brgy_name": "Concepcion Uno", "reg_code": "130000000", "prov_code": "137400000", "city_code": "137402000", "brgy_code": "137402003", "psgc_10d": "1380700003", "geographic_level": "Bgy", "old_names": "", "class": "Highly Urbanized Cities (HUC)", "income_class": "", "urban_rural2015": "U", "bgypop2015": 42564, "bgypop2020": 44683, "bgyarea_sqkm": 2.26917448, "gida": "No", "gida_yr": null, "st_perimeter(shape)": 0.095319534480280577, "created_user": null, "created_date": null, "last_edited_user": "ADMIN2", "last_edited_date": 1748789492000, "gi_type_x": "Bioswale", "flood_attenuation_score_x": 59.054182806230997, "site_cost_x": 286932974.5557, "selected": 0, "gi_type_y": "Bioswale", "flood_attenuation_score_y": 59.054182806230997, "site_cost_y": 286932974.5557, "selected_selection": null }, "geometry": { "type": "MultiPolygon", "coordinates": [ [ [ [ 121.099244467023354, 14.666255461661333 ], [ 121.099251736383152, 14.666281717940704 ], [ 121.09926558860505, 14.666340525566683 ], [ 121.099274014710915, 14.666371181542926 ], [ 121.099284483054603, 14.666399795567457 ], [ 121.099289990915793, 14.666411270776143 ], [ 121.099299117738354, 14.666426133782851 ], [ 121.099308384517954, 14.666437149926541 ], [ 121.099317266812633, 14.66644485172252 ], [ 121.099324529741182, 14.666449590554718 ], [ 121.099332992418255, 14.666453746365013 ], [ 121.099342306429648, 14.666456924092079 ], [ 121.099344662537277, 14.666457402521095 ], [ 121.099344576253529, 14.666252521656697 ], [ 121.099243364043346, 14.666252562031161 ], [ 121.099244467023354, 14.666255461661333 ] ] ], [ [ [ 121.099217335862988, 14.665689504895861 ], [ 121.099216565373723, 14.665676168834613 ], [ 121.099217809554759, 14.665667640736494 ], [ 121.099222020555089, 14.665656208877994 ], [ 121.099228004330001, 14.665647388789896 ], [ 121.0992381889141, 14.66563842774282 ], [ 121.099249775809042, 14.665632194725355 ], [ 121.099259135236792, 14.665628815485686 ], [ 121.099274806697295, 14.665625261947207 ], [ 121.0992858732683, 14.665623924600864 ], [ 121.099302498348834, 14.665623352074721 ], [ 121.099317666451483, 14.665624126813801 ], [ 121.099334519162738, 14.665626220291681 ], [ 121.099372484541504, 14.665632448328573 ], [ 121.099399614578289, 14.665634410777766 ], [ 121.099428070771395, 14.665632866821079 ], [ 121.099477095390554, 14.665625376565284 ], [ 121.099496264629209, 14.665623546983415 ], [ 121.099520646534742, 14.665623402981321 ], [ 121.09954041563546, 14.665625209419009 ], [ 121.099553564064308, 14.665627456943408 ], [ 121.09957243920644, 14.665632384720409 ], [ 121.099583895609214, 14.665636539698381 ], [ 121.099598279506324, 14.665643315887509 ], [ 121.099609976290395, 14.665650380977448 ], [ 121.099618246292806, 14.665656315512935 ], [ 121.099634447868837, 14.665670182635283 ], [ 121.099651100746613, 14.665687259819933 ], [ 121.099658426425208, 14.665695805590889 ], [ 121.099668878826932, 14.665709918497765 ], [ 121.099676699220055, 14.665723205575832 ], [ 121.09968241433873, 14.665735944053996 ], [ 121.099687498086524, 14.665751925312186 ], [ 121.099690036061403, 14.665763864230028 ], [ 121.099691716652757, 14.665776407046094 ], [ 121.099692549677229, 14.665795731620483 ], [ 121.099690757638371, 14.665820955852794 ], [ 121.099686779190336, 14.665842554583854 ], [ 121.099681029594763, 14.665863395978601 ], [ 121.099664732816223, 14.665914564663778 ], [ 121.099658699445243, 14.665938707710112 ], [ 121.099654628968693, 14.665959459812207 ], [ 121.099652253478723, 14.66597629273009 ], [ 121.099911691918507, 14.665976188694961 ], [ 121.099911765503563, 14.666149858748513 ], [ 121.099945463927313, 14.66613746202985 ], [ 121.099974003069946, 14.666125343444486 ], [ 121.100028206166101, 14.666100274833781 ], [ 121.100049994075334, 14.666091784569501 ], [ 121.100070894807146, 14.666084984221813 ], [ 121.100110247968331, 14.666074871715786 ], [ 121.100151469832511, 14.666066690352464 ], [ 121.100235219179865, 14.666052751190536 ], [ 121.100276592950934, 14.666045145807365 ], [ 121.100300623357938, 14.666039912758396 ], [ 121.100341778057484, 14.66602864734207 ], [ 121.100414976203965, 14.666003645356295 ], [ 121.10044988490634, 14.665994904441288 ], [ 121.100483211885404, 14.665989058739367 ], [ 121.100493728541437, 14.665987752140893 ], [ 121.099868754488796, 14.665384311648907 ], [ 121.098930338958809, 14.663547534912114 ], [ 121.099116788076586, 14.662663234932488 ], [ 121.098775841428832, 14.66266337039673 ], [ 121.098775725896004, 14.662387264430702 ], [ 121.099175007877776, 14.662387105741805 ], [ 121.099197367766138, 14.662281055418633 ], [ 121.099279917577149, 14.662110957918541 ], [ 121.098491999361542, 14.662111270756551 ], [ 121.098491884189144, 14.661835164775157 ], [ 121.098302036212544, 14.661835239752408 ], [ 121.097999552823907, 14.662263889279474 ], [ 121.097740153410328, 14.662905712094867 ], [ 121.097610872165333, 14.66304240007797 ], [ 121.097652656224383, 14.663079895705021 ], [ 121.09766519198989, 14.663092655702282 ], [ 121.097675241932237, 14.663104220526661 ], [ 121.097690214108837, 14.663124112678194 ], [ 121.097728779994142, 14.663183285292885 ], [ 121.09774906509621, 14.663211197089534 ], [ 121.097819842704453, 14.663293979836077 ], [ 121.097867250429658, 14.66334553240508 ], [ 121.097885196640263, 14.663366309222177 ], [ 121.097940315336146, 14.663434773696135 ], [ 121.097952421233515, 14.663452061375665 ], [ 121.097964665388261, 14.663472258331606 ], [ 121.09797433210457, 14.663490366500019 ], [ 121.098009693935367, 14.663563916222419 ], [ 121.098038773059287, 14.663619418002924 ], [ 121.098052317863804, 14.663650352662454 ], [ 121.098061705828528, 14.663677416141416 ], [ 121.098068185236485, 14.663699348036632 ], [ 121.098087756088162, 14.663774510879092 ], [ 121.098098810532264, 14.663812193960311 ], [ 121.098109760635054, 14.663842395258825 ], [ 121.098136653385865, 14.663905244393732 ], [ 121.098147308510221, 14.663935636671765 ], [ 121.098157735489551, 14.663971917477967 ], [ 121.098179415959152, 14.66405400917156 ], [ 121.098190361408484, 14.664087331851821 ], [ 121.098203408106016, 14.664118334727764 ], [ 121.098237212060383, 14.664183756348242 ], [ 121.098273868269033, 14.664261048972179 ], [ 121.098287389813635, 14.664285438751 ], [ 121.098302424667708, 14.664308407625438 ], [ 121.098361294559396, 14.664387879219666 ], [ 121.09839599793176, 14.664433215049096 ], [ 121.098408295859429, 14.664450634419573 ], [ 121.098425115689935, 14.664477812926267 ], [ 121.098461026064214, 14.664541941379355 ], [ 121.098477269609361, 14.664567380040758 ], [ 121.098577343059532, 14.664700023369791 ], [ 121.098592874748064, 14.664722437802208 ], [ 121.098612436315705, 14.664756337047809 ], [ 121.098651046081841, 14.664832635267915 ], [ 121.09868527943307, 14.664891139731413 ], [ 121.098701494137487, 14.664922828220348 ], [ 121.098738433967597, 14.66500944942981 ], [ 121.098770051936924, 14.665077144930844 ], [ 121.098777926656467, 14.665097786886399 ], [ 121.098785953267125, 14.665124598824633 ], [ 121.09879116708953, 14.665147010167843 ], [ 121.098796799357658, 14.665178156602725 ], [ 121.098801217766365, 14.665210016076365 ], [ 121.098814108866179, 14.665336162297713 ], [ 121.098819254119491, 14.665377485970785 ], [ 121.098826107800406, 14.665417798811395 ], [ 121.09883082015503, 14.665438942661948 ], [ 121.098837623894255, 14.665463534114719 ], [ 121.098844339603815, 14.665483483380875 ], [ 121.098861133775102, 14.665528488287709 ], [ 121.098869479605995, 14.665554885321596 ], [ 121.098877678253046, 14.665588977165241 ], [ 121.098884433952989, 14.665627629988006 ], [ 121.09888959136525, 14.665667224054936 ], [ 121.098901114589665, 14.66578042153936 ], [ 121.098906016500536, 14.665820579239774 ], [ 121.098912362749914, 14.665859886615101 ], [ 121.098918840032624, 14.6658898217584 ], [ 121.09892609253636, 14.665915767028027 ], [ 121.098933066107151, 14.665936172066532 ], [ 121.098948310866689, 14.665976573553111 ], [ 121.099060844001272, 14.665976528803546 ], [ 121.099060728082122, 14.665700422918048 ], [ 121.099220581037329, 14.665700359259047 ], [ 121.099217335862988, 14.665689504895861 ] ], [ [ 121.099344111160079, 14.665148098111143 ], [ 121.099627726066061, 14.665147984748739 ], [ 121.099627842691035, 14.665424090642517 ], [ 121.099344227429555, 14.665424204007321 ], [ 121.099344111160079, 14.665148098111143 ] ] ], [ [ [ 121.0994242317079, 14.661813591631338 ], [ 121.09941603941968, 14.66181222363452 ], [ 121.09925849303464, 14.661793003853679 ], [ 121.099230067118029, 14.661788299823186 ], [ 121.099202437065543, 14.661782481694106 ], [ 121.099181226493442, 14.661776826313481 ], [ 121.099156926659887, 14.661768584544916 ], [ 121.099132429307332, 14.661757845104232 ], [ 121.099061430248668, 14.661719214530494 ], [ 121.099032288285585, 14.661702181595462 ], [ 121.099015618156912, 14.661691012732414 ], [ 121.099005377200413, 14.66168318596484 ], [ 121.098996208552634, 14.661675234217565 ], [ 121.098985126358485, 14.661663883319418 ], [ 121.098975885553003, 14.661652245641267 ], [ 121.098969330436802, 14.661642307219321 ], [ 121.098962875587503, 14.661630753779175 ], [ 121.098954070019587, 14.661611385687555 ], [ 121.098943361957751, 14.6615805610337 ], [ 121.098917814565866, 14.661483466860686 ], [ 121.098907775462948, 14.661452573573097 ], [ 121.098899551290884, 14.661432957196224 ], [ 121.098890236456384, 14.661415592987483 ], [ 121.098880767828689, 14.661401851408172 ], [ 121.098868062164428, 14.661387696563384 ], [ 121.098855254420172, 14.661376550246029 ], [ 121.098840200921103, 14.661365864527172 ], [ 121.09881287832782, 14.661350135146483 ], [ 121.098757093367496, 14.661322963303212 ], [ 121.098742704667885, 14.661316778082927 ], [ 121.098729381405747, 14.66131201679061 ], [ 121.098711541906056, 14.661307599922461 ], [ 121.098690519163725, 14.66130535665075 ], [ 121.098675615552466, 14.661305837227426 ], [ 121.09849692839127, 14.661559056747503 ], [ 121.098775379312769, 14.661558946493571 ], [ 121.098775494837966, 14.661835052479121 ], [ 121.099413939905787, 14.661834798419919 ], [ 121.0994242317079, 14.661813591631338 ] ] ], [ [ [ 121.099065427570409, 14.666960732619302 ], [ 121.099068304713754, 14.666987146364175 ], [ 121.099070647510871, 14.667026531238701 ], [ 121.09907042336593, 14.667037764356191 ], [ 121.099069321224832, 14.667042310049384 ], [ 121.099162144457352, 14.667043069432886 ], [ 121.099162680761637, 14.666583563199183 ], [ 121.099164307129072, 14.666447840712241 ], [ 121.099167458401098, 14.666362481937467 ], [ 121.099169637969908, 14.666330117944817 ], [ 121.09917259219651, 14.666299851479426 ], [ 121.099175844153066, 14.66627649723441 ], [ 121.09917998268584, 14.666255610146797 ], [ 121.099180870621439, 14.666252586938345 ], [ 121.099060959923079, 14.666252634682536 ], [ 121.099061245030626, 14.666931686135278 ], [ 121.099065427570409, 14.666960732619302 ] ] ] ] } },
{ "type": "Feature", "properties": { "subcatchme": 1, "class_id": 16.0, "class_name": "Annual Crop", "nrcs_class": "row_crop_good", "SOILDESC": "Marikina silt loam", "SoilSeries": "Marikina", "hsg": "B", "slope_mean": 2.3628808789783049, "area_sqm": 51635.508, "site_id": 27, "land_avail": 1, "dist_drain": 137, "gi_type sg": "urban_fores", "objectid": 13149, "gthcode": "8011374020030000", "globalid": "{9B87F3FC-9A5C-4C51-810B-555A5B31F8C4}", "st_area(shape)": 0.00019038277755213635, "reg_name": "National Capital Region (NCR)", "prov_name": "NCR, Second District", "city_name": "City of Marikina", "brgy_name": "Concepcion Uno", "reg_code": "130000000", "prov_code": "137400000", "city_code": "137402000", "brgy_code": "137402003", "psgc_10d": "1380700003", "geographic_level": "Bgy", "old_names": "", "class": "Highly Urbanized Cities (HUC)", "income_class": "", "urban_rural2015": "U", "bgypop2015": 42564, "bgypop2020": 44683, "bgyarea_sqkm": 2.26917448, "gida": "No", "gida_yr": null, "st_perimeter(shape)": 0.095319534480280577, "created_user": null, "created_date": null, "last_edited_user": "ADMIN2", "last_edited_date": 1748789492000, "gi_type_x": "Bioswale", "flood_attenuation_score_x": 59.149613178369997, "site_cost_x": 287778326.27223998, "selected": 0, "gi_type_y": "Bioswale", "flood_attenuation_score_y": 59.149613178369997, "site_cost_y": 287778326.27223998, "selected_selection": null }, "geometry": { "type": "MultiPolygon", "coordinates": [ [ [ [ 121.10075815956796, 14.665975393566351 ], [ 121.100799215301109, 14.665973448153524 ], [ 121.100839078078408, 14.665970222362613 ], [ 121.100879191824305, 14.66596469776197 ], [ 121.100905760690807, 14.665958973892421 ], [ 121.100930523736196, 14.665951238055149 ], [ 121.100943524146842, 14.665945788272934 ], [ 121.100955342377461, 14.665939638391611 ], [ 121.100965593831617, 14.665933036500638 ], [ 121.100973937323417, 14.665926471431895 ], [ 121.100980912823957, 14.665919869879078 ], [ 121.100988075429939, 14.665911701008907 ], [ 121.100995300193617, 14.665901598700032 ], [ 121.101002050297737, 14.665889916435884 ], [ 121.101008047620425, 14.665877042347741 ], [ 121.101015552381625, 14.66585610680406 ], [ 121.101021445809792, 14.665833750106623 ], [ 121.101027286555777, 14.665802323311841 ], [ 121.10103191701343, 14.665763982256617 ], [ 121.101034889296827, 14.665724161827409 ], [ 121.101036710082909, 14.665683312599297 ], [ 121.101038317030984, 14.665597500079418 ], [ 121.101037959003847, 14.665162086271062 ], [ 121.101036640205322, 14.665076459500538 ], [ 121.101033490511767, 14.664999265680377 ], [ 121.101030993330639, 14.664964822833142 ], [ 121.101027497415402, 14.664930798377265 ], [ 121.10102271081648, 14.664897569486607 ], [ 121.10101638857617, 14.664865877011897 ], [ 121.101010875764104, 14.66484463265542 ], [ 121.101003829393846, 14.66482252989144 ], [ 121.100981734106099, 14.66476225601264 ], [ 121.100974346615132, 14.66473697481203 ], [ 121.100969070166201, 14.664714479840013 ], [ 121.100960137878829, 14.66466219029093 ], [ 121.100955550009431, 14.664624970418517 ], [ 121.100943293716114, 14.664508600312736 ], [ 121.100938749494873, 14.664475792725394 ], [ 121.100932982960771, 14.664443710772176 ], [ 121.100927622029602, 14.664420571665705 ], [ 121.100919320962461, 14.664392832128549 ], [ 121.100911221111076, 14.664371685920621 ], [ 121.100879533504425, 14.664304028032261 ], [ 121.100848640541258, 14.664230339830455 ], [ 121.100834471764003, 14.664199911690153 ], [ 121.100790404369405, 14.664120219994894 ], [ 121.100755477559019, 14.664044113017257 ], [ 121.100743118274352, 14.664019147245162 ], [ 121.100700539740231, 14.663945934679104 ], [ 121.10065542212601, 14.663856926138426 ], [ 121.100642768778584, 14.663835491478563 ], [ 121.100630875513929, 14.66381784597386 ], [ 121.100568825435957, 14.663734074322214 ], [ 121.100537453523387, 14.66369290862748 ], [ 121.100525199401275, 14.66367545175682 ], [ 121.100508415899938, 14.663648232104643 ], [ 121.100475902759214, 14.663590211862752 ], [ 121.100458778942453, 14.663563166554532 ], [ 121.10044245466932, 14.663541147003395 ], [ 121.100390585786002, 14.663477652908147 ], [ 121.100372747992992, 14.663456759661026 ], [ 121.10032668599591, 14.663405377589458 ], [ 121.100260099440561, 14.663323349112797 ], [ 121.100247767849552, 14.663305945821326 ], [ 121.100237371046532, 14.663289590385103 ], [ 121.100193494349895, 14.663213769873682 ], [ 121.100180376875571, 14.663194279808156 ], [ 121.100166921381387, 14.663176634168485 ], [ 121.100126191274882, 14.66312808089676 ], [ 121.100102405669801, 14.663100879896607 ], [ 121.100083260769296, 14.663080971839651 ], [ 121.100026227978063, 14.663024267541086 ], [ 121.099991541836459, 14.662991979887074 ], [ 121.099943313487657, 14.662950920332108 ], [ 121.099915661224415, 14.662928394243091 ], [ 121.099886951455389, 14.662908366405421 ], [ 121.099825797189183, 14.662870279199787 ], [ 121.09980103397514, 14.66285213984564 ], [ 121.099789498019376, 14.66284215710195 ], [ 121.099776462000662, 14.662829479873427 ], [ 121.099739299105224, 14.662789141546067 ], [ 121.099725136270692, 14.662774837456212 ], [ 121.099711554410248, 14.66276280824265 ], [ 121.099699206419047, 14.662753447840164 ], [ 121.099677691301139, 14.662740148207359 ], [ 121.099650765195804, 14.662726961576144 ], [ 121.099576819841431, 14.662697315237056 ], [ 121.099541123570802, 14.662681199342659 ], [ 121.099517041660761, 14.662667482882091 ], [ 121.099510989979933, 14.6626630776857 ], [ 121.099116788076586, 14.662663234932488 ], [ 121.098930338958809, 14.663547534912114 ], [ 121.099868754488796, 14.665384311648907 ], [ 121.100493728541437, 14.665987752140893 ], [ 121.100513732553594, 14.665985266825064 ], [ 121.100567333278775, 14.665981058080471 ], [ 121.100631974163363, 14.665978468647108 ], [ 121.10075815956796, 14.665975393566351 ] ] ], [ [ [ 121.099629334777177, 14.662361135088085 ], [ 121.09964568404051, 14.66237442863223 ], [ 121.099690694636365, 14.662413893076121 ], [ 121.099782443142303, 14.662491453384146 ], [ 121.099811720215783, 14.662512966148137 ], [ 121.099873410092513, 14.662553841161946 ], [ 121.099898078695446, 14.662572722584311 ], [ 121.099917850666628, 14.662591061508948 ], [ 121.099957683517971, 14.662633742370398 ], [ 121.099970788910724, 14.662646125545507 ], [ 121.099983180194315, 14.662655741135193 ], [ 121.099998129459536, 14.662664322098895 ], [ 121.100007195539618, 14.662668030947204 ], [ 121.100017487310993, 14.66267105214858 ], [ 121.100028527013848, 14.662673027541762 ], [ 121.100039916068596, 14.662673782162836 ], [ 121.100056949870307, 14.662672506194944 ], [ 121.10007295384257, 14.662668474519565 ], [ 121.100082383397918, 14.662664589724347 ], [ 121.100090340817601, 14.662660260919848 ], [ 121.100104358365698, 14.662649760492696 ], [ 121.100115891307624, 14.662637922140661 ], [ 121.100123528798889, 14.662628388947054 ], [ 121.100141471487376, 14.662601162147151 ], [ 121.100148141865432, 14.662589781087123 ], [ 121.100175232820121, 14.662541879810695 ], [ 121.100185881491413, 14.662521385691333 ], [ 121.100191973865989, 14.662507599642749 ], [ 121.100197328239517, 14.66249273937259 ], [ 121.100202243229944, 14.662474470319612 ], [ 121.100204783019862, 14.662461121547647 ], [ 121.100207486215012, 14.662433238789195 ], [ 121.100206780527884, 14.662405599280635 ], [ 121.100203303619068, 14.662382408692942 ], [ 121.100196951271698, 14.662360467029711 ], [ 121.100189510500229, 14.662344070690599 ], [ 121.100183666946066, 14.662334495981741 ], [ 121.100174505188079, 14.662322938514563 ], [ 121.100164132773386, 14.662313124354608 ], [ 121.100154711548754, 14.662306142976616 ], [ 121.100143371694656, 14.662299362806351 ], [ 121.100123692761628, 14.662290363633158 ], [ 121.100098013095035, 14.662281942583517 ], [ 121.100070374868437, 14.662275446696881 ], [ 121.10002875598056, 14.662268612400227 ], [ 121.099994346798681, 14.662264495757908 ], [ 121.099890019228383, 14.66225419365902 ], [ 121.099856555277668, 14.662249941937604 ], [ 121.099824474030655, 14.662244448969563 ], [ 121.099801747194505, 14.662239153572656 ], [ 121.099780628312615, 14.662232546476542 ], [ 121.099761788185305, 14.66222445242339 ], [ 121.099751025483016, 14.662218347509347 ], [ 121.099742140491259, 14.662212050092725 ], [ 121.099735228787083, 14.662205994737361 ], [ 121.099729369768284, 14.662199722060201 ], [ 121.099723492286685, 14.662191930994222 ], [ 121.09971563608029, 14.662177748959341 ], [ 121.099711512024143, 14.662167170718924 ], [ 121.099707189555573, 14.662150431148971 ], [ 121.099704979073152, 14.662133566059833 ], [ 121.099704502411257, 14.662117908047348 ], [ 121.099705452269745, 14.662100663933503 ], [ 121.099708982018996, 14.662066178188082 ], [ 121.099709169463253, 14.662048860965928 ], [ 121.099707538804367, 14.662034080964528 ], [ 121.09970535374822, 14.662024060804994 ], [ 121.099702550687866, 14.662014982683891 ], [ 121.09969728858178, 14.662002358170046 ], [ 121.099686451494122, 14.661983033133446 ], [ 121.09967743019169, 14.661969510319894 ], [ 121.099663094420279, 14.661949863874428 ], [ 121.099649087695255, 14.661932642069244 ], [ 121.09963579418131, 14.661918399310244 ], [ 121.099626358339506, 14.661909476736492 ], [ 121.099626548223483, 14.662359135177919 ], [ 121.099629334777177, 14.662361135088085 ] ] ], [ [ [ 121.099509340259701, 14.661833441175027 ], [ 121.099480000366029, 14.661824603347908 ], [ 121.099448566690143, 14.661817655230777 ], [ 121.0994242317079, 14.661813591631338 ], [ 121.099413939905787, 14.661834798419919 ], [ 121.099512558937732, 14.661834759019674 ], [ 121.099509340259701, 14.661833441175027 ] ] ], [ [ [ 121.099197367766138, 14.662281055418633 ], [ 121.099175007877776, 14.662387105741805 ], [ 121.099342948607315, 14.662387038791307 ], [ 121.099342832366219, 14.6621109328235 ], [ 121.099279917577149, 14.662110957918541 ], [ 121.099197367766138, 14.662281055418633 ] ] ] ] } },
{ "type": "Feature", "properties": { "subcatchme": 5, "class_id": 14.0, "class_name": "Grassland", "nrcs_class": "open_space_poor", "SOILDESC": "Marikina silt loam", "SoilSeries": "Marikina", "hsg": "B", "slope_mean": 2.856864147186279, "area_sqm": 23796.118, "site_id": 83, "land_avail": 1, "dist_drain": 927, "gi_type sg": "urban_fores", "objectid": 13149, "gthcode": "8011374020030000", "globalid": "{9B87F3FC-9A5C-4C51-810B-555A5B31F8C4}", "st_area(shape)": 0.00019038277755213635, "reg_name": "National Capital Region (NCR)", "prov_name": "NCR, Second District", "city_name": "City of Marikina", "brgy_name": "Concepcion Uno", "reg_code": "130000000", "prov_code": "137400000", "city_code": "137402000", "brgy_code": "137402003", "psgc_10d": "1380700003", "geographic_level": "Bgy", "old_names": "", "class": "Highly Urbanized Cities (HUC)", "income_class": "", "urban_rural2015": "U", "bgypop2015": 42564, "bgypop2020": 44683, "bgyarea_sqkm": 2.26917448, "gida": "No", "gida_yr": null, "st_perimeter(shape)": 0.095319534480280577, "created_user": null, "created_date": null, "last_edited_user": "ADMIN2", "last_edited_date": 1748789492000, "gi_type_x": "Bioswale", "flood_attenuation_score_x": 55.104787088341105, "site_cost_x": 132635530.46804, "selected": 0, "gi_type_y": "Bioswale", "flood_attenuation_score_y": 55.104787088341105, "site_cost_y": 132635530.46804, "selected_selection": null }, "geometry": { "type": "MultiPolygon", "coordinates": [ [ [ [ 121.106927776927506, 14.644928798943704 ], [ 121.106886024198886, 14.644938539298142 ], [ 121.106862138373657, 14.644943109352338 ], [ 121.106737362796707, 14.6449637923452 ], [ 121.106696255906954, 14.644972256447819 ], [ 121.106664947403061, 14.644980478551979 ], [ 121.106637888847416, 14.644989494357793 ], [ 121.106609994444639, 14.645001158479793 ], [ 121.106552025138214, 14.645028286269941 ], [ 121.106475651885248, 14.645059562349802 ], [ 121.106449750846224, 14.645071058314537 ], [ 121.106429670374183, 14.64508106713421 ], [ 121.106382591813713, 14.645106884555533 ], [ 121.106362644305847, 14.645116973977913 ], [ 121.10628120572332, 14.645152579138051 ], [ 121.10625689374406, 14.645163968721622 ], [ 121.106195866700531, 14.645197166193423 ], [ 121.106175164137227, 14.645207627205803 ], [ 121.106076930929916, 14.645250746454236 ], [ 121.106056232504073, 14.645261156880272 ], [ 121.106014321313054, 14.645284259943292 ], [ 121.105989723886935, 14.645296784047948 ], [ 121.105889761105232, 14.645340472930194 ], [ 121.105803408955509, 14.645385960715231 ], [ 121.105703446616602, 14.645429589866621 ], [ 121.105683610636376, 14.645439548189074 ], [ 121.105622626164006, 14.645472418692554 ], [ 121.105598348792654, 14.645483662078833 ], [ 121.105517144504361, 14.645518762767425 ], [ 121.10549730379087, 14.645528730070682 ], [ 121.105436279329226, 14.645561603808408 ], [ 121.105411970507689, 14.645572832457377 ], [ 121.105330535881407, 14.645607726957913 ], [ 121.105310125994549, 14.645617821550937 ], [ 121.105263986297331, 14.645642480568188 ], [ 121.105237425873412, 14.645655084391572 ], [ 121.105210526240953, 14.645666223235642 ], [ 121.10514118467654, 14.645693077275332 ], [ 121.105071005369737, 14.645723660433459 ], [ 121.105055030220072, 14.645729568956698 ], [ 121.105034694129429, 14.645735933582069 ], [ 121.104994936614673, 14.645745485579967 ], [ 121.104961250972252, 14.645751636636762 ], [ 121.104858459284642, 14.645767380763752 ], [ 121.104824907407405, 14.645773735322026 ], [ 121.104792957010119, 14.645781565133584 ], [ 121.104771680578153, 14.645788260064679 ], [ 121.104754588016917, 14.64579479748727 ], [ 121.1047341570344, 14.645804102004714 ], [ 121.104665454914354, 14.645840137435291 ], [ 121.104634221807402, 14.645857711513511 ], [ 121.104616516883112, 14.645869402348943 ], [ 121.104605872319624, 14.645877591866077 ], [ 121.104592566169032, 14.64588982461545 ], [ 121.104579232940125, 14.645905747920619 ], [ 121.10456903605953, 14.645922004039472 ], [ 121.104559743551249, 14.645941681765548 ], [ 121.104551341559215, 14.64596596123946 ], [ 121.104544923504434, 14.645991711858978 ], [ 121.104540142334031, 14.646018598229329 ], [ 121.104536471646483, 14.646048900656741 ], [ 121.104534180098639, 14.646079872225215 ], [ 121.10453311438738, 14.646111206229847 ], [ 121.104533201076947, 14.646142591193925 ], [ 121.104534460920803, 14.646173772438679 ], [ 121.104536998563333, 14.646204454397715 ], [ 121.104542933151862, 14.646245108525431 ], [ 121.104548192106591, 14.646268470864374 ], [ 121.104555016843349, 14.646290658476603 ], [ 121.104560526520714, 14.646304504918566 ], [ 121.10457007233174, 14.646323072722719 ], [ 121.104576817719817, 14.646333325211366 ], [ 121.104583311016427, 14.646341589277805 ], [ 121.10459423875831, 14.646352942224578 ], [ 121.104603657155778, 14.646360955391279 ], [ 121.104614462972407, 14.64636878285058 ], [ 121.104626268607177, 14.646376162981733 ], [ 121.104651763281467, 14.646389512521694 ], [ 121.104718204851466, 14.646419207677535 ], [ 121.104736514027962, 14.646428477135636 ], [ 121.104756350009865, 14.646440459334586 ], [ 121.104768032619177, 14.646448978947291 ], [ 121.10478091799672, 14.6464598977834 ], [ 121.104815508859289, 14.646494455716766 ], [ 121.104831851330999, 14.64650953811814 ], [ 121.104846232634273, 14.646519850995073 ], [ 121.104860485006483, 14.646526913056965 ], [ 121.104874009006878, 14.646531026684393 ], [ 121.104892154427148, 14.646533970590754 ], [ 121.104959014837732, 14.646536861253939 ], [ 121.104990464044619, 14.64654027319647 ], [ 121.105021222567942, 14.646546072550242 ], [ 121.105089060713368, 14.646563510130996 ], [ 121.105120112864242, 14.646570246306759 ], [ 121.10515249201417, 14.646575402745388 ], [ 121.105174998793402, 14.646577736898363 ], [ 121.10518640307059, 14.64657792557427 ], [ 121.105185210384874, 14.646575972869973 ], [ 121.105185546016685, 14.646571804048078 ], [ 121.105188557741414, 14.646565576666065 ], [ 121.105193316926346, 14.646559283989006 ], [ 121.105203363366684, 14.646549517108522 ], [ 121.105220034748228, 14.646537017121281 ], [ 121.105255690708759, 14.646515139344181 ], [ 121.105307659347275, 14.64648523746421 ], [ 121.105371359788606, 14.646446786157338 ], [ 121.105395045261332, 14.64643357692359 ], [ 121.105416128076499, 14.646422846172863 ], [ 121.105439658024963, 14.64641185700297 ], [ 121.105523366700481, 14.646376465896461 ], [ 121.105575505422607, 14.646351501434181 ], [ 121.105600208480382, 14.646340852558774 ], [ 121.105637924265039, 14.646328030461946 ], [ 121.105736176913965, 14.646302382277156 ], [ 121.105765884494261, 14.646293724349984 ], [ 121.105786352100438, 14.646286749822449 ], [ 121.105818080314577, 14.646273562643934 ], [ 121.105881481223904, 14.646243168088024 ], [ 121.105976604383031, 14.646204059660391 ], [ 121.106002527406361, 14.646191535516152 ], [ 121.106049402243045, 14.646166235279969 ], [ 121.106070184969596, 14.646155962915959 ], [ 121.106164838943144, 14.646115384754701 ], [ 121.106189616988672, 14.646103239865326 ], [ 121.10623174622333, 14.646080380758447 ], [ 121.106256487281584, 14.646068002400998 ], [ 121.106357107873137, 14.646024922429104 ], [ 121.106377073792942, 14.646015077170564 ], [ 121.106419221200539, 14.645992259744373 ], [ 121.106443898461848, 14.64597985011895 ], [ 121.106511255648329, 14.64595059914255 ], [ 121.106543182074404, 14.645935830155018 ], [ 121.106568076662683, 14.64592232336347 ], [ 121.106615630271989, 14.645893196761754 ], [ 121.106673138424398, 14.645859697637613 ], [ 121.106690779567657, 14.645848181435253 ], [ 121.106706463596424, 14.645836284203479 ], [ 121.106718919852767, 14.645824971617396 ], [ 121.106728631480266, 14.645814404855944 ], [ 121.106738865383491, 14.645801062509564 ], [ 121.106749054644879, 14.645785135167918 ], [ 121.106755482786411, 14.645773641583665 ], [ 121.106768968366708, 14.645746332536747 ], [ 121.106795092336384, 14.645691033372485 ], [ 121.106808496811567, 14.645667656639791 ], [ 121.106824917055377, 14.645645251540918 ], [ 121.106835448724922, 14.645633767846899 ], [ 121.106849096398776, 14.645620986464481 ], [ 121.106902132547901, 14.645578486006865 ], [ 121.106926403559498, 14.645556191770263 ], [ 121.106946090083525, 14.645533795161864 ], [ 121.106984066441356, 14.645484643694191 ], [ 121.107003768783073, 14.645462024893625 ], [ 121.107024133012715, 14.645442641362127 ], [ 121.107068251328513, 14.64540581594521 ], [ 121.107083876738457, 14.645391333572869 ], [ 121.107092897610443, 14.64538175526121 ], [ 121.107100302580733, 14.645372812671869 ], [ 121.107109250542408, 14.645360049065816 ], [ 121.107121387343611, 14.645337500645113 ], [ 121.107131894587539, 14.64531004081746 ], [ 121.107138145358803, 14.645287737314213 ], [ 121.107143122100297, 14.64526452153582 ], [ 121.107148080524468, 14.645232624497776 ], [ 121.107151213933989, 14.645202800199778 ], [ 121.107153196189088, 14.645172563478624 ], [ 121.10715411955691, 14.645142195237401 ], [ 121.107153956114388, 14.645109757678636 ], [ 121.107152521905292, 14.645077866471825 ], [ 121.107149646281485, 14.645046937746182 ], [ 121.107145425467436, 14.645019387017816 ], [ 121.10713939482676, 14.644993545859046 ], [ 121.107131131933528, 14.644969965715772 ], [ 121.107125389085226, 14.644958071259415 ], [ 121.107119019025546, 14.644947661026888 ], [ 121.107112400985429, 14.644939106820003 ], [ 121.10710267740015, 14.644929551333309 ], [ 121.107094736957606, 14.644923666793906 ], [ 121.107084976263522, 14.644918110858399 ], [ 121.10707378599173, 14.644913436165057 ], [ 121.107061597242989, 14.644909919143648 ], [ 121.10704878150473, 14.644907644150845 ], [ 121.107029172828021, 14.644906486917515 ], [ 121.107010565316529, 14.64490764411479 ], [ 121.106984796070478, 14.64491244105546 ], [ 121.106927776927506, 14.644928798943704 ] ], [ [ 121.105858424766907, 14.645541871954086 ], [ 121.10614201439266, 14.645541750812248 ], [ 121.106142138997171, 14.645817857111776 ], [ 121.105858549016489, 14.645817978256156 ], [ 121.105858424766907, 14.645541871954086 ] ] ] ] } },
{ "type": "Feature", "properties": { "subcatchme": 1, "class_id": 10.0, "class_name": "Brush/Shrubs", "nrcs_class": "open_space_good", "SOILDESC": "Marikina loam", "SoilSeries": "Marikina", "hsg": "B", "slope_mean": 3.4509900410970049, "area_sqm": 15878.006, "site_id": 3, "land_avail": 1, "dist_drain": 1196, "gi_type sg": "urban_fores", "objectid": 15708, "gthcode": "8011374020150000", "globalid": "{B70F1B82-CB87-4CDA-826C-F3AACD4565EC}", "st_area(shape)": 0.00016570399867615388, "reg_name": "National Capital Region (NCR)", "prov_name": "NCR, Second District", "city_name": "City of Marikina", "brgy_name": "Fortune", "reg_code": "130000000", "prov_code": "137400000", "city_code": "137402000", "brgy_code": "137402015", "psgc_10d": "1380700015", "geographic_level": "Bgy", "old_names": "", "class": "Highly Urbanized Cities (HUC)", "income_class": "", "urban_rural2015": "U", "bgypop2015": 36142, "bgypop2020": 38624, "bgyarea_sqkm": 1.97494835, "gida": "No", "gida_yr": null, "st_perimeter(shape)": 0.061677093211003571, "created_user": null, "created_date": null, "last_edited_user": "ADMIN2", "last_edited_date": 1748789492000, "gi_type_x": "Bioswale", "flood_attenuation_score_x": 48.369543052775001, "site_cost_x": 88509634.276679993, "selected": 0, "gi_type_y": "Bioswale", "flood_attenuation_score_y": 48.369543052775001, "site_cost_y": 88509634.276679993, "selected_selection": null }, "geometry": { "type": "MultiPolygon", "coordinates": [ [ [ [ 121.120890244452937, 14.660038060848462 ], [ 121.120879264711959, 14.660043510104586 ], [ 121.120870321149482, 14.660049013776478 ], [ 121.120858724613697, 14.660058647704101 ], [ 121.120853797121086, 14.660064547136891 ], [ 121.120850236581262, 14.660071037809796 ], [ 121.120849271428327, 14.660076231835674 ], [ 121.120851007895084, 14.66008008127228 ], [ 121.120847272889165, 14.660080253512895 ], [ 121.12083757503467, 14.660082989309021 ], [ 121.120819431450386, 14.660090325461145 ], [ 121.120741153702539, 14.660129906502418 ], [ 121.120725735000292, 14.660137958734355 ], [ 121.120685804090542, 14.660160820013271 ], [ 121.12067063725415, 14.660170904038333 ], [ 121.120656800400724, 14.660181233782682 ], [ 121.120644956121225, 14.660191288636968 ], [ 121.12063084593963, 14.660205366618554 ], [ 121.12062144653116, 14.660216534742174 ], [ 121.120611930261447, 14.660229867239819 ], [ 121.120599131232154, 14.660252600829962 ], [ 121.120586636882365, 14.660285212762918 ], [ 121.120579708602037, 14.660317811859001 ], [ 121.120576612051735, 14.660342382536804 ], [ 121.120574274241619, 14.660367566650589 ], [ 121.120571613640735, 14.660410676202902 ], [ 121.120569106496248, 14.660499237011244 ], [ 121.120567217564087, 14.660679313763641 ], [ 121.120564783314322, 14.66076846800096 ], [ 121.120562452125085, 14.66081224354688 ], [ 121.120558943031227, 14.660855138380093 ], [ 121.120555682182783, 14.660883405759687 ], [ 121.120551499143588, 14.660910958971646 ], [ 121.120543422095366, 14.660948942189929 ], [ 121.120532152675011, 14.66098442339532 ], [ 121.120523777599161, 14.661003478445377 ], [ 121.120514894915232, 14.661019467578674 ], [ 121.120502879600465, 14.661036506811371 ], [ 121.120490432430785, 14.661050849458185 ], [ 121.120449704625671, 14.661090385139694 ], [ 121.120431587924614, 14.661109791584945 ], [ 121.120424613492247, 14.661118633239704 ], [ 121.120416015809766, 14.661131463451186 ], [ 121.120404449002251, 14.661154250363758 ], [ 121.120397127235179, 14.661174425503059 ], [ 121.120390803222506, 14.661199514115625 ], [ 121.120386834106014, 14.661225382704782 ], [ 121.120385021785339, 14.661255230653726 ], [ 121.120386110513635, 14.661284841789715 ], [ 121.120389625934266, 14.66131008226545 ], [ 121.12039584400199, 14.661334077577163 ], [ 121.120400707671834, 14.661346870237919 ], [ 121.120406481571806, 14.661358623748564 ], [ 121.120412898223677, 14.661368918426289 ], [ 121.120419420872977, 14.66137734325557 ], [ 121.120429742134036, 14.661387826754749 ], [ 121.120444099540165, 14.661398749566064 ], [ 121.120455782216723, 14.661405687021475 ], [ 121.120468685238464, 14.661412012583284 ], [ 121.12049330751438, 14.66142153267549 ], [ 121.120519694169843, 14.661429454791136 ], [ 121.120632508944013, 14.661456177295095 ], [ 121.120663840524955, 14.661465411818837 ], [ 121.12068483705778, 14.661473068020012 ], [ 121.120701755216245, 14.661480447239921 ], [ 121.120721904211905, 14.661490825827695 ], [ 121.120803893094049, 14.66153936069715 ], [ 121.120836434155152, 14.661557530142558 ], [ 121.120864232731222, 14.661571223965076 ], [ 121.12089068171646, 14.661582072799719 ], [ 121.12092426336811, 14.66159284554338 ], [ 121.120954791867049, 14.661600356465776 ], [ 121.120976316604697, 14.661604640605223 ], [ 121.121014588899612, 14.661610623569564 ], [ 121.121052296785635, 14.661614866817638 ], [ 121.12110280539568, 14.661618495979491 ], [ 121.121145330405554, 14.661619989263775 ], [ 121.121179090401242, 14.661620193472677 ], [ 121.121209192986413, 14.661619305335545 ], [ 121.121208429297042, 14.661616985632246 ], [ 121.121210290169998, 14.661609297340819 ], [ 121.12121492260745, 14.661598813644448 ], [ 121.121222150075582, 14.661585988592238 ], [ 121.121276835508411, 14.661503244730902 ], [ 121.121297807235379, 14.661473755862986 ], [ 121.12131489571405, 14.661452457676438 ], [ 121.121326516685869, 14.661439639211148 ], [ 121.121342890949308, 14.661423934716099 ], [ 121.12135794168303, 14.661411798264922 ], [ 121.121369932598625, 14.661403494171497 ], [ 121.121383601212074, 14.661395265090048 ], [ 121.121413661173875, 14.661380865921126 ], [ 121.121450487398633, 14.661368534927046 ], [ 121.121520205928633, 14.661352672308139 ], [ 121.121553555978196, 14.661343685897453 ], [ 121.12158457677937, 14.661332325556181 ], [ 121.121596436736738, 14.661326641187912 ], [ 121.12161236011147, 14.661317109069758 ], [ 121.121625131758222, 14.661307056240624 ], [ 121.121634887974452, 14.661297045918246 ], [ 121.121644912849234, 14.661283397570068 ], [ 121.121654205148857, 14.661265848255232 ], [ 121.121659392294845, 14.661252686779246 ], [ 121.121665487635354, 14.661231538308337 ], [ 121.121669712728973, 14.66120927218174 ], [ 121.121671960649863, 14.661190154915683 ], [ 121.121673161153836, 14.661170638777119 ], [ 121.121673032934254, 14.661138969478701 ], [ 121.121670929001382, 14.661111475682217 ], [ 121.121666905194687, 14.661084221221389 ], [ 121.121664005415738, 14.661070264187057 ], [ 121.121654895300338, 14.661038574723078 ], [ 121.121645032877453, 14.661014118001043 ], [ 121.12161380798247, 14.66095187027488 ], [ 121.121585702227776, 14.660892442063865 ], [ 121.121572166799254, 14.66086622050994 ], [ 121.121559278320859, 14.660844470382685 ], [ 121.121547120729431, 14.660826601325665 ], [ 121.121453228082359, 14.660701804755417 ], [ 121.121440012141647, 14.660682643854662 ], [ 121.121430463954667, 14.660667062418693 ], [ 121.121420194910058, 14.660648492870992 ], [ 121.121381168461838, 14.660571702626097 ], [ 121.121348876279342, 14.660517171275341 ], [ 121.121335765352427, 14.660493208835774 ], [ 121.121326839227905, 14.660474894144102 ], [ 121.121293652591064, 14.660401158677375 ], [ 121.121280625311854, 14.660375879283951 ], [ 121.121257039766633, 14.66033481688916 ], [ 121.121244628846981, 14.660311499939812 ], [ 121.121207612212316, 14.66022970483661 ], [ 121.121196572096011, 14.660207508736772 ], [ 121.121186525080091, 14.66018968564482 ], [ 121.12115644969856, 14.660141579589464 ], [ 121.121128529295149, 14.660094185008633 ], [ 121.121115560507022, 14.660076528080717 ], [ 121.1211061058886, 14.660065981128641 ], [ 121.121090874151292, 14.660052329282934 ], [ 121.121075977984688, 14.660042215512473 ], [ 121.121060695865481, 14.660034471797726 ], [ 121.121040437702248, 14.660027327696483 ], [ 121.121024722562737, 14.660023663499166 ], [ 121.121008023291907, 14.660021214986633 ], [ 121.120977900208828, 14.660019961133157 ], [ 121.120948376182838, 14.660022261941332 ], [ 121.120917186074237, 14.660028569036635 ], [ 121.120890244452937, 14.660038060848462 ] ] ] ] } },
{ "type": "Feature", "properties": { "subcatchme": 1, "class_id": 10.0, "class_name": "Brush/Shrubs", "nrcs_class": "open_space_good", "SOILDESC": "Marikina loam", "SoilSeries": "Marikina", "hsg": "B", "slope_mean": 2.8639277669848231, "area_sqm": 93747.876, "site_id": 22, "land_avail": 1, "dist_drain": 1361, "gi_type sg": "urban_fores", "objectid": 15708, "gthcode": "8011374020150000", "globalid": "{B70F1B82-CB87-4CDA-826C-F3AACD4565EC}", "st_area(shape)": 0.00016570399867615388, "reg_name": "National Capital Region (NCR)", "prov_name": "NCR, Second District", "city_name": "City of Marikina", "brgy_name": "Fortune", "reg_code": "130000000", "prov_code": "137400000", "city_code": "137402000", "brgy_code": "137402015", "psgc_10d": "1380700015", "geographic_level": "Bgy", "old_names": "", "class": "Highly Urbanized Cities (HUC)", "income_class": "", "urban_rural2015": "U", "bgypop2015": 36142, "bgypop2020": 38624, "bgyarea_sqkm": 1.97494835, "gida": "No", "gida_yr": null, "st_perimeter(shape)": 0.061677093211003571, "created_user": null, "created_date": null, "last_edited_user": "ADMIN2", "last_edited_date": 1748789492000, "gi_type_x": "Bioswale", "flood_attenuation_score_x": 89.421135734908901, "site_cost_x": 522461288.41527998, "selected": 0, "gi_type_y": "Bioswale", "flood_attenuation_score_y": 89.421135734908901, "site_cost_y": 522461288.41527998, "selected_selection": null }, "geometry": { "type": "MultiPolygon", "coordinates": [ [ [ [ 121.120998486817129, 14.666859192620576 ], [ 121.121008781155183, 14.666850122967038 ], [ 121.121067863573614, 14.666798081812802 ], [ 121.121089388455957, 14.666779124065741 ], [ 121.121108463089328, 14.666756518961678 ], [ 121.121173152661953, 14.666679860529928 ], [ 121.12125973202177, 14.666577261483647 ], [ 121.12132148340865, 14.666504083877458 ], [ 121.121326352624251, 14.666500354722471 ], [ 121.121508352991498, 14.666361008076679 ], [ 121.121668477739746, 14.666238409350603 ], [ 121.121761973534518, 14.66616682570962 ], [ 121.121882168922227, 14.666113993177351 ], [ 121.122223875629032, 14.665963796029548 ], [ 121.122333013173204, 14.665915826283094 ], [ 121.12245352526584, 14.665888535196014 ], [ 121.122600902087612, 14.665855161353457 ], [ 121.122600815026885, 14.665689864523555 ], [ 121.122884430406629, 14.665689722779454 ], [ 121.122884284630658, 14.665413617110008 ], [ 121.123167899651747, 14.665413475022799 ], [ 121.123168045783231, 14.665689580689312 ], [ 121.123451661156565, 14.665689438253104 ], [ 121.123451607350432, 14.665588022509921 ], [ 121.123176554797425, 14.66527082443357 ], [ 121.122962931748788, 14.663860340117608 ], [ 121.122978190536713, 14.662776966092849 ], [ 121.123006807205286, 14.662716491023559 ], [ 121.122847998213274, 14.662716045560179 ], [ 121.122480074420736, 14.662713809333312 ], [ 121.121973891349057, 14.662709370915005 ], [ 121.121507892064699, 14.662703647550773 ], [ 121.121367180670546, 14.662703025352076 ], [ 121.12127539408111, 14.66270477408732 ], [ 121.121212257053145, 14.66270840277026 ], [ 121.121182300501715, 14.662711415820086 ], [ 121.121143944788059, 14.662717366749563 ], [ 121.121109768124299, 14.662726160226324 ], [ 121.121088083030415, 14.662735112520263 ], [ 121.121079247928321, 14.662740185084949 ], [ 121.121072092452508, 14.6627453254511 ], [ 121.121064057416831, 14.662752915024541 ], [ 121.121059169598325, 14.662759161804658 ], [ 121.121053034005612, 14.662770867826573 ], [ 121.121050440978266, 14.662779719612434 ], [ 121.121049325142579, 14.662793653224368 ], [ 121.121051632290389, 14.66280743376441 ], [ 121.121054936459331, 14.662815986195776 ], [ 121.121059325587851, 14.662823584029979 ], [ 121.121064262300422, 14.662829888545271 ], [ 121.121072366595712, 14.662837577866995 ], [ 121.121079585862162, 14.662842807330463 ], [ 121.121088494081633, 14.662847990801909 ], [ 121.121110356378594, 14.662857226456467 ], [ 121.121130671860612, 14.662863230544511 ], [ 121.121152735685726, 14.662868102844069 ], [ 121.121192784913873, 14.662874308024113 ], [ 121.121233759326699, 14.662878592132087 ], [ 121.121406388908142, 14.662890347816829 ], [ 121.121448796800976, 14.662894392239295 ], [ 121.121499659846194, 14.662901669830269 ], [ 121.121527982275467, 14.662907624731933 ], [ 121.121554794830118, 14.662915268233508 ], [ 121.121569126742472, 14.662920490101312 ], [ 121.121588474121054, 14.662929314979422 ], [ 121.121599271855985, 14.662935428271764 ], [ 121.121612071010802, 14.66294415142384 ], [ 121.121625007503468, 14.662954948825572 ], [ 121.121638666623411, 14.662968636750355 ], [ 121.121684996649094, 14.663023946688982 ], [ 121.121698894764251, 14.66303856556967 ], [ 121.121711308757554, 14.6630500021956 ], [ 121.1217294346024, 14.66306480525984 ], [ 121.121752567032317, 14.663081532142153 ], [ 121.121774177244234, 14.663093883546537 ], [ 121.12178568539494, 14.6630985511937 ], [ 121.12179400583166, 14.66310103679649 ], [ 121.121812957311903, 14.663104146930076 ], [ 121.12182217965254, 14.663104501611897 ], [ 121.121834687810576, 14.663103915862946 ], [ 121.121848913115926, 14.663102046243502 ], [ 121.121907136494301, 14.663090616519405 ], [ 121.121936342254287, 14.663086171238863 ], [ 121.12198130603548, 14.66308115019115 ], [ 121.122011295966729, 14.663078692198306 ], [ 121.122097654857171, 14.663074349026347 ], [ 121.122183814789949, 14.663073308226084 ], [ 121.122259669841782, 14.66307552429862 ], [ 121.122291986914306, 14.663077759126949 ], [ 121.122323504279251, 14.663081026771646 ], [ 121.122354153521528, 14.663085621294165 ], [ 121.122383309012108, 14.663091864788358 ], [ 121.122410516955838, 14.663100176531284 ], [ 121.122424048612274, 14.663105628660221 ], [ 121.122436207608786, 14.663111592051436 ], [ 121.122454852445713, 14.6631235615666 ], [ 121.122465728226743, 14.663132829446871 ], [ 121.122473392891834, 14.66314069953417 ], [ 121.122487956156348, 14.663159406769088 ], [ 121.122503175752442, 14.663185190036231 ], [ 121.122510641081178, 14.66320021961541 ], [ 121.122523015716695, 14.663227933749067 ], [ 121.12253024079962, 14.66324827889486 ], [ 121.122532512999058, 14.663259418468733 ], [ 121.122533015064619, 14.663269236959247 ], [ 121.122531576011738, 14.6632801513486 ], [ 121.122529257995581, 14.663287456396494 ], [ 121.12252605377401, 14.663294071070542 ], [ 121.122520125220518, 14.663302512754406 ], [ 121.122510932246854, 14.663311562480757 ], [ 121.122502623121648, 14.663317767196117 ], [ 121.122492878760781, 14.663323765112457 ], [ 121.122476247926215, 14.663332205287203 ], [ 121.122398748490639, 14.663364434956566 ], [ 121.12236842653742, 14.663379920194162 ], [ 121.12235431893032, 14.663388780189853 ], [ 121.122340303929363, 14.663398973020692 ], [ 121.122325029793302, 14.663411604767552 ], [ 121.122303821247812, 14.663431076745384 ], [ 121.122291965943049, 14.663442736593442 ], [ 121.122272024682374, 14.663464693200455 ], [ 121.122262526079865, 14.66347703361275 ], [ 121.122252160192247, 14.663492671029042 ], [ 121.122234589238602, 14.663525363131518 ], [ 121.122207074784683, 14.66358730070576 ], [ 121.122189004813308, 14.663623972382425 ], [ 121.12217414139036, 14.66364765996822 ], [ 121.122160358014696, 14.66366487116268 ], [ 121.122148227200299, 14.663677268020301 ], [ 121.1221383713237, 14.663686108130518 ], [ 121.12212756752254, 14.663694964077566 ], [ 121.122066985001524, 14.663740604190536 ], [ 121.122051149198711, 14.663754107987481 ], [ 121.122029536551508, 14.663774478583603 ], [ 121.121974951958862, 14.663829016390133 ], [ 121.121957582172982, 14.663849211600294 ], [ 121.121921215540965, 14.663894689479287 ], [ 121.121904809164377, 14.663911418558707 ], [ 121.121893428125276, 14.663920362007399 ], [ 121.121878986110943, 14.663928588466849 ], [ 121.121865172096136, 14.66393371119354 ], [ 121.121849611038598, 14.663936873181475 ], [ 121.121828028423238, 14.663937278950844 ], [ 121.121817472979373, 14.663935839868978 ], [ 121.121807477258074, 14.663933425674516 ], [ 121.121798424502884, 14.663930270817866 ], [ 121.121783738623975, 14.66392289704307 ], [ 121.121772059944277, 14.663914817363045 ], [ 121.121763601874505, 14.663907784917839 ], [ 121.121715603070427, 14.663860257002183 ], [ 121.121703384008399, 14.663849687714038 ], [ 121.12169135172519, 14.66384062011489 ], [ 121.121675622464636, 14.663830414671365 ], [ 121.121657139649741, 14.663820018879536 ], [ 121.121594874377422, 14.663789092702325 ], [ 121.121571226793421, 14.663775945799129 ], [ 121.12154805341801, 14.663759986726479 ], [ 121.12153831428536, 14.663751651596423 ], [ 121.121530345021881, 14.663743688645654 ], [ 121.121520439824735, 14.663731749933712 ], [ 121.121513556261604, 14.663721657549971 ], [ 121.121506789169814, 14.663709881568225 ], [ 121.121497577487247, 14.663690096917749 ], [ 121.121486363337453, 14.663658572989513 ], [ 121.121458634413401, 14.663559288190775 ], [ 121.121447188007394, 14.663528004582044 ], [ 121.121437730053742, 14.663508470982114 ], [ 121.121427185495364, 14.663491717487197 ], [ 121.121413565735196, 14.663475589815121 ], [ 121.121401214574973, 14.663464513362223 ], [ 121.121390960921346, 14.663456971152346 ], [ 121.121373433462466, 14.663446346289557 ], [ 121.121349730069596, 14.663434850923005 ], [ 121.12132462992335, 14.663424732381696 ], [ 121.121240100462927, 14.663394370820162 ], [ 121.121172079673713, 14.663366852049528 ], [ 121.121151452925758, 14.663360332129267 ], [ 121.121132669622853, 14.66335578818838 ], [ 121.121104547459225, 14.663351163324757 ], [ 121.121081552906148, 14.663349074186494 ], [ 121.121058367458119, 14.663348360775913 ], [ 121.121027281899728, 14.663349537341075 ], [ 121.12099655355162, 14.66335323817602 ], [ 121.12098194659842, 14.663355990303033 ], [ 121.120956101575857, 14.663362678556698 ], [ 121.120934756811337, 14.663370140630171 ], [ 121.120870823103431, 14.663397492702609 ], [ 121.120807941881452, 14.66342203726648 ], [ 121.120773322877881, 14.663436421144986 ], [ 121.120746202155459, 14.663449444997337 ], [ 121.120698953016472, 14.663474900360118 ], [ 121.120677182768034, 14.663485771422954 ], [ 121.120604606186362, 14.663517631782817 ], [ 121.120577475830686, 14.663530368151548 ], [ 121.120547403724743, 14.663546910702435 ], [ 121.120443385184529, 14.663610284382939 ], [ 121.120428305237709, 14.66362135954428 ], [ 121.120416087733091, 14.663632483158802 ], [ 121.120405175982739, 14.663645932669361 ], [ 121.120398496824748, 14.66365790900203 ], [ 121.120393321423478, 14.663672614085408 ], [ 121.120391295133174, 14.663683254390515 ], [ 121.120390684776382, 14.663699626709118 ], [ 121.12039295657668, 14.66371558674345 ], [ 121.120397617967768, 14.663729896025217 ], [ 121.120403412742931, 14.663741275568468 ], [ 121.120410853376399, 14.663752003283092 ], [ 121.120421552379028, 14.663764029790794 ], [ 121.120430145174126, 14.663772238208189 ], [ 121.120485805118392, 14.663819627689048 ], [ 121.120504078924981, 14.663838191527443 ], [ 121.12054425132925, 14.663883176557636 ], [ 121.12055852869652, 14.663897187654056 ], [ 121.120576691317609, 14.663911920613609 ], [ 121.120590018482929, 14.663920557720942 ], [ 121.120601283160369, 14.663926671222816 ], [ 121.120614317940849, 14.663932694206908 ], [ 121.120614597240873, 14.663932799442083 ], [ 121.120614506819763, 14.66375810705666 ], [ 121.121181732644345, 14.663757828107693 ], [ 121.121181876268579, 14.664033933833712 ], [ 121.121465489531531, 14.664033793837309 ], [ 121.121465777500347, 14.664586005264036 ], [ 121.121182163526527, 14.664586145266233 ], [ 121.121182019895969, 14.664310039553232 ], [ 121.121176742112553, 14.664310042155217 ], [ 121.1211746435837, 14.664326389416662 ], [ 121.121169104908631, 14.664354410647007 ], [ 121.121164120579579, 14.664373272611826 ], [ 121.121155634641383, 14.664398781161815 ], [ 121.121132572293973, 14.664460234008745 ], [ 121.121124405517278, 14.664488264715466 ], [ 121.121117024597964, 14.664520587227539 ], [ 121.121110956628243, 14.664554393421961 ], [ 121.121105913445149, 14.664588858581572 ], [ 121.121091867433961, 14.664701585620215 ], [ 121.121087303168252, 14.664732468679508 ], [ 121.121081841109458, 14.664762713681364 ], [ 121.121075083439251, 14.664792053522202 ], [ 121.121071135260522, 14.6648061052116 ], [ 121.121060314398335, 14.664836644876932 ], [ 121.121049055649934, 14.664860623590565 ], [ 121.121008096035212, 14.664931274389259 ], [ 121.120989685355269, 14.664960402519444 ], [ 121.120973397874849, 14.664981566138703 ], [ 121.120964939833371, 14.664990524128328 ], [ 121.120956710109525, 14.664997963902589 ], [ 121.120945215919562, 14.665006449095058 ], [ 121.1209361787256, 14.665011803777722 ], [ 121.12092534560837, 14.665017010187197 ], [ 121.120913128892582, 14.665021614373767 ], [ 121.120899953966273, 14.665025372157025 ], [ 121.120875407601744, 14.665029755543223 ], [ 121.120849872451558, 14.665031436030917 ], [ 121.120827603591053, 14.66503087820014 ], [ 121.120805214428827, 14.665028535446496 ], [ 121.120783556006003, 14.66502454117318 ], [ 121.120763855647311, 14.665019317402834 ], [ 121.120743071982702, 14.665012024383506 ], [ 121.120660562552757, 14.664975399828922 ], [ 121.120581139094867, 14.664944943709601 ], [ 121.120514389967468, 14.664918157967847 ], [ 121.12049652373247, 14.664913176748396 ], [ 121.120474424345801, 14.664909948852964 ], [ 121.12046233313788, 14.664909635974233 ], [ 121.120450169371026, 14.664910428664019 ], [ 121.12043826482855, 14.664912391058854 ], [ 121.120426918417408, 14.664915523768938 ], [ 121.120416455883316, 14.664919728212121 ], [ 121.120407265778013, 14.664924725569882 ], [ 121.120399680907241, 14.66493002510181 ], [ 121.120386604415557, 14.664942589520674 ], [ 121.120379773686437, 14.664951435935013 ], [ 121.120373209214137, 14.664961824445312 ], [ 121.120367143403598, 14.664973390020046 ], [ 121.120354686336569, 14.66500419836742 ], [ 121.12033157565611, 14.665078608408038 ], [ 121.120331606723923, 14.665138774620409 ], [ 121.120308079178713, 14.66513878613325 ], [ 121.120301434648695, 14.665150033256422 ], [ 121.120291548061942, 14.665162455377718 ], [ 121.120282210043015, 14.665171077265668 ], [ 121.120270732104018, 14.665178633525873 ], [ 121.120256290318068, 14.665184750582121 ], [ 121.12024565724353, 14.665187399234227 ], [ 121.120234632374434, 14.665188748779071 ], [ 121.120218039903406, 14.665188318139863 ], [ 121.120207454119779, 14.665186513630292 ], [ 121.120193418392347, 14.665182143561198 ], [ 121.120181915112781, 14.665176680591477 ], [ 121.120173662927357, 14.66517163071347 ], [ 121.120156513770326, 14.665158223540374 ], [ 121.120136990823568, 14.665138869781078 ], [ 121.120047992026613, 14.66513891324422 ], [ 121.12004784981157, 14.664862807532732 ], [ 121.120117599608093, 14.664862773473507 ], [ 121.120124623459887, 14.664843309426585 ], [ 121.120133365739306, 14.664815082800468 ], [ 121.120141571791308, 14.664778116458425 ], [ 121.12014565437471, 14.664750390755991 ], [ 121.120148188703496, 14.664722430213567 ], [ 121.12014913350913, 14.664682646972743 ], [ 121.120147495375733, 14.664651395663808 ], [ 121.120143443828752, 14.664621104467036 ], [ 121.120136577639016, 14.664592341289184 ], [ 121.120132044158751, 14.664579034361758 ], [ 121.120124217015004, 14.664561384614419 ], [ 121.120113584674868, 14.664543721212141 ], [ 121.120103486231727, 14.664530719912042 ], [ 121.120085656138897, 14.664512156014929 ], [ 121.120045250094165, 14.664476273111145 ], [ 121.120025125318534, 14.664456723664806 ], [ 121.120005632568166, 14.664434146438868 ], [ 121.119961209905512, 14.664377154425035 ], [ 121.119948114992752, 14.664362950425332 ], [ 121.119932548754818, 14.664348661364187 ], [ 121.119906683823899, 14.664329499258796 ], [ 121.119835879490012, 14.664285721296878 ], [ 121.119773918780339, 14.664242302250146 ], [ 121.119736385931077, 14.664219139841833 ], [ 121.119710805648211, 14.664204805896059 ], [ 121.119686773345492, 14.664193674610772 ], [ 121.119669889640946, 14.664188330759591 ], [ 121.119650137919379, 14.66418500430594 ], [ 121.119635257587404, 14.664184432046433 ], [ 121.119617438563438, 14.6641856741787 ], [ 121.119539637140477, 14.664199598193113 ], [ 121.119483114138518, 14.664206341681787 ], [ 121.119413107446235, 14.664211586120938 ], [ 121.119300762309095, 14.664218439952901 ], [ 121.119264100787746, 14.664221524989308 ], [ 121.119228620585432, 14.664225635363337 ], [ 121.119200143834703, 14.664230243427346 ], [ 121.119173355410638, 14.664236293031905 ], [ 121.119148780700698, 14.664244222216041 ], [ 121.11913106575993, 14.664252299095597 ], [ 121.119120986793021, 14.664258332103415 ], [ 121.11911267770266, 14.66426451860827 ], [ 121.119103149147207, 14.664273711865828 ], [ 121.119097072575741, 14.664281423846555 ], [ 121.11908878138621, 14.664296166931676 ], [ 121.11908454043396, 14.664307530344439 ], [ 121.119081574035704, 14.664319654161776 ], [ 121.119080008199774, 14.664331044648026 ], [ 121.119079480561012, 14.664342501375208 ], [ 121.119079900315967, 14.664353678386741 ], [ 121.119081870995686, 14.664368907586541 ], [ 121.119084732513926, 14.664381783475587 ], [ 121.119088983654862, 14.664396076802531 ], [ 121.119107063385712, 14.664446705022627 ], [ 121.11913288746463, 14.664527386827162 ], [ 121.119141624266661, 14.664551774880147 ], [ 121.119151578708824, 14.664575326904378 ], [ 121.119158259872762, 14.664588672915828 ], [ 121.119165441939117, 14.664601084918052 ], [ 121.119176530420773, 14.664616959063517 ], [ 121.119186681970035, 14.664628735381521 ], [ 121.119198476777143, 14.664640056870658 ], [ 121.119208133456013, 14.664648038974205 ], [ 121.119224459939048, 14.664659827309626 ], [ 121.1192916442089, 14.66470074028131 ], [ 121.119349492811679, 14.664737172946294 ], [ 121.119375073255526, 14.664751165330031 ], [ 121.119452005674461, 14.664789791205061 ], [ 121.119472853929693, 14.66480212220095 ], [ 121.11949071606962, 14.664814210330686 ], [ 121.119548387671571, 14.66485876959427 ], [ 121.119578695929292, 14.664883747901307 ], [ 121.119661224721284, 14.664960588596205 ], [ 121.119689003059378, 14.664988432908501 ], [ 121.119750261656378, 14.665053656739929 ], [ 121.119771523986245, 14.665078491344861 ], [ 121.119812795800598, 14.665133992072187 ], [ 121.11982640141801, 14.665154490119303 ], [ 121.119834485307507, 14.665168378854816 ], [ 121.119847345310276, 14.665195641553099 ], [ 121.119857202400851, 14.665223105885753 ], [ 121.119870612955168, 14.665272761844616 ], [ 121.119887326416674, 14.665342642710844 ], [ 121.119896157801691, 14.665372166459919 ], [ 121.119907135814984, 14.66539979530079 ], [ 121.119913595087411, 14.665412391220482 ], [ 121.119920591393424, 14.665423735311425 ], [ 121.119927740540831, 14.665433378026714 ], [ 121.1199379492855, 14.665444552903635 ], [ 121.119945960476386, 14.665451735431921 ], [ 121.119955749897031, 14.665459181773874 ], [ 121.119966970700858, 14.665466417380276 ], [ 121.119979235095798, 14.66547319691615 ], [ 121.120012764182178, 14.665488121122763 ], [ 121.120048178661179, 14.665501248709869 ], [ 121.120048134244783, 14.665415018949208 ], [ 121.120331749297549, 14.665414880322508 ], [ 121.120331883560141, 14.665674885464387 ], [ 121.120335189272652, 14.665679430168368 ], [ 121.120342312205125, 14.665690980918123 ], [ 121.120615507279453, 14.665690847042493 ], [ 121.120615650214802, 14.665966952728702 ], [ 121.120468953628901, 14.665967024656736 ], [ 121.120469124631612, 14.665972144657713 ], [ 121.12046758249997, 14.665983591381034 ], [ 121.120463698056994, 14.66599473538982 ], [ 121.12045605273336, 14.66600667859541 ], [ 121.120450361713083, 14.666012721843071 ], [ 121.120442858743644, 14.666018970942655 ], [ 121.120428654418774, 14.666027931226749 ], [ 121.120411801029505, 14.666035984434583 ], [ 121.120379947491102, 14.666047699287878 ], [ 121.120303949011813, 14.666071640468775 ], [ 121.120239861865542, 14.666095874991386 ], [ 121.120218060327687, 14.666103199519453 ], [ 121.120194945837881, 14.666109148803669 ], [ 121.120174333813694, 14.666112951204498 ], [ 121.120136546016354, 14.666116788167329 ], [ 121.120113099689021, 14.666117350382892 ], [ 121.120085564954479, 14.666116299814153 ], [ 121.12005831856392, 14.666113333876988 ], [ 121.120036062565902, 14.666109300347905 ], [ 121.120010158444259, 14.666102426726422 ], [ 121.119988869249127, 14.666094753593271 ], [ 121.119925599276044, 14.666066432363291 ], [ 121.119849512646695, 14.666034801011376 ], [ 121.119823678741554, 14.666022858059211 ], [ 121.11978844226249, 14.666003497188433 ], [ 121.119657840583443, 14.665923433427814 ], [ 121.119633508607251, 14.665907152093876 ], [ 121.119606002415054, 14.665886563237882 ], [ 121.119585735133313, 14.665869235747985 ], [ 121.119560037652008, 14.665844254976744 ], [ 121.119532152747979, 14.665813987804031 ], [ 121.119514723581133, 14.665792278536671 ], [ 121.119508407597863, 14.665782581098966 ], [ 121.119503037472725, 14.665771371255591 ], [ 121.11950175636899, 14.665765723472148 ], [ 121.119502906977573, 14.665762627595619 ], [ 121.119490956160959, 14.665761741030362 ], [ 121.119481081945167, 14.665762235771274 ], [ 121.119481187153696, 14.665967506566258 ], [ 121.119295131031052, 14.665967596869155 ], [ 121.119567851182737, 14.666187305448343 ], [ 121.120277384875308, 14.666820545196106 ], [ 121.120419168146285, 14.667019716933876 ], [ 121.120419522697375, 14.66700789877884 ], [ 121.12042198628933, 14.666985510015282 ], [ 121.120424848273515, 14.666969629465587 ], [ 121.120428844541777, 14.666953217665389 ], [ 121.120433887366843, 14.666937199316317 ], [ 121.120442566859595, 14.666916120621559 ], [ 121.120456109502314, 14.666891699536231 ], [ 121.120474980269762, 14.666865362278877 ], [ 121.120489018402182, 14.666848362949702 ], [ 121.120511619244724, 14.666823313841407 ], [ 121.120527022267368, 14.666808456526168 ], [ 121.120545376674755, 14.666794543071205 ], [ 121.120561160382877, 14.666785223226713 ], [ 121.120574167525575, 14.666778731262655 ], [ 121.120633758419274, 14.666753375833931 ], [ 121.120647896676715, 14.666746614667451 ], [ 121.12067133403886, 14.666732861603617 ], [ 121.120690177210051, 14.666718238147968 ], [ 121.120705382610637, 14.666704127502278 ], [ 121.120739011364677, 14.666670849699118 ], [ 121.120756005134652, 14.666652986798761 ], [ 121.120766109822497, 14.666640685718814 ], [ 121.120775558716275, 14.66662701832889 ], [ 121.120782114889934, 14.666615975449925 ], [ 121.120809245375, 14.666562692699264 ], [ 121.120815150641079, 14.666553191727367 ], [ 121.120821053652335, 14.666545586746345 ], [ 121.120826684034199, 14.666540123189522 ], [ 121.120834730841452, 14.666535089464492 ], [ 121.120844262026409, 14.66653277348796 ], [ 121.12085084364594, 14.666533325568963 ], [ 121.12085680163888, 14.666535486654462 ], [ 121.120864194396248, 14.666540957929156 ], [ 121.12086909750046, 14.666546965762684 ], [ 121.120873811153871, 14.666555375965387 ], [ 121.120879779887616, 14.666571944277973 ], [ 121.120882884932058, 14.666585015523443 ], [ 121.120886657466599, 14.666609179031935 ], [ 121.120889095543887, 14.666635574787408 ], [ 121.120890568786763, 14.666663531602149 ], [ 121.120891644393183, 14.6667358037421 ], [ 121.120890514261163, 14.666809825724599 ], [ 121.120888577660892, 14.666858907487025 ], [ 121.120886805448876, 14.666884372700723 ], [ 121.12064017502253, 14.667035954776168 ], [ 121.120614956437322, 14.667034778395385 ], [ 121.120430216071128, 14.667035236637826 ], [ 121.120572191642054, 14.66723467851121 ], [ 121.120607545268825, 14.667203539167133 ], [ 121.120713570707551, 14.667110147542065 ], [ 121.120869773160067, 14.666972564771836 ], [ 121.120998486817129, 14.666859192620576 ] ], [ [ 121.120899122681408, 14.665690707720833 ], [ 121.121182738080194, 14.665690568053103 ], [ 121.12118288172654, 14.665966673733527 ], [ 121.120899265972241, 14.66596681340415 ], [ 121.120899122681408, 14.665690707720833 ] ], [ [ 121.12061522141812, 14.665138635650546 ], [ 121.120898836109134, 14.665138496334647 ], [ 121.120898979393658, 14.665414602030994 ], [ 121.120615364347188, 14.665414741349775 ], [ 121.12061522141812, 14.665138635650546 ] ], [ [ 121.121749680163362, 14.665138076310663 ], [ 121.122033294841771, 14.665137935610566 ], [ 121.122033439548147, 14.665414041295323 ], [ 121.121749824514296, 14.665414181998321 ], [ 121.121749680163362, 14.665138076310663 ] ], [ [ 121.121466065481812, 14.665138216664696 ], [ 121.121465921489474, 14.664862110967624 ], [ 121.121749535815596, 14.664861970616492 ], [ 121.121749680163362, 14.665138076310663 ], [ 121.121466065481812, 14.665138216664696 ] ], [ [ 121.122316764458319, 14.664861688876098 ], [ 121.122600378774905, 14.664861547486842 ], [ 121.122600524189025, 14.665137653172257 ], [ 121.122316909516982, 14.665137794564426 ], [ 121.122316764458319, 14.664861688876098 ] ] ] ] } },
{ "type": "Feature", "properties": { "subcatchme": 1, "class_id": 10.0, "class_name": "Brush/Shrubs", "nrcs_class": "open_space_good", "SOILDESC": "Antipolo clay loam", "SoilSeries": "Antipolo", "hsg": "D", "slope_mean": 4.2829479967465698, "area_sqm": 176.922, "site_id": 25, "land_avail": 1, "dist_drain": 1671, "gi_type sg": "bioswale", "objectid": 15708, "gthcode": "8011374020150000", "globalid": "{B70F1B82-CB87-4CDA-826C-F3AACD4565EC}", "st_area(shape)": 0.00016570399867615388, "reg_name": "National Capital Region (NCR)", "prov_name": "NCR, Second District", "city_name": "City of Marikina", "brgy_name": "Fortune", "reg_code": "130000000", "prov_code": "137400000", "city_code": "137402000", "brgy_code": "137402015", "psgc_10d": "1380700015", "geographic_level": "Bgy", "old_names": "", "class": "Highly Urbanized Cities (HUC)", "income_class": "", "urban_rural2015": "U", "bgypop2015": 36142, "bgypop2020": 38624, "bgyarea_sqkm": 1.97494835, "gida": "No", "gida_yr": null, "st_perimeter(shape)": 0.061677093211003571, "created_user": null, "created_date": null, "last_edited_user": "ADMIN2", "last_edited_date": 1748789492000, "gi_type_x": "Bioswale", "flood_attenuation_score_x": 40.112257747444701, "site_cost_x": 1010947.38316, "selected": 1, "gi_type_y": "Bioswale", "flood_attenuation_score_y": 40.112257747444701, "site_cost_y": 1010947.38316, "selected_selection": 1.0 }, "geometry": { "type": "MultiPolygon", "coordinates": [ [ [ [ 121.124327917322617, 14.665945786017524 ], [ 121.124329218447713, 14.665839120950507 ], [ 121.124333034522834, 14.66541288767532 ], [ 121.12430235970406, 14.665412903213417 ], [ 121.12430263871839, 14.665934997147785 ], [ 121.124327917322617, 14.665945786017524 ] ] ] ] } },
{ "type": "Feature", "properties": { "subcatchme": 1, "class_id": 10.0, "class_name": "Brush/Shrubs", "nrcs_class": "open_space_good", "SOILDESC": "Antipolo clay loam", "SoilSeries": "Antipolo", "hsg": "D", "slope_mean": 3.0383613017889171, "area_sqm": 23082.439, "site_id": 26, "land_avail": 1, "dist_drain": 1561, "gi_type sg": "urban_fores", "objectid": 15708, "gthcode": "8011374020150000", "globalid": "{B70F1B82-CB87-4CDA-826C-F3AACD4565EC}", "st_area(shape)": 0.00016570399867615388, "reg_name": "National Capital Region (NCR)", "prov_name": "NCR, Second District", "city_name": "City of Marikina", "brgy_name": "Fortune", "reg_code": "130000000", "prov_code": "137400000", "city_code": "137402000", "brgy_code": "137402015", "psgc_10d": "1380700015", "geographic_level": "Bgy", "old_names": "", "class": "Highly Urbanized Cities (HUC)", "income_class": "", "urban_rural2015": "U", "bgypop2015": 36142, "bgypop2020": 38624, "bgyarea_sqkm": 1.97494835, "gida": "No", "gida_yr": null, "st_perimeter(shape)": 0.061677093211003571, "created_user": null, "created_date": null, "last_edited_user": "ADMIN2", "last_edited_date": 1748789492000, "gi_type_x": "Bioswale", "flood_attenuation_score_x": 54.782578973331802, "site_cost_x": 128658354.41042, "selected": 0, "gi_type_y": "Bioswale", "flood_attenuation_score_y": 54.782578973331802, "site_cost_y": 128658354.41042, "selected_selection": null }, "geometry": { "type": "MultiPolygon", "coordinates": [ [ [ [ 121.124352068276238, 14.663181019289587 ], [ 121.124346414441732, 14.66318228044622 ], [ 121.12433230164757, 14.66318271059234 ], [ 121.124311101802761, 14.6631819954577 ], [ 121.124274951808033, 14.663178553323709 ], [ 121.12423243891088, 14.66317123165523 ], [ 121.124196891549957, 14.663161992464866 ], [ 121.124172197110155, 14.663153487931034 ], [ 121.124151830257674, 14.663144888187336 ], [ 121.124125985383145, 14.663131620775381 ], [ 121.124105177778645, 14.663119075426494 ], [ 121.124076471695631, 14.663099511263882 ], [ 121.12405943345685, 14.663086799324002 ], [ 121.124031882959869, 14.663063546445636 ], [ 121.124019750998585, 14.663051459718252 ], [ 121.124007923185658, 14.663037886108294 ], [ 121.123973023066839, 14.662989931155343 ], [ 121.123956785010535, 14.662970136857815 ], [ 121.12394126458733, 14.66295469526429 ], [ 121.123924571203702, 14.662941604728644 ], [ 121.12390755757788, 14.662930910090239 ], [ 121.123888172415434, 14.662920731311788 ], [ 121.12381197794268, 14.662887193581065 ], [ 121.123785789604938, 14.662874040848058 ], [ 121.123768649458839, 14.662863706668917 ], [ 121.123755251248838, 14.662854136520197 ], [ 121.123738957591073, 14.662840219581533 ], [ 121.123697412535691, 14.662797750780214 ], [ 121.123683176276629, 14.662784343880931 ], [ 121.123669419608035, 14.662773265230388 ], [ 121.12365223012479, 14.662762185977318 ], [ 121.123635278875426, 14.662753761979564 ], [ 121.123615036642093, 14.662746014508771 ], [ 121.123581268720088, 14.662736798637445 ], [ 121.123545255901419, 14.662730232429686 ], [ 121.123503523647244, 14.662725219630287 ], [ 121.123464905739795, 14.662722176782113 ], [ 121.123450086715351, 14.662721536804783 ], [ 121.123450196432174, 14.662928381324214 ], [ 121.123733808247977, 14.662928238571475 ], [ 121.123733955061383, 14.66320434429073 ], [ 121.124017567229359, 14.663204201189032 ], [ 121.124017714401333, 14.663480306898807 ], [ 121.124349521039534, 14.663480139037253 ], [ 121.124352068276238, 14.663181019289587 ] ] ], [ [ [ 121.123006807205215, 14.662716491023554 ], [ 121.122978190536671, 14.662776966092846 ], [ 121.122962931748759, 14.663860340117656 ], [ 121.123176554797368, 14.665270824433525 ], [ 121.123451607350432, 14.665588022509903 ], [ 121.123451514669654, 14.665413332589539 ], [ 121.123735129684349, 14.665413189810236 ], [ 121.12373468917653, 14.664584872789261 ], [ 121.124018303121659, 14.664584729672773 ], [ 121.124018155936753, 14.664308623989063 ], [ 121.123734542347066, 14.664308767102586 ], [ 121.123734101877929, 14.663480450003462 ], [ 121.123450489351342, 14.663480592762111 ], [ 121.123450196432174, 14.662928381324214 ], [ 121.123166584613116, 14.662928523730987 ], [ 121.12316647265429, 14.662716938936576 ], [ 121.123006807205215, 14.662716491023554 ] ] ] ] } },
{ "type": "Feature", "properties": { "subcatchme": 4, "class_id": 10.0, "class_name": "Brush/Shrubs", "nrcs_class": "open_space_good", "SOILDESC": "Antipolo clay loam", "SoilSeries": "Antipolo", "hsg": "D", "slope_mean": 3.4508191862621822, "area_sqm": 31902.826, "site_id": 77, "land_avail": 1, "dist_drain": 1716, "gi_type sg": "urban_fores", "objectid": 15708, "gthcode": "8011374020150000", "globalid": "{B70F1B82-CB87-4CDA-826C-F3AACD4565EC}", "st_area(shape)": 0.00016570399867615388, "reg_name": "National Capital Region (NCR)", "prov_name": "NCR, Second District", "city_name": "City of Marikina", "brgy_name": "Fortune", "reg_code": "130000000", "prov_code": "137400000", "city_code": "137402000", "brgy_code": "137402015", "psgc_10d": "1380700015", "geographic_level": "Bgy", "old_names": "", "class": "Highly Urbanized Cities (HUC)", "income_class": "", "urban_rural2015": "U", "bgypop2015": 36142, "bgypop2020": 38624, "bgyarea_sqkm": 1.97494835, "gida": "No", "gida_yr": null, "st_perimeter(shape)": 0.061677093211003571, "created_user": null, "created_date": null, "last_edited_user": "ADMIN2", "last_edited_date": 1748789492000, "gi_type_x": "Bioswale", "flood_attenuation_score_x": 60.431781766992302, "site_cost_x": 177812430.67627999, "selected": 0, "gi_type_y": "Bioswale", "flood_attenuation_score_y": 60.431781766992302, "site_cost_y": 177812430.67627999, "selected_selection": null }, "geometry": { "type": "MultiPolygon", "coordinates": [ [ [ [ 121.128125421190262, 14.64778003163946 ], [ 121.128083035667203, 14.647821881977173 ], [ 121.128035808462059, 14.647866030382746 ], [ 121.128015686561028, 14.647886225814984 ], [ 121.127968126768337, 14.647939260584007 ], [ 121.1279388342288, 14.647975275149433 ], [ 121.12792501392272, 14.64799515979157 ], [ 121.127914736456972, 14.648011680353029 ], [ 121.127904115265494, 14.648030529762741 ], [ 121.127894562407633, 14.648050042067378 ], [ 121.127888950109948, 14.648065045760102 ], [ 121.127886165835406, 14.648077241739133 ], [ 121.12788555810863, 14.648088034575602 ], [ 121.127887291835123, 14.648098773956926 ], [ 121.127891038431741, 14.648107053325671 ], [ 121.127893970824005, 14.64811086715425 ], [ 121.127898368080437, 14.648114667466972 ], [ 121.127906873447813, 14.648118168268278 ], [ 121.127914716047229, 14.648117515629856 ], [ 121.127917759267007, 14.648115819424293 ], [ 121.127919809022586, 14.648115902795341 ], [ 121.127925522953603, 14.648117792380422 ], [ 121.127932221431067, 14.648121576869876 ], [ 121.127947780714194, 14.648133900584984 ], [ 121.127968644595086, 14.648154344496623 ], [ 121.128007815386653, 14.648195853385337 ], [ 121.128025603435901, 14.648216041187416 ], [ 121.128086546906573, 14.648292390063 ], [ 121.128712503847765, 14.648292062365543 ], [ 121.128712504648348, 14.648168216252184 ], [ 121.128712505546133, 14.648029318529685 ], [ 121.128712505632492, 14.648015956266557 ], [ 121.128263366831661, 14.648016191563542 ], [ 121.128263214515684, 14.647740085534371 ], [ 121.128168388090543, 14.647740135100685 ], [ 121.128125421190262, 14.64778003163946 ] ] ], [ [ [ 121.128333454042007, 14.651559131825286 ], [ 121.128291742623418, 14.651556368743812 ], [ 121.12826531864691, 14.651553746660465 ], [ 121.128265347243683, 14.651605569350725 ], [ 121.127698152843749, 14.651605865331279 ], [ 121.127698001194489, 14.651329759380577 ], [ 121.127414404344577, 14.651329906849234 ], [ 121.127414101766192, 14.650777694922233 ], [ 121.127130505623157, 14.650777842039096 ], [ 121.127129547100594, 14.649024241963634 ], [ 121.127104274518757, 14.64902959933697 ], [ 121.127079017763165, 14.649037187911443 ], [ 121.127059448201166, 14.649045444037819 ], [ 121.127048029430284, 14.649051737828136 ], [ 121.12703434258637, 14.649061465590357 ], [ 121.127023463541803, 14.649071752772816 ], [ 121.127015916072168, 14.649080821445091 ], [ 121.127008592917377, 14.649091675878861 ], [ 121.126998899616538, 14.64911044052252 ], [ 121.126989895121397, 14.649134880690374 ], [ 121.126983047569269, 14.64916121074614 ], [ 121.126976074268882, 14.649201032421987 ], [ 121.126972142695948, 14.649234200052469 ], [ 121.126963929465532, 14.64933693820169 ], [ 121.126960174199709, 14.649371423076213 ], [ 121.12695222340723, 14.649406879110638 ], [ 121.126943045763525, 14.649433123524979 ], [ 121.126930914992684, 14.649458104246644 ], [ 121.126921212045204, 14.649473521404401 ], [ 121.126904837201096, 14.649493714349125 ], [ 121.126893653192226, 14.649504494308419 ], [ 121.126883204050742, 14.649512905192168 ], [ 121.126872510292642, 14.649520171795631 ], [ 121.126859537721444, 14.64952754656958 ], [ 121.126844653053638, 14.649534475771366 ], [ 121.126828612071108, 14.649540499164125 ], [ 121.126798197713484, 14.649548772762621 ], [ 121.126768912574249, 14.649553711663883 ], [ 121.126742449085739, 14.649556050671524 ], [ 121.126718913937779, 14.649556452173309 ], [ 121.126702722049686, 14.649555436122551 ], [ 121.126695814304043, 14.649553665219484 ], [ 121.12669721373075, 14.649555455022647 ], [ 121.126697193784466, 14.649559769250438 ], [ 121.126694658652241, 14.649566665953508 ], [ 121.126690448239984, 14.649573977530988 ], [ 121.126678281428781, 14.649589539311526 ], [ 121.126663461136161, 14.649605059839221 ], [ 121.126639410779191, 14.649627752105392 ], [ 121.126612086404975, 14.649651113869169 ], [ 121.126590704790715, 14.649667243074701 ], [ 121.126563350956701, 14.649685222002041 ], [ 121.126538156954041, 14.649699834771051 ], [ 121.126502161994964, 14.649718705657291 ], [ 121.126379808322639, 14.649779645256267 ], [ 121.126359746751319, 14.649788332945842 ], [ 121.126341103888649, 14.649795448733508 ], [ 121.126272243434144, 14.649818065579238 ], [ 121.126247381059471, 14.649826965821672 ], [ 121.126224549118575, 14.649837022919634 ], [ 121.126213404566101, 14.649843154392217 ], [ 121.126203519679734, 14.64984971714796 ], [ 121.126195219368753, 14.649856489680337 ], [ 121.12618609326708, 14.64986617097961 ], [ 121.126179261976361, 14.649876264789469 ], [ 121.126173317198905, 14.64988941129676 ], [ 121.126170480748613, 14.649899430648343 ], [ 121.126168764038653, 14.649910071746453 ], [ 121.126168220409568, 14.649921611560961 ], [ 121.126169885278017, 14.649939788054928 ], [ 121.126172482945748, 14.649951311603948 ], [ 121.126175870931803, 14.649961697402746 ], [ 121.126183534280031, 14.649978539519037 ], [ 121.12619755858384, 14.650001310710756 ], [ 121.126212333044691, 14.650022099748091 ], [ 121.126242684483813, 14.650061542455253 ], [ 121.126295301471501, 14.650120661501303 ], [ 121.12635593707445, 14.650193708285462 ], [ 121.126369454823148, 14.650211645878194 ], [ 121.126382555444536, 14.650231481549696 ], [ 121.12640049685794, 14.650263111880344 ], [ 121.126433944837387, 14.65032649210025 ], [ 121.126466830853488, 14.650381070922318 ], [ 121.126480021073363, 14.650405111444943 ], [ 121.126494981267399, 14.650436929229729 ], [ 121.126523827229661, 14.650503896314666 ], [ 121.12655176108467, 14.650561319934527 ], [ 121.126562552164671, 14.650586521396477 ], [ 121.126571367655245, 14.650612522106584 ], [ 121.126579285141773, 14.650642611269738 ], [ 121.126587292289557, 14.65068213966908 ], [ 121.126607355296215, 14.650802959528535 ], [ 121.126615844330601, 14.650841490480545 ], [ 121.126626951877213, 14.650878936362414 ], [ 121.126645441697079, 14.650928840823958 ], [ 121.12665240322147, 14.650949959132227 ], [ 121.126659663648169, 14.650977740308436 ], [ 121.126664425542629, 14.6510015538855 ], [ 121.126668672863374, 14.651029229457857 ], [ 121.12667447218891, 14.65108618379295 ], [ 121.126682349741259, 14.651225518645743 ], [ 121.126684765974218, 14.65126003694259 ], [ 121.126689104900095, 14.651302494594837 ], [ 121.126693488733167, 14.65133147443944 ], [ 121.126699433055165, 14.651359458294504 ], [ 121.126705990116875, 14.6513819686978 ], [ 121.126716282975693, 14.651407583665961 ], [ 121.126727048868645, 14.651427234237348 ], [ 121.126741875114419, 14.651448499031764 ], [ 121.126767045459019, 14.651478644006854 ], [ 121.126787689899501, 14.651500024342475 ], [ 121.126799382603082, 14.651510449911131 ], [ 121.126812445398073, 14.651520656967476 ], [ 121.126877802875399, 14.651564280229469 ], [ 121.12691237784081, 14.65159032029678 ], [ 121.126928690680032, 14.651604540761332 ], [ 121.126948929689249, 14.651624479088385 ], [ 121.126965036105844, 14.651642128432718 ], [ 121.126982999660655, 14.651663416673804 ], [ 121.126999567117778, 14.65168459787588 ], [ 121.127015932385405, 14.651708163285711 ], [ 121.127027621519062, 14.651728298449644 ], [ 121.127035372847033, 14.651744631556523 ], [ 121.127040087208599, 14.65175656436457 ], [ 121.127047006192186, 14.651779746434627 ], [ 121.127050415801222, 14.651801797697626 ], [ 121.127049185852698, 14.651814255598262 ], [ 121.127047891616371, 14.651815815851677 ], [ 121.128625803809001, 14.651828517496904 ], [ 121.128624152170886, 14.651825926778484 ], [ 121.128623822351287, 14.651823883509516 ], [ 121.128625280007512, 14.651818270442426 ], [ 121.128627174884059, 14.651815061191797 ], [ 121.128634720023598, 14.651806928714324 ], [ 121.128643623471589, 14.651800403147284 ], [ 121.128663181688196, 14.651790118855299 ], [ 121.128682898830093, 14.65178232651135 ], [ 121.128712481343129, 14.651773130774236 ], [ 121.128712482199688, 14.651640659305768 ], [ 121.128712482723927, 14.651559581074903 ], [ 121.128545038809349, 14.651561828532513 ], [ 121.128430500326445, 14.65156175637634 ], [ 121.128378635724616, 14.651560854620255 ], [ 121.128333454042007, 14.651559131825286 ] ] ], [ [ [ 121.128265882882673, 14.65121434770318 ], [ 121.128309171261677, 14.651224006255184 ], [ 121.128373714370909, 14.651242766466089 ], [ 121.128399239933842, 14.651247387479193 ], [ 121.128417846919675, 14.651248552996751 ], [ 121.128430637890716, 14.651248144414263 ], [ 121.12844939616528, 14.651245484767509 ], [ 121.128466690583494, 14.651240311824262 ], [ 121.128481334805969, 14.651233067902254 ], [ 121.128489034188775, 14.651227758103783 ], [ 121.128495577947035, 14.651222115472027 ], [ 121.128502373281094, 14.651214830081557 ], [ 121.12850921491696, 14.651205589398602 ], [ 121.12851850687619, 14.651188722902772 ], [ 121.128526814510025, 14.651166981013496 ], [ 121.128533039096695, 14.651143169095469 ], [ 121.128537513515965, 14.651117766995203 ], [ 121.12854090219281, 14.65108598669176 ], [ 121.128542423107646, 14.65105312857688 ], [ 121.128542423039804, 14.651028095342886 ], [ 121.128541444630983, 14.651002949404555 ], [ 121.128539148581723, 14.650975014807926 ], [ 121.128535458014483, 14.650947443133576 ], [ 121.128530173823705, 14.650920507512447 ], [ 121.128524093063248, 14.650897852762057 ], [ 121.128519568546608, 14.650884323714987 ], [ 121.128512869312686, 14.65086760508831 ], [ 121.128505947929867, 14.650852999394871 ], [ 121.128494236043977, 14.650831376576759 ], [ 121.128465086324823, 14.650780869511111 ], [ 121.128446455407712, 14.650750598383253 ], [ 121.128434153461626, 14.650733424381022 ], [ 121.12842559098037, 14.650723080108724 ], [ 121.128412888621995, 14.650710101598465 ], [ 121.128396720911837, 14.65069714942673 ], [ 121.12838643653653, 14.650690523689416 ], [ 121.12837447702087, 14.650683967615127 ], [ 121.128354417043184, 14.650674969555791 ], [ 121.128322457522188, 14.65066394176444 ], [ 121.128288995135478, 14.650654778012044 ], [ 121.128221084958938, 14.650637827073121 ], [ 121.128188314137645, 14.650628005537003 ], [ 121.128167224484926, 14.650620132449774 ], [ 121.128148260809553, 14.650611349246455 ], [ 121.128132943620059, 14.650602524897174 ], [ 121.128120495685039, 14.650593803166204 ], [ 121.128102007461379, 14.65057789157504 ], [ 121.12805141060791, 14.65052413196503 ], [ 121.128031989695899, 14.650505902937716 ], [ 121.128008337269563, 14.65048741572866 ], [ 121.127981123801817, 14.650468148088905 ], [ 121.127981294042357, 14.650777399651419 ], [ 121.128264890175402, 14.650777251497471 ], [ 121.128265131302484, 14.651214238593084 ], [ 121.128265882882673, 14.65121434770318 ] ] ], [ [ [ 121.127754055579885, 14.650223669746488 ], [ 121.127751239341833, 14.6502127336763 ], [ 121.12774946863216, 14.650201102922573 ], [ 121.127748831634079, 14.650189105344044 ], [ 121.127749986534752, 14.650171049146525 ], [ 121.12775337688781, 14.650153947203247 ], [ 121.127759763882509, 14.650135172181765 ], [ 121.127765633755587, 14.650122529300887 ], [ 121.127776294809365, 14.650103483221395 ], [ 121.127838413766042, 14.650004088889609 ], [ 121.12785034317676, 14.649982809964467 ], [ 121.127859649181488, 14.64996253836453 ], [ 121.127866724168896, 14.649943523061959 ], [ 121.127871046326362, 14.649929716372396 ], [ 121.127879697998551, 14.649894567779402 ], [ 121.1278861000267, 14.649857949694621 ], [ 121.127889922759437, 14.649828294849421 ], [ 121.127892904419511, 14.649798103650888 ], [ 121.127896050587353, 14.649754441019516 ], [ 121.127899917744784, 14.649665657504407 ], [ 121.127904120474582, 14.649531775306629 ], [ 121.127909080501055, 14.649444262187068 ], [ 121.12791325230431, 14.649401807956801 ], [ 121.127916599914414, 14.649376836011539 ], [ 121.127920747016972, 14.649352486842073 ], [ 121.127927865068145, 14.649321070943119 ], [ 121.127937232169003, 14.649291411914003 ], [ 121.127942803816751, 14.649277702034114 ], [ 121.127951898140921, 14.649259507292941 ], [ 121.127960724038289, 14.649245377161121 ], [ 121.127970291427133, 14.649232688114216 ], [ 121.127982825848008, 14.649218531795569 ], [ 121.128021624980349, 14.649180180799954 ], [ 121.12803472788147, 14.649165976636464 ], [ 121.128045060683078, 14.649152894297954 ], [ 121.128053448578243, 14.649140060195663 ], [ 121.128062155768149, 14.649123292028662 ], [ 121.128063215424277, 14.649120720518477 ], [ 121.127696788120176, 14.649120911540733 ], [ 121.127697394630701, 14.650225335512713 ], [ 121.127754702083607, 14.650225305673516 ], [ 121.127754055579885, 14.650223669746488 ] ] ] ] } },
{ "type": "Feature", "properties": { "subcatchme": 7, "class_id": 10.0, "class_name": "Brush/Shrubs", "nrcs_class": "open_space_good", "SOILDESC": "Quingua silt loam", "SoilSeries": "Quingua", "hsg": "B", "slope_mean": 0.46887946128845198, "area_sqm": 5.153, "site_id": 85, "land_avail": 1, "dist_drain": 0, "gi_type sg": "permeable_p", "objectid": 17673, "gthcode": "8011374020140000", "globalid": "{056110EC-1EA0-44C9-B98C-360A50B14EFE}", "st_area(shape)": 6.8141890460459638e-05, "reg_name": "National Capital Region (NCR)", "prov_name": "NCR, Second District", "city_name": "City of Marikina", "brgy_name": "Industrial Valley", "reg_code": "130000000", "prov_code": "137400000", "city_code": "137402000", "brgy_code": "137402014", "psgc_10d": "1380700014", "geographic_level": "Bgy", "old_names": "", "class": "Highly Urbanized Cities (HUC)", "income_class": "", "urban_rural2015": "U", "bgypop2015": 15995, "bgypop2020": 16461, "bgyarea_sqkm": 0.81228101, "gida": "No", "gida_yr": null, "st_perimeter(shape)": 0.037441425492408212, "created_user": null, "created_date": null, "last_edited_user": "ADMIN2", "last_edited_date": 1748789492000, "gi_type_x": "Bioswale", "flood_attenuation_score_x": 40.001660891685198, "site_cost_x": 53716.53534, "selected": 1, "gi_type_y": "Bioswale", "flood_attenuation_score_y": 40.001660891685198, "site_cost_y": 53716.53534, "selected_selection": 1.0 }, "geometry": { "type": "MultiPolygon", "coordinates": [ [ [ [ 121.081367828379655, 14.621250019153608 ], [ 121.081249980050146, 14.621250019113035 ], [ 121.08124998005006, 14.621253668273766 ], [ 121.081370313931686, 14.621253629700416 ], [ 121.081367828379655, 14.621250019153608 ] ] ] ] } },
{ "type": "Feature", "properties": { "subcatchme": 7, "class_id": 10.0, "class_name": "Brush/Shrubs", "nrcs_class": "open_space_good", "SOILDESC": "Marikina silt loam", "SoilSeries": "Marikina", "hsg": "B", "slope_mean": 0.84722975172578296, "area_sqm": 46.618, "site_id": 86, "land_avail": 1, "dist_drain": 0, "gi_type sg": "permeable_p", "objectid": 17673, "gthcode": "8011374020140000", "globalid": "{056110EC-1EA0-44C9-B98C-360A50B14EFE}", "st_area(shape)": 6.8141890460459638e-05, "reg_name": "National Capital Region (NCR)", "prov_name": "NCR, Second District", "city_name": "City of Marikina", "brgy_name": "Industrial Valley", "reg_code": "130000000", "prov_code": "137400000", "city_code": "137402000", "brgy_code": "137402014", "psgc_10d": "1380700014", "geographic_level": "Bgy", "old_names": "", "class": "Highly Urbanized Cities (HUC)", "income_class": "", "urban_rural2015": "U", "bgypop2015": 15995, "bgypop2020": 16461, "bgyarea_sqkm": 0.81228101, "gida": "No", "gida_yr": null, "st_perimeter(shape)": 0.037441425492408212, "created_user": null, "created_date": null, "last_edited_user": "ADMIN2", "last_edited_date": 1748789492000, "gi_type_x": "Bioswale", "flood_attenuation_score_x": 40.023520492716493, "site_cost_x": 284791.85803999996, "selected": 1, "gi_type_y": "Bioswale", "flood_attenuation_score_y": 40.023520492716493, "site_cost_y": 284791.85803999996, "selected_selection": 1.0 }, "geometry": { "type": "MultiPolygon", "coordinates": [ [ [ [ 121.081249980049691, 14.621078830892317 ], [ 121.081249980049819, 14.620972241334915 ], [ 121.081176602483481, 14.620972241366982 ], [ 121.081249980049691, 14.621078830892317 ] ] ] ] } },
{ "type": "Feature", "properties": { "subcatchme": 7, "class_id": 10.0, "class_name": "Brush/Shrubs", "nrcs_class": "open_space_good", "SOILDESC": "Quingua silt loam", "SoilSeries": "Quingua", "hsg": "B", "slope_mean": 2.6411424394244221, "area_sqm": 873.198, "site_id": 87, "land_avail": 1, "dist_drain": 0, "gi_type sg": "bioswale", "objectid": 17673, "gthcode": "8011374020140000", "globalid": "{056110EC-1EA0-44C9-B98C-360A50B14EFE}", "st_area(shape)": 6.8141890460459638e-05, "reg_name": "National Capital Region (NCR)", "prov_name": "NCR, Second District", "city_name": "City of Marikina", "brgy_name": "Industrial Valley", "reg_code": "130000000", "prov_code": "137400000", "city_code": "137402000", "brgy_code": "137402014", "psgc_10d": "1380700014", "geographic_level": "Bgy", "old_names": "", "class": "Highly Urbanized Cities (HUC)", "income_class": "", "urban_rural2015": "U", "bgypop2015": 15995, "bgypop2020": 16461, "bgyarea_sqkm": 0.81228101, "gida": "No", "gida_yr": null, "st_perimeter(shape)": 0.037441425492408212, "created_user": null, "created_date": null, "last_edited_user": "ADMIN2", "last_edited_date": 1748789492000, "gi_type_x": "Bioswale", "flood_attenuation_score_x": 40.459278578343202, "site_cost_x": 4891140.3504399993, "selected": 1, "gi_type_y": "Bioswale", "flood_attenuation_score_y": 40.459278578343202, "site_cost_y": 4891140.3504399993, "selected_selection": 1.0 }, "geometry": { "type": "MultiPolygon", "coordinates": [ [ [ [ 121.081176602483481, 14.620972241366982 ], [ 121.080972202271823, 14.620972241334568 ], [ 121.080972202272164, 14.621250019112697 ], [ 121.081249980050146, 14.621250019113035 ], [ 121.081249980049691, 14.621078830892317 ], [ 121.081176602483481, 14.620972241366982 ] ] ] ] } },
{ "type": "Feature", "properties": { "subcatchme": 7, "class_id": 10.0, "class_name": "Brush/Shrubs", "nrcs_class": "open_space_good", "SOILDESC": "Quingua silt loam", "SoilSeries": "Quingua", "hsg": "B", "slope_mean": 4.9168181419513397, "area_sqm": 302.396, "site_id": 94, "land_avail": 1, "dist_drain": 51, "gi_type sg": "bioswale", "objectid": 17673, "gthcode": "8011374020140000", "globalid": "{056110EC-1EA0-44C9-B98C-360A50B14EFE}", "st_area(shape)": 6.8141890460459638e-05, "reg_name": "National Capital Region (NCR)", "prov_name": "NCR, Second District", "city_name": "City of Marikina", "brgy_name": "Industrial Valley", "reg_code": "130000000", "prov_code": "137400000", "city_code": "137402000", "brgy_code": "137402014", "psgc_10d": "1380700014", "geographic_level": "Bgy", "old_names": "", "class": "Highly Urbanized Cities (HUC)", "income_class": "", "urban_rural2015": "U", "bgypop2015": 15995, "bgypop2020": 16461, "bgyarea_sqkm": 0.81228101, "gida": "No", "gida_yr": null, "st_perimeter(shape)": 0.037441425492408212, "created_user": null, "created_date": null, "last_edited_user": "ADMIN2", "last_edited_date": 1748789492000, "gi_type_x": "Bioswale", "flood_attenuation_score_x": 40.158362046619899, "site_cost_x": 1710186.3808800001, "selected": 1, "gi_type_y": "Bioswale", "flood_attenuation_score_y": 40.158362046619899, "site_cost_y": 1710186.3808800001, "selected_selection": 1.0 }, "geometry": { "type": "MultiPolygon", "coordinates": [ [ [ [ 121.081352074258419, 14.622932916716346 ], [ 121.08135030304615, 14.623186385662031 ], [ 121.081441959358955, 14.623186356243663 ], [ 121.081444357474084, 14.622910248415989 ], [ 121.081352622718441, 14.622910277859903 ], [ 121.081352074258419, 14.622932916716346 ] ] ] ] } },
{ "type": "Feature", "properties": { "subcatchme": 7, "class_id": 10.0, "class_name": "Brush/Shrubs", "nrcs_class": "open_space_good", "SOILDESC": "Quingua silt loam", "SoilSeries": "Quingua", "hsg": "B", "slope_mean": 1.4063873291015629, "area_sqm": 21.222, "site_id": 95, "land_avail": 1, "dist_drain": 100, "gi_type sg": "permeable_p", "objectid": 17673, "gthcode": "8011374020140000", "globalid": "{056110EC-1EA0-44C9-B98C-360A50B14EFE}", "st_area(shape)": 6.8141890460459638e-05, "reg_name": "National Capital Region (NCR)", "prov_name": "NCR, Second District", "city_name": "City of Marikina", "brgy_name": "Industrial Valley", "reg_code": "130000000", "prov_code": "137400000", "city_code": "137402000", "brgy_code": "137402014", "psgc_10d": "1380700014", "geographic_level": "Bgy", "old_names": "", "class": "Highly Urbanized Cities (HUC)", "income_class": "", "urban_rural2015": "U", "bgypop2015": 15995, "bgypop2020": 16461, "bgyarea_sqkm": 0.81228101, "gida": "No", "gida_yr": null, "st_perimeter(shape)": 0.037441425492408212, "created_user": null, "created_date": null, "last_edited_user": "ADMIN2", "last_edited_date": 1748789492000, "gi_type_x": "Bioswale", "flood_attenuation_score_x": 40.010132179011201, "site_cost_x": 143265.53716000001, "selected": 1, "gi_type_y": "Bioswale", "flood_attenuation_score_y": 40.010132179011201, "site_cost_y": 143265.53716000001, "selected_selection": 1.0 }, "geometry": { "type": "MultiPolygon", "coordinates": [ [ [ [ 121.081436367557217, 14.623830168438829 ], [ 121.081437163116377, 14.623738571879562 ], [ 121.081398290659678, 14.623738584360291 ], [ 121.081436367557217, 14.623830168438829 ] ] ] ] } },
{ "type": "Feature", "properties": { "subcatchme": 7, "class_id": 10.0, "class_name": "Brush/Shrubs", "nrcs_class": "open_space_good", "SOILDESC": "Quingua silt loam", "SoilSeries": "Quingua", "hsg": "B", "slope_mean": 4.629600604375204, "area_sqm": 3253.155, "site_id": 98, "land_avail": 1, "dist_drain": 0, "gi_type sg": "urban_fores", "objectid": 17673, "gthcode": "8011374020140000", "globalid": "{056110EC-1EA0-44C9-B98C-360A50B14EFE}", "st_area(shape)": 6.8141890460459638e-05, "reg_name": "National Capital Region (NCR)", "prov_name": "NCR, Second District", "city_name": "City of Marikina", "brgy_name": "Industrial Valley", "reg_code": "130000000", "prov_code": "137400000", "city_code": "137402000", "brgy_code": "137402014", "psgc_10d": "1380700014", "geographic_level": "Bgy", "old_names": "", "class": "Highly Urbanized Cities (HUC)", "income_class": "", "urban_rural2015": "U", "bgypop2015": 15995, "bgypop2020": 16461, "bgyarea_sqkm": 0.81228101, "gida": "No", "gida_yr": null, "st_perimeter(shape)": 0.037441425492408212, "created_user": null, "created_date": null, "last_edited_user": "ADMIN2", "last_edited_date": 1748789492000, "gi_type_x": "Bioswale", "flood_attenuation_score_x": 41.713949035157803, "site_cost_x": 18154117.120900001, "selected": 0, "gi_type_y": "Bioswale", "flood_attenuation_score_y": 41.713949035157803, "site_cost_y": 18154117.120900001, "selected_selection": null }, "geometry": { "type": "MultiPolygon", "coordinates": [ [ [ [ 121.080972202272164, 14.621250019112697 ], [ 121.080972202271823, 14.620972241334568 ], [ 121.080694424493871, 14.620972241334226 ], [ 121.080694424493572, 14.620701631331704 ], [ 121.080610607049522, 14.620701657962128 ], [ 121.080610604640029, 14.620694463590882 ], [ 121.080416646715605, 14.620694463555777 ], [ 121.080416646715477, 14.620828555970775 ], [ 121.080483931846828, 14.620907814042102 ], [ 121.080496765051691, 14.62092496186054 ], [ 121.08050995820301, 14.620944905097828 ], [ 121.080548963303883, 14.621012198309458 ], [ 121.080559215079077, 14.621028645273851 ], [ 121.080571314514685, 14.621046181061413 ], [ 121.080581726563452, 14.621059883883724 ], [ 121.08063751003354, 14.621128540718155 ], [ 121.080697433150974, 14.621196521326562 ], [ 121.080764180141855, 14.62127833604529 ], [ 121.080784263565235, 14.621307035107135 ], [ 121.080827718597462, 14.621378010492826 ], [ 121.080839311504832, 14.621394351012761 ], [ 121.080852837220505, 14.621410846622268 ], [ 121.080873393367028, 14.621432139174596 ], [ 121.08090524085182, 14.621461112245846 ], [ 121.080924009768111, 14.621476176185345 ], [ 121.080945622272594, 14.621490611066477 ], [ 121.080967419158213, 14.621502197172356 ], [ 121.080993197856927, 14.621513324452721 ], [ 121.081076386974757, 14.621542597427243 ], [ 121.081103053154123, 14.621553059647132 ], [ 121.081121135027345, 14.621561423252551 ], [ 121.08114036817328, 14.62157208813889 ], [ 121.081158383880606, 14.621584223270524 ], [ 121.081178026081972, 14.621599813676063 ], [ 121.081177909266913, 14.621253691346512 ], [ 121.08124998005006, 14.621253668273766 ], [ 121.081249980050146, 14.621250019113035 ], [ 121.080972202272164, 14.621250019112697 ] ] ], [ [ [ 121.081357320442834, 14.621857510401957 ], [ 121.081408055406172, 14.6219478705304 ], [ 121.08142382133164, 14.621969636907359 ], [ 121.081428400651092, 14.621974437150918 ], [ 121.081438538692439, 14.621982191294974 ], [ 121.081446815858953, 14.621985140467743 ], [ 121.081452407507243, 14.621983341138886 ], [ 121.081455953141585, 14.621805816396957 ], [ 121.081325598101827, 14.621805858229289 ], [ 121.081357320442834, 14.621857510401957 ] ] ] ] } },
{ "type": "Feature", "properties": { "subcatchme": 8, "class_id": 10.0, "class_name": "Brush/Shrubs", "nrcs_class": "open_space_good", "SOILDESC": "Quingua silt loam", "SoilSeries": "Quingua", "hsg": "B", "slope_mean": 2.944375222693886, "area_sqm": 896.229, "site_id": 101, "land_avail": 1, "dist_drain": 0, "gi_type sg": "bioswale", "objectid": 17673, "gthcode": "8011374020140000", "globalid": "{056110EC-1EA0-44C9-B98C-360A50B14EFE}", "st_area(shape)": 6.8141890460459638e-05, "reg_name": "National Capital Region (NCR)", "prov_name": "NCR, Second District", "city_name": "City of Marikina", "brgy_name": "Industrial Valley", "reg_code": "130000000", "prov_code": "137400000", "city_code": "137402000", "brgy_code": "137402014", "psgc_10d": "1380700014", "geographic_level": "Bgy", "old_names": "", "class": "Highly Urbanized Cities (HUC)", "income_class": "", "urban_rural2015": "U", "bgypop2015": 15995, "bgypop2020": 16461, "bgyarea_sqkm": 0.81228101, "gida": "No", "gida_yr": null, "st_perimeter(shape)": 0.037441425492408212, "created_user": null, "created_date": null, "last_edited_user": "ADMIN2", "last_edited_date": 1748789492000, "gi_type_x": "Bioswale", "flood_attenuation_score_x": 40.471420106652701, "site_cost_x": 5019487.0466200002, "selected": 1, "gi_type_y": "Bioswale", "flood_attenuation_score_y": 40.471420106652701, "site_cost_y": 5019487.0466200002, "selected_selection": 1.0 }, "geometry": { "type": "MultiPolygon", "coordinates": [ [ [ [ 121.080694424493871, 14.620972241334226 ], [ 121.080972202271823, 14.620972241334568 ], [ 121.080972202271496, 14.620701542860878 ], [ 121.080694424493572, 14.620701631331704 ], [ 121.080694424493871, 14.620972241334226 ] ] ] ] } },
{ "type": "Feature", "properties": { "subcatchme": 11, "class_id": 10.0, "class_name": "Brush/Shrubs", "nrcs_class": "open_space_good", "SOILDESC": "Marikina silt loam", "SoilSeries": "Marikina", "hsg": "B", "slope_mean": 2.945274710655212, "area_sqm": 1331.342, "site_id": 114, "land_avail": 1, "dist_drain": 0, "gi_type sg": "bioswale", "objectid": 17673, "gthcode": "8011374020140000", "globalid": "{056110EC-1EA0-44C9-B98C-360A50B14EFE}", "st_area(shape)": 6.8141890460459638e-05, "reg_name": "National Capital Region (NCR)", "prov_name": "NCR, Second District", "city_name": "City of Marikina", "brgy_name": "Industrial Valley", "reg_code": "130000000", "prov_code": "137400000", "city_code": "137402000", "brgy_code": "137402014", "psgc_10d": "1380700014", "geographic_level": "Bgy", "old_names": "", "class": "Highly Urbanized Cities (HUC)", "income_class": "", "urban_rural2015": "U", "bgypop2015": 15995, "bgypop2020": 16461, "bgyarea_sqkm": 0.81228101, "gida": "No", "gida_yr": null, "st_perimeter(shape)": 0.037441425492408212, "created_user": null, "created_date": null, "last_edited_user": "ADMIN2", "last_edited_date": 1748789492000, "gi_type_x": "Bioswale", "flood_attenuation_score_x": 40.700803841937002, "site_cost_x": 7444276.0707599996, "selected": 1, "gi_type_y": "Bioswale", "flood_attenuation_score_y": 40.700803841937002, "site_cost_y": 7444276.0707599996, "selected_selection": 1.0 }, "geometry": { "type": "MultiPolygon", "coordinates": [ [ [ [ 121.081367828379655, 14.621250019153608 ], [ 121.081370681616988, 14.621250019153841 ], [ 121.081364776379942, 14.621161740704066 ], [ 121.081359354982581, 14.621107495316885 ], [ 121.081355175537013, 14.621081231703609 ], [ 121.081352014931312, 14.621065999900786 ], [ 121.081346328962709, 14.621044571368767 ], [ 121.081339935563648, 14.621026160816308 ], [ 121.08133363253954, 14.621011557422969 ], [ 121.081306595117027, 14.620960918775546 ], [ 121.081296431109919, 14.620939916068723 ], [ 121.081268457374193, 14.620871844425579 ], [ 121.081259819965254, 14.620852565909633 ], [ 121.081246562050922, 14.620827568643472 ], [ 121.081218764289005, 14.62078326594659 ], [ 121.081207742598878, 14.620763347853375 ], [ 121.081195408559296, 14.620736914068763 ], [ 121.081177720735795, 14.620695054226292 ], [ 121.081177722903362, 14.620701477190529 ], [ 121.080990246666673, 14.620701537102377 ], [ 121.081176602483481, 14.620972241366982 ], [ 121.081249980049819, 14.620972241334915 ], [ 121.081249980049691, 14.621078830892317 ], [ 121.081367828379655, 14.621250019153608 ] ] ], [ [ [ 121.080999436212821, 14.62042155302901 ], [ 121.080996745482722, 14.620414201805525 ], [ 121.0809900633609, 14.620400721303955 ], [ 121.08097924027058, 14.620385082989007 ], [ 121.080969227861445, 14.620373559602537 ], [ 121.080927373329487, 14.620330751527932 ], [ 121.080891526221691, 14.620286997036343 ], [ 121.080880350665339, 14.620275823743349 ], [ 121.080853197548436, 14.62025102651806 ], [ 121.080845921875436, 14.620242733826519 ], [ 121.080840127757355, 14.620234511173663 ], [ 121.080832249327429, 14.620219001935054 ], [ 121.080827735461739, 14.620206244179046 ], [ 121.080823966904546, 14.620192198452601 ], [ 121.08081471157945, 14.620149378815571 ], [ 121.080650730497581, 14.620149430969972 ], [ 121.080749491730714, 14.620351810349293 ], [ 121.080800213747807, 14.620425490557583 ], [ 121.081000348367823, 14.620425426759418 ], [ 121.080999436212821, 14.62042155302901 ] ] ] ] } },
{ "type": "Feature", "properties": { "subcatchme": 11, "class_id": 10.0, "class_name": "Brush/Shrubs", "nrcs_class": "open_space_good", "SOILDESC": "Quingua silt loam", "SoilSeries": "Quingua", "hsg": "B", "slope_mean": 2.835983514785767, "area_sqm": 2167.155, "site_id": 115, "land_avail": 1, "dist_drain": 0, "gi_type sg": "urban_fores", "objectid": 17673, "gthcode": "8011374020140000", "globalid": "{056110EC-1EA0-44C9-B98C-360A50B14EFE}", "st_area(shape)": 6.8141890460459638e-05, "reg_name": "National Capital Region (NCR)", "prov_name": "NCR, Second District", "city_name": "City of Marikina", "brgy_name": "Industrial Valley", "reg_code": "130000000", "prov_code": "137400000", "city_code": "137402000", "brgy_code": "137402014", "psgc_10d": "1380700014", "geographic_level": "Bgy", "old_names": "", "class": "Highly Urbanized Cities (HUC)", "income_class": "", "urban_rural2015": "U", "bgypop2015": 15995, "bgypop2020": 16461, "bgyarea_sqkm": 0.81228101, "gida": "No", "gida_yr": null, "st_perimeter(shape)": 0.037441425492408212, "created_user": null, "created_date": null, "last_edited_user": "ADMIN2", "last_edited_date": 1748789492000, "gi_type_x": "Bioswale", "flood_attenuation_score_x": 41.141429398836401, "site_cost_x": 12102078.040899999, "selected": 1, "gi_type_y": "Bioswale", "flood_attenuation_score_y": 41.141429398836401, "site_cost_y": 12102078.040899999, "selected_selection": 1.0 }, "geometry": { "type": "MultiPolygon", "coordinates": [ [ [ [ 121.080972202271823, 14.620972241334568 ], [ 121.081176602483481, 14.620972241366982 ], [ 121.080990246666673, 14.620701537102377 ], [ 121.080972202271496, 14.620701542860878 ], [ 121.080972202271823, 14.620972241334568 ] ] ], [ [ [ 121.080749491730714, 14.620351810349293 ], [ 121.080650730497581, 14.620149430969972 ], [ 121.08062162654781, 14.620149440214483 ], [ 121.080625438188022, 14.6201546644839 ], [ 121.080632737674094, 14.620166517982847 ], [ 121.08065241273097, 14.620204073625192 ], [ 121.080678484972253, 14.620258955412279 ], [ 121.080684873568714, 14.620273743877867 ], [ 121.080689711855385, 14.62028729595524 ], [ 121.080693817780599, 14.620304171257205 ], [ 121.080695634645338, 14.620324937142323 ], [ 121.080694413556202, 14.620341464923611 ], [ 121.080692051350454, 14.620352814101999 ], [ 121.080688236122597, 14.620364120586665 ], [ 121.080680238877562, 14.620379170121666 ], [ 121.08067397480427, 14.620387333224699 ], [ 121.080667653259312, 14.620393778810859 ], [ 121.08065315618876, 14.620404493044925 ], [ 121.080637992022076, 14.620412192438971 ], [ 121.080626303873302, 14.620416650850903 ], [ 121.080590663961615, 14.620425544378572 ], [ 121.08055116028298, 14.620430498445668 ], [ 121.080517354067467, 14.620432258743788 ], [ 121.080482570190327, 14.620432353585123 ], [ 121.080456164485938, 14.620431454676631 ], [ 121.080400437842187, 14.620426997626785 ], [ 121.08037164206884, 14.620423241380649 ], [ 121.080343637698988, 14.620418446965441 ], [ 121.080313024824122, 14.620411581450961 ], [ 121.080289175593109, 14.620404749963519 ], [ 121.080238339967536, 14.620387693925291 ], [ 121.080214164893221, 14.620381833942247 ], [ 121.080191537043063, 14.620379274388988 ], [ 121.080180335081209, 14.62037926162718 ], [ 121.080169722429162, 14.620380213456542 ], [ 121.080155594636764, 14.620383460659127 ], [ 121.080147824291629, 14.620386706015731 ], [ 121.080141687263364, 14.620390499822953 ], [ 121.080137174848403, 14.620394455222744 ], [ 121.080133382418865, 14.620399182897543 ], [ 121.080130245601396, 14.620405148629771 ], [ 121.080128234161052, 14.620412014688553 ], [ 121.080127492812665, 14.620419041226709 ], [ 121.080127760473673, 14.620425620609728 ], [ 121.080130492816039, 14.620439180648251 ], [ 121.080136034487325, 14.620455411693126 ], [ 121.08015655334215, 14.620507252888705 ], [ 121.080173284525983, 14.620544796962866 ], [ 121.080185865206005, 14.620567930674396 ], [ 121.080200590844441, 14.620590194616909 ], [ 121.080219171986741, 14.620614037468563 ], [ 121.080258523082804, 14.620661255006674 ], [ 121.080283488867238, 14.620689018318778 ], [ 121.080320803848039, 14.620727359133232 ], [ 121.080361966151202, 14.620771533435283 ], [ 121.080414605495946, 14.620826151528606 ], [ 121.080416646715477, 14.620828555970775 ], [ 121.080416646715605, 14.620694463555777 ], [ 121.0806106046401, 14.620694463706453 ], [ 121.080610514579462, 14.620425550870548 ], [ 121.080800213747807, 14.620425490557583 ], [ 121.080749491730714, 14.620351810349293 ] ] ], [ [ [ 121.081249980049691, 14.621078830892317 ], [ 121.081249980050146, 14.621250019113035 ], [ 121.081367828379655, 14.621250019153608 ], [ 121.081249980049691, 14.621078830892317 ] ] ] ] } },
{ "type": "Feature", "properties": { "subcatchme": 9, "class_id": 10.0, "class_name": "Brush/Shrubs", "nrcs_class": "open_space_good", "SOILDESC": "Quingua silt loam", "SoilSeries": "Quingua", "hsg": "B", "slope_mean": 3.3188966313997899, "area_sqm": 4245.601, "site_id": 102, "land_avail": 1, "dist_drain": 48, "gi_type sg": "urban_fores", "objectid": 18002, "gthcode": "8011374020040000", "globalid": "{11CCC665-6CCA-40D5-B857-56F7FFC52960}", "st_area(shape)": 8.2071617787129702e-05, "reg_name": "National Capital Region (NCR)", "prov_name": "NCR, Second District", "city_name": "City of Marikina", "brgy_name": "Jesus De La Peña", "reg_code": "130000000", "prov_code": "137400000", "city_code": "137402000", "brgy_code": "137402004", "psgc_10d": "1380700004", "geographic_level": "Bgy", "old_names": "", "class": "Highly Urbanized Cities (HUC)", "income_class": "", "urban_rural2015": "U", "bgypop2015": 10175, "bgypop2020": 10201, "bgyarea_sqkm": 0.97829188, "gida": "No", "gida_yr": null, "st_perimeter(shape)": 0.051790203699424706, "created_user": null, "created_date": null, "last_edited_user": "ADMIN2", "last_edited_date": 1748789492000, "gi_type_x": "Bioswale", "flood_attenuation_score_x": 42.237148688001902, "site_cost_x": 23684800.340779997, "selected": 0, "gi_type_y": "Bioswale", "flood_attenuation_score_y": 42.237148688001902, "site_cost_y": 23684800.340779997, "selected_selection": null }, "geometry": { "type": "MultiPolygon", "coordinates": [ [ [ [ 121.092576292230291, 14.636435988853762 ], [ 121.092565361358638, 14.636486660761049 ], [ 121.092549194164675, 14.636576053558926 ], [ 121.092541140915586, 14.636615734607116 ], [ 121.092535321865867, 14.636639295483302 ], [ 121.092528917929471, 14.636661154396728 ], [ 121.092526251797736, 14.636668907404339 ], [ 121.092526268483198, 14.636711767163421 ], [ 121.092509732168523, 14.636711773265702 ], [ 121.092494982697858, 14.636748733345247 ], [ 121.092485373539589, 14.636780608033252 ], [ 121.092478516099803, 14.636811120782674 ], [ 121.092472393260479, 14.636847168457058 ], [ 121.092467515929158, 14.636883978224775 ], [ 121.092454646459089, 14.636999030896057 ], [ 121.092448995038424, 14.63703906056846 ], [ 121.092441694647022, 14.637078079030742 ], [ 121.092436347936541, 14.637100252056213 ], [ 121.092428610492775, 14.63712604925446 ], [ 121.092421209788398, 14.637146284157485 ], [ 121.09239951755896, 14.637200186288945 ], [ 121.092388057197667, 14.637236186603065 ], [ 121.092379122035766, 14.637272334129236 ], [ 121.09235509036607, 14.637390386003347 ], [ 121.092345213555959, 14.637428627842004 ], [ 121.092338119518516, 14.637450535311428 ], [ 121.092330237458427, 14.637470618055472 ], [ 121.092322366050851, 14.637487321006398 ], [ 121.092314821820608, 14.637501071502447 ], [ 121.092298681710787, 14.637526535946963 ], [ 121.092225217791551, 14.637634670214174 ], [ 121.09221410604863, 14.6376530998026 ], [ 121.092202275806258, 14.637676586091521 ], [ 121.09219060761005, 14.637705054963529 ], [ 121.092180972032793, 14.637732888014188 ], [ 121.092163327957067, 14.637789519960409 ], [ 121.092148427222028, 14.63783341398767 ], [ 121.092139145039454, 14.637856442188419 ], [ 121.092117422862884, 14.637904450025724 ], [ 121.0921094884947, 14.637924351586568 ], [ 121.092101260758099, 14.637949842906652 ], [ 121.092095645278306, 14.637971854660513 ], [ 121.09208886308538, 14.638006855831433 ], [ 121.092083876587225, 14.638042967017997 ], [ 121.09207820220503, 14.63810882634934 ], [ 121.092076149667449, 14.638149337352335 ], [ 121.092074800071032, 14.638192924927031 ], [ 121.092073623199667, 14.63829640284921 ], [ 121.092074732155879, 14.638608485052837 ], [ 121.092093098693994, 14.638609794156425 ], [ 121.092111816284245, 14.638609577056943 ], [ 121.092131284542049, 14.638606917051844 ], [ 121.092141855323561, 14.63860371960954 ], [ 121.092149502134419, 14.63859990355861 ], [ 121.09215442482062, 14.638596079638655 ], [ 121.092158023033363, 14.638591715287928 ], [ 121.092161068465757, 14.638586444502655 ], [ 121.092165664242643, 14.638573195811208 ], [ 121.092168256615437, 14.638557309936784 ], [ 121.092169674053324, 14.638531424809774 ], [ 121.092169562654121, 14.638407113013923 ], [ 121.092170668227567, 14.638247786963937 ], [ 121.092169876655774, 14.638246587577399 ], [ 121.092169620411084, 14.638234786624949 ], [ 121.092172981227691, 14.638212575647866 ], [ 121.092178867973743, 14.638188496617273 ], [ 121.092186841681169, 14.638163831012232 ], [ 121.092198034281225, 14.638135945658476 ], [ 121.092231974650161, 14.638062204467074 ], [ 121.092276114880349, 14.637960633031357 ], [ 121.092297443315459, 14.637917798406926 ], [ 121.092328446754493, 14.637866188507159 ], [ 121.092339103723191, 14.637847111744321 ], [ 121.092376666302272, 14.637768793084796 ], [ 121.092388708147681, 14.63774541515764 ], [ 121.092420876788466, 14.637691289819264 ], [ 121.092433948164242, 14.637667459432681 ], [ 121.092445837511335, 14.637642609009452 ], [ 121.092477817276702, 14.637569312587736 ], [ 121.092505767889435, 14.637512116196838 ], [ 121.092516438351012, 14.637486749701456 ], [ 121.092522926934237, 14.637467450796693 ], [ 121.092528943687853, 14.637445182044734 ], [ 121.092532434000745, 14.637429458956753 ], [ 121.092539341564745, 14.637388747333071 ], [ 121.092544286302441, 14.637346824918765 ], [ 121.092547999777437, 14.63730442429242 ], [ 121.092557860741309, 14.637176413046546 ], [ 121.092562613410863, 14.637134481826713 ], [ 121.092566302348231, 14.637109737710245 ], [ 121.092570832412036, 14.637085506564068 ], [ 121.09257633186229, 14.637062197916523 ], [ 121.092584891961991, 14.637034323493241 ], [ 121.092593246474976, 14.637013160153037 ], [ 121.092626206619542, 14.636944972271737 ], [ 121.09266782543412, 14.636847594958207 ], [ 121.092696147353919, 14.636791556510881 ], [ 121.092705971513368, 14.636770349174919 ], [ 121.092715161690393, 14.636745924853503 ], [ 121.092723680558152, 14.636716266156849 ], [ 121.092731861464571, 14.636676309609545 ], [ 121.092737617747687, 14.636634878221219 ], [ 121.092740882144042, 14.63660115134236 ], [ 121.092744737315229, 14.636531714625416 ], [ 121.092744401892048, 14.636485252069598 ], [ 121.092741705340671, 14.636435580888927 ], [ 121.092576380118913, 14.636435641996654 ], [ 121.092576292230291, 14.636435988853762 ] ] ] ] } },
{ "type": "Feature", "properties": { "subcatchme": 9, "class_id": 10.0, "class_name": "Brush/Shrubs", "nrcs_class": "open_space_good", "SOILDESC": "Quingua silt loam", "SoilSeries": "Quingua", "hsg": "B", "slope_mean": 4.0993032455444336, "area_sqm": 7111.181, "site_id": 105, "land_avail": 1, "dist_drain": 10, "gi_type sg": "urban_fores", "objectid": 18002, "gthcode": "8011374020040000", "globalid": "{11CCC665-6CCA-40D5-B857-56F7FFC52960}", "st_area(shape)": 8.2071617787129702e-05, "reg_name": "National Capital Region (NCR)", "prov_name": "NCR, Second District", "city_name": "City of Marikina", "brgy_name": "Jesus De La Peña", "reg_code": "130000000", "prov_code": "137400000", "city_code": "137402000", "brgy_code": "137402004", "psgc_10d": "1380700004", "geographic_level": "Bgy", "old_names": "", "class": "Highly Urbanized Cities (HUC)", "income_class": "", "urban_rural2015": "U", "bgypop2015": 10175, "bgypop2020": 10201, "bgyarea_sqkm": 0.97829188, "gida": "No", "gida_yr": null, "st_perimeter(shape)": 0.051790203699424706, "created_user": null, "created_date": null, "last_edited_user": "ADMIN2", "last_edited_date": 1748789492000, "gi_type_x": "Bioswale", "flood_attenuation_score_x": 43.747830842191597, "site_cost_x": 39654047.253179997, "selected": 0, "gi_type_y": "Bioswale", "flood_attenuation_score_y": 43.747830842191597, "site_cost_y": 39654047.253179997, "selected_selection": null }, "geometry": { "type": "MultiPolygon", "coordinates": [ [ [ [ 121.091749592533901, 14.639538566807685 ], [ 121.091735957453565, 14.639569061895722 ], [ 121.091723266248252, 14.639607614976926 ], [ 121.091711322464761, 14.639651827799664 ], [ 121.09168991342554, 14.639739037486345 ], [ 121.091678608186811, 14.639781321599793 ], [ 121.091670546453599, 14.639807670966475 ], [ 121.091658415844876, 14.639840750342408 ], [ 121.091634533099821, 14.63989373428414 ], [ 121.091623973718555, 14.639920287289053 ], [ 121.091610576138649, 14.639962272282396 ], [ 121.091590113390396, 14.640037291421859 ], [ 121.091577120679247, 14.640078824260922 ], [ 121.091566137198299, 14.640107190242107 ], [ 121.091539668419287, 14.640163722619487 ], [ 121.091528468019803, 14.640190982484546 ], [ 121.091516775557608, 14.640226089752046 ], [ 121.091491588389985, 14.640317300777705 ], [ 121.091480261141783, 14.64035342861462 ], [ 121.091469256062496, 14.64038235651859 ], [ 121.091443941050031, 14.6404402719788 ], [ 121.091433232677815, 14.640470736813604 ], [ 121.091423041934164, 14.640509068174621 ], [ 121.091416236574844, 14.640541462807006 ], [ 121.091398555445735, 14.640640301231 ], [ 121.091393473640636, 14.640664929546856 ], [ 121.091393652322594, 14.641129888331363 ], [ 121.09126468219138, 14.641129935279775 ], [ 121.091249964693375, 14.641166610981148 ], [ 121.091241822717535, 14.641191063676038 ], [ 121.09123579332865, 14.641212829795526 ], [ 121.091230354335778, 14.641235874988757 ], [ 121.091222525484724, 14.641275308347639 ], [ 121.091208458728417, 14.641355135200692 ], [ 121.09120045164633, 14.641394462265334 ], [ 121.091197631872191, 14.641406066225718 ], [ 121.091393758432517, 14.641405994857529 ], [ 121.09139381609215, 14.64155602719568 ], [ 121.091394110405716, 14.641552260548428 ], [ 121.091397723117765, 14.641464046459138 ], [ 121.091401184068644, 14.641285548633979 ], [ 121.091404913460963, 14.641198114497387 ], [ 121.091408398775698, 14.641155737366402 ], [ 121.091411326468275, 14.641130715941921 ], [ 121.091415047751084, 14.641106339045077 ], [ 121.091420675516417, 14.641078744306498 ], [ 121.091428004923401, 14.641052511858559 ], [ 121.091435808082792, 14.64103170736616 ], [ 121.091444664312036, 14.641013633485523 ], [ 121.091453352281206, 14.640999666492837 ], [ 121.091463269869664, 14.640986691013017 ], [ 121.091471756230021, 14.640977145125687 ], [ 121.091522204243432, 14.640928937385221 ], [ 121.091538405750427, 14.64091101229695 ], [ 121.091547164669208, 14.640899357573113 ], [ 121.091556260163003, 14.640885061351501 ], [ 121.091570981813078, 14.640855907268543 ], [ 121.091580968704406, 14.640831377505938 ], [ 121.091613805252877, 14.640739180896199 ], [ 121.091625360833376, 14.640711638369996 ], [ 121.091651724264835, 14.640654844857625 ], [ 121.091658063143726, 14.640638604737575 ], [ 121.091664738312758, 14.640618575404567 ], [ 121.091674723406939, 14.640580836984524 ], [ 121.091682912429604, 14.640541278222699 ], [ 121.091697335546016, 14.640460892124633 ], [ 121.091705451261802, 14.640421222506934 ], [ 121.09171109302649, 14.640398225948848 ], [ 121.091723320704148, 14.64035897141072 ], [ 121.091745291051538, 14.64030474454592 ], [ 121.091746513599972, 14.640301439789411 ], [ 121.091676917021431, 14.640301465237282 ], [ 121.091676810566199, 14.640025358687286 ], [ 121.091786124411627, 14.640025318708327 ], [ 121.091786897495581, 14.639999985681587 ], [ 121.091788564970088, 14.639850756934026 ], [ 121.091788484672989, 14.639509849438825 ], [ 121.091782357771535, 14.639507702598298 ], [ 121.091773863902915, 14.639510398316217 ], [ 121.091763963830914, 14.639518139670724 ], [ 121.091749592533901, 14.639538566807685 ] ] ], [ [ [ 121.090962609204112, 14.64224272021143 ], [ 121.090950139543239, 14.642276011818872 ], [ 121.090939577095341, 14.642310293270739 ], [ 121.090915874982983, 14.642395972990002 ], [ 121.090904923282423, 14.642429434291346 ], [ 121.090892282191447, 14.642460759820645 ], [ 121.090865723060617, 14.642518126346845 ], [ 121.090854309787574, 14.642548184099439 ], [ 121.09084310220382, 14.642584182721942 ], [ 121.090820341692933, 14.642666909592633 ], [ 121.090808555007953, 14.642703539672711 ], [ 121.090797631216716, 14.642731412649999 ], [ 121.090776213387144, 14.642779972209862 ], [ 121.090764574972425, 14.64281190963189 ], [ 121.090753330768067, 14.64285342238496 ], [ 121.090745185065884, 14.642892659713224 ], [ 121.090731040422327, 14.642972437057074 ], [ 121.090723173533007, 14.643011846568351 ], [ 121.090717674404345, 14.643034855093566 ], [ 121.090711538720385, 14.643056555245632 ], [ 121.090709315362531, 14.643062882480692 ], [ 121.09082722200958, 14.643062839838208 ], [ 121.090827360349181, 14.643425175956247 ], [ 121.090845498525894, 14.643369678341807 ], [ 121.09085850950899, 14.643337985337476 ], [ 121.09086799624933, 14.643318826796282 ], [ 121.090900885775369, 14.643258029321119 ], [ 121.090930893823028, 14.643192123925632 ], [ 121.090946035505823, 14.643160692395464 ], [ 121.090956499860312, 14.643141505720598 ], [ 121.090983286311129, 14.643096384523529 ], [ 121.090997135327385, 14.643070171250915 ], [ 121.09103744586136, 14.642980071272847 ], [ 121.091073272789629, 14.642907822544453 ], [ 121.091082193937098, 14.642885371652001 ], [ 121.091091139861476, 14.642857054074955 ], [ 121.091097029639627, 14.642834054162533 ], [ 121.09110534556703, 14.642794552520021 ], [ 121.091119862887638, 14.642714273922476 ], [ 121.091131726961464, 14.642659255758058 ], [ 121.091137779657217, 14.642637271142535 ], [ 121.091145966616878, 14.642612563984011 ], [ 121.09117003196917, 14.642553443647101 ], [ 121.091177762755052, 14.642532110813978 ], [ 121.091184004657165, 14.642511750811943 ], [ 121.091191667384791, 14.642481441768384 ], [ 121.091199757009775, 14.642441808127469 ], [ 121.091213865178005, 14.642361285772402 ], [ 121.091221679665395, 14.642321481782485 ], [ 121.091227103098973, 14.642298201502195 ], [ 121.09123311702443, 14.642276189452074 ], [ 121.091241239330657, 14.642251441993221 ], [ 121.091248089798967, 14.642234367538869 ], [ 121.090966209627695, 14.64223446988921 ], [ 121.090962609204112, 14.64224272021143 ] ] ], [ [ [ 121.090524745497405, 14.643649295009169 ], [ 121.090513862761782, 14.643690105810567 ], [ 121.090505005584376, 14.643718451191003 ], [ 121.090495953852056, 14.643743322920542 ], [ 121.090487724391906, 14.643762846012073 ], [ 121.090477666053545, 14.643783586755141 ], [ 121.090457321624868, 14.643821890733577 ], [ 121.090452695196163, 14.643832218320034 ], [ 121.090451583460194, 14.643836693405316 ], [ 121.090543930445932, 14.643838212918277 ], [ 121.090543825763191, 14.643563114123213 ], [ 121.090524745497405, 14.643649295009169 ] ] ] ] } },
{ "type": "Feature", "properties": { "subcatchme": 9, "class_id": 10.0, "class_name": "Brush/Shrubs", "nrcs_class": "open_space_good", "SOILDESC": "Marikina silt loam", "SoilSeries": "Marikina", "hsg": "B", "slope_mean": 4.2382316589355469, "area_sqm": 299.82, "site_id": 106, "land_avail": 1, "dist_drain": 0, "gi_type sg": "bioswale", "objectid": 18002, "gthcode": "8011374020040000", "globalid": "{11CCC665-6CCA-40D5-B857-56F7FFC52960}", "st_area(shape)": 8.2071617787129702e-05, "reg_name": "National Capital Region (NCR)", "prov_name": "NCR, Second District", "city_name": "City of Marikina", "brgy_name": "Jesus De La Peña", "reg_code": "130000000", "prov_code": "137400000", "city_code": "137402000", "brgy_code": "137402004", "psgc_10d": "1380700004", "geographic_level": "Bgy", "old_names": "", "class": "Highly Urbanized Cities (HUC)", "income_class": "", "urban_rural2015": "U", "bgypop2015": 10175, "bgypop2020": 10201, "bgyarea_sqkm": 0.97829188, "gida": "No", "gida_yr": null, "st_perimeter(shape)": 0.051790203699424706, "created_user": null, "created_date": null, "last_edited_user": "ADMIN2", "last_edited_date": 1748789492000, "gi_type_x": "Bioswale", "flood_attenuation_score_x": 40.157004025825103, "site_cost_x": 1695830.8996, "selected": 1, "gi_type_y": "Bioswale", "flood_attenuation_score_y": 40.157004025825103, "site_cost_y": 1695830.8996, "selected_selection": 1.0 }, "geometry": { "type": "MultiPolygon", "coordinates": [ [ [ [ 121.093750873818863, 14.627852770332156 ], [ 121.093748249731078, 14.627794311187879 ], [ 121.093747299185495, 14.627751642753665 ], [ 121.093746851878521, 14.627665406840507 ], [ 121.09374762689113, 14.627599790023845 ], [ 121.093656989392372, 14.627599823911336 ], [ 121.093657098221641, 14.627875930738414 ], [ 121.093752567645552, 14.627875895042687 ], [ 121.093750873818863, 14.627852770332156 ] ] ] ] } },
{ "type": "Feature", "properties": { "subcatchme": 9, "class_id": 10.0, "class_name": "Brush/Shrubs", "nrcs_class": "open_space_good", "SOILDESC": "Marikina silt loam", "SoilSeries": "Marikina", "hsg": "B", "slope_mean": 2.529761409759522, "area_sqm": 4176.406, "site_id": 107, "land_avail": 1, "dist_drain": 0, "gi_type sg": "urban_fores", "objectid": 18002, "gthcode": "8011374020040000", "globalid": "{11CCC665-6CCA-40D5-B857-56F7FFC52960}", "st_area(shape)": 8.2071617787129702e-05, "reg_name": "National Capital Region (NCR)", "prov_name": "NCR, Second District", "city_name": "City of Marikina", "brgy_name": "Jesus De La Peña", "reg_code": "130000000", "prov_code": "137400000", "city_code": "137402000", "brgy_code": "137402004", "psgc_10d": "1380700004", "geographic_level": "Bgy", "old_names": "", "class": "Highly Urbanized Cities (HUC)", "income_class": "", "urban_rural2015": "U", "bgypop2015": 10175, "bgypop2020": 10201, "bgyarea_sqkm": 0.97829188, "gida": "No", "gida_yr": null, "st_perimeter(shape)": 0.051790203699424706, "created_user": null, "created_date": null, "last_edited_user": "ADMIN2", "last_edited_date": 1748789492000, "gi_type_x": "Bioswale", "flood_attenuation_score_x": 42.200670330510803, "site_cost_x": 23299191.828679997, "selected": 0, "gi_type_y": "Bioswale", "flood_attenuation_score_y": 42.200670330510803, "site_cost_y": 23299191.828679997, "selected_selection": null }, "geometry": { "type": "MultiPolygon", "coordinates": [ [ [ [ 121.093486856706619, 14.625823551576142 ], [ 121.093486347962497, 14.625798407936228 ], [ 121.093484587066186, 14.625774352962893 ], [ 121.093482993772682, 14.625762922418453 ], [ 121.093479903655933, 14.625748669077607 ], [ 121.093473001617909, 14.625730344943975 ], [ 121.09346423109163, 14.625716880143676 ], [ 121.093452726284838, 14.625705462466746 ], [ 121.093423712890768, 14.625682493025284 ], [ 121.093413493826901, 14.625670934046148 ], [ 121.09340774917068, 14.625661425158945 ], [ 121.093402782503162, 14.62564963263145 ], [ 121.093398901306045, 14.625635954806476 ], [ 121.093395434836182, 14.625617347912767 ], [ 121.093389227967108, 14.625575263634936 ], [ 121.093385914991615, 14.625561131374551 ], [ 121.09338154606553, 14.625548797896762 ], [ 121.093376284533178, 14.625538801343675 ], [ 121.093370287712332, 14.625530765251002 ], [ 121.093362127846959, 14.625522467452225 ], [ 121.093333363929119, 14.625496405733106 ], [ 121.093323450128565, 14.625485288454138 ], [ 121.093315392602833, 14.625473629681137 ], [ 121.093307235719863, 14.625456493596896 ], [ 121.093304259762576, 14.62544707966631 ], [ 121.093301589937852, 14.625431877251572 ], [ 121.093301584788378, 14.625426668210505 ], [ 121.093302415987651, 14.625424348857697 ], [ 121.093291650515752, 14.625423405832207 ], [ 121.09328095605575, 14.625423912942283 ], [ 121.093268364025676, 14.625425767318823 ], [ 121.093255141162956, 14.625429523364625 ], [ 121.093242590118251, 14.625435768310421 ], [ 121.093230554278392, 14.625446409515121 ], [ 121.093221300399236, 14.625460231061219 ], [ 121.093214780240629, 14.625476155328977 ], [ 121.093210843422796, 14.625493002646698 ], [ 121.09320926320018, 14.625509623443824 ], [ 121.093207986628201, 14.625560197396004 ], [ 121.093208205220975, 14.625799227513445 ], [ 121.093207171461501, 14.625859516553113 ], [ 121.093205035452627, 14.625887835876034 ], [ 121.093202552996445, 14.625904467361327 ], [ 121.093198832323196, 14.625919498177177 ], [ 121.093196456477372, 14.625926146319983 ], [ 121.093190801864409, 14.625937168703802 ], [ 121.093187678153299, 14.625941428538797 ], [ 121.093181227548541, 14.625947681842211 ], [ 121.093173498103496, 14.625952202201411 ], [ 121.093168973597514, 14.625953804499792 ], [ 121.093159122322092, 14.625955224023171 ], [ 121.093154099588915, 14.625954978669588 ], [ 121.09314461667114, 14.625952755631801 ], [ 121.093135813917485, 14.625948399977748 ], [ 121.093126510778831, 14.62594169418997 ], [ 121.093085161414706, 14.625903067221961 ], [ 121.093067928876437, 14.625890180196906 ], [ 121.093052818178407, 14.625881682700827 ], [ 121.093036650550417, 14.62587520448222 ], [ 121.093025182629233, 14.625872630816861 ], [ 121.093021620727143, 14.625872711911247 ], [ 121.093020098609315, 14.62587389415855 ], [ 121.093019347884933, 14.625875169477055 ], [ 121.093019244795414, 14.625885926424939 ], [ 121.093021985028358, 14.625905978737656 ], [ 121.09302576103336, 14.62592442007694 ], [ 121.093030895292856, 14.62594453355849 ], [ 121.093040316079723, 14.62597459043263 ], [ 121.093068991244181, 14.626054682618332 ], [ 121.093078631660731, 14.626086821635569 ], [ 121.093085772293932, 14.626114486694702 ], [ 121.093095899130816, 14.626161235492777 ], [ 121.093104048870529, 14.626206717368213 ], [ 121.093106051069924, 14.626219494681944 ], [ 121.09337288036987, 14.626219395459284 ], [ 121.093372988832513, 14.626495502321083 ], [ 121.093643651680878, 14.626495401358714 ], [ 121.093638685805871, 14.626473905596249 ], [ 121.093629427298723, 14.626445144180432 ], [ 121.093605802971538, 14.626385023850943 ], [ 121.09359480023727, 14.626351350037531 ], [ 121.093576413411697, 14.626281543200793 ], [ 121.093554641328453, 14.626191461881762 ], [ 121.093543240899024, 14.626150316531914 ], [ 121.093531045640191, 14.626114588759664 ], [ 121.093522627903539, 14.626095196685261 ], [ 121.093516988854944, 14.626084526489223 ], [ 121.09350675581652, 14.626069638120471 ], [ 121.09349996178311, 14.626062777560756 ], [ 121.093494062375512, 14.626058722216825 ], [ 121.093491141596061, 14.626057429499848 ], [ 121.093486333678115, 14.626056705136183 ], [ 121.093482566457752, 14.626058422084027 ], [ 121.093486856706619, 14.625823551576142 ] ] ], [ [ [ 121.093614310192009, 14.62845110138681 ], [ 121.093620173927022, 14.628471121426548 ], [ 121.093625692593037, 14.628494021484519 ], [ 121.093631384929253, 14.628523789371172 ], [ 121.093635942885555, 14.628554225757233 ], [ 121.093639687354823, 14.628585143489678 ], [ 121.093650539062722, 14.628694910468033 ], [ 121.093655414853771, 14.628735082438551 ], [ 121.093657441694347, 14.628747302906531 ], [ 121.093657315887356, 14.628428144373078 ], [ 121.093605811421341, 14.628428163614982 ], [ 121.093614310192009, 14.62845110138681 ] ] ], [ [ [ 121.09375096913314, 14.627316817143301 ], [ 121.093751326446935, 14.627186824625932 ], [ 121.093750711831433, 14.627143945662976 ], [ 121.093748013200383, 14.62707121809189 ], [ 121.093745981469127, 14.627041333763215 ], [ 121.093741888545978, 14.627000676578888 ], [ 121.093735818766334, 14.626961196117113 ], [ 121.093727567307525, 14.626925009004058 ], [ 121.093718910368906, 14.626897411071978 ], [ 121.093694580853807, 14.626831671111697 ], [ 121.093688731072916, 14.626811649382264 ], [ 121.093683226340929, 14.626788749440877 ], [ 121.093677544189916, 14.626758985254037 ], [ 121.093672985227286, 14.626728557897023 ], [ 121.093669231346269, 14.626697654546158 ], [ 121.093658175093381, 14.626587171955061 ], [ 121.093656585142654, 14.626574161768348 ], [ 121.093656880565618, 14.627323717077759 ], [ 121.093750888052085, 14.627323681930319 ], [ 121.09375096913314, 14.627316817143301 ] ] ] ] } },
{ "type": "Feature", "properties": { "subcatchme": 9, "class_id": 13.0, "class_name": "Open/Barren", "nrcs_class": "open_space_poor", "SOILDESC": "Marikina silt loam", "SoilSeries": "Marikina", "hsg": "B", "slope_mean": 3.0819866903896989, "area_sqm": 30443.005, "site_id": 108, "land_avail": 1, "dist_drain": 0, "gi_type sg": "urban_fores", "objectid": 18002, "gthcode": "8011374020040000", "globalid": "{11CCC665-6CCA-40D5-B857-56F7FFC52960}", "st_area(shape)": 8.2071617787129702e-05, "reg_name": "National Capital Region (NCR)", "prov_name": "NCR, Second District", "city_name": "City of Marikina", "brgy_name": "Jesus De La Peña", "reg_code": "130000000", "prov_code": "137400000", "city_code": "137402000", "brgy_code": "137402004", "psgc_10d": "1380700004", "geographic_level": "Bgy", "old_names": "", "class": "Highly Urbanized Cities (HUC)", "income_class": "", "urban_rural2015": "U", "bgypop2015": 10175, "bgypop2020": 10201, "bgyarea_sqkm": 0.97829188, "gida": "No", "gida_yr": null, "st_perimeter(shape)": 0.051790203699424706, "created_user": null, "created_date": null, "last_edited_user": "ADMIN2", "last_edited_date": 1748789492000, "gi_type_x": "Bioswale", "flood_attenuation_score_x": 59.324249687306299, "site_cost_x": 169677169.4039, "selected": 0, "gi_type_y": "Bioswale", "flood_attenuation_score_y": 59.324249687306299, "site_cost_y": 169677169.4039, "selected_selection": null }, "geometry": { "type": "MultiPolygon", "coordinates": [ [ [ [ 121.087927612128667, 14.627325411589966 ], [ 121.087941320403047, 14.627308275911611 ], [ 121.08795614144951, 14.627292539272482 ], [ 121.087977910589871, 14.627272389917199 ], [ 121.088002058968101, 14.627251866071886 ], [ 121.088030037869103, 14.627231109782597 ], [ 121.088054052958086, 14.627217082511304 ], [ 121.088085958902056, 14.62720241872743 ], [ 121.088140645077956, 14.627181068298764 ], [ 121.088173303489043, 14.627166967363141 ], [ 121.088195878503953, 14.627154717601453 ], [ 121.088214100344658, 14.627141855541494 ], [ 121.088230812260051, 14.627125868709781 ], [ 121.088241223572325, 14.62711294073508 ], [ 121.088247935932884, 14.627103165268002 ], [ 121.088254288243789, 14.627092846426999 ], [ 121.088283461019373, 14.627037740843223 ], [ 121.088298535045155, 14.627013468000436 ], [ 121.088304998067073, 14.627005369578004 ], [ 121.088311512619356, 14.626998609069199 ], [ 121.088323509031497, 14.626989448110221 ], [ 121.088333587436949, 14.626984419438992 ], [ 121.088341303044047, 14.626981833082331 ], [ 121.08834911036567, 14.626980124076903 ], [ 121.08835980545318, 14.626979015337701 ], [ 121.088375185865132, 14.626979282540352 ], [ 121.088405253333377, 14.62698207414266 ], [ 121.088423918220585, 14.62698300270109 ], [ 121.088447694066232, 14.626982348330035 ], [ 121.088460502821903, 14.626981094263995 ], [ 121.088479927480932, 14.626977882830637 ], [ 121.088492557602578, 14.626974856024926 ], [ 121.088504452217762, 14.626971235771132 ], [ 121.088519812010233, 14.626965306957844 ], [ 121.088537395357946, 14.626956616577475 ], [ 121.088557045528077, 14.626944828970503 ], [ 121.08858871215287, 14.626923600401554 ], [ 121.088615212315204, 14.62690446941915 ], [ 121.088641051722689, 14.626883292433501 ], [ 121.088724167618253, 14.626809658719123 ], [ 121.088766470255166, 14.626768511052566 ], [ 121.088813726201892, 14.626723939191672 ], [ 121.088897028055555, 14.626639420831676 ], [ 121.088919524729462, 14.626614977485088 ], [ 121.088961083716612, 14.626566660864306 ], [ 121.088980549558329, 14.626543025866031 ], [ 121.088997188959397, 14.626519962319426 ], [ 121.089008784128652, 14.626501712121989 ], [ 121.089048252730265, 14.626435399915305 ], [ 121.089059084688415, 14.626419435262985 ], [ 121.089072214221957, 14.626402128470078 ], [ 121.089119453534295, 14.62634714248588 ], [ 121.0891193032448, 14.625944833860233 ], [ 121.089452837421234, 14.625944715494011 ], [ 121.089462166636565, 14.625933582898554 ], [ 121.089512083316848, 14.62587976783654 ], [ 121.089527961268161, 14.625864569314505 ], [ 121.089550900757388, 14.625844602888463 ], [ 121.089585021342913, 14.625816262193288 ], [ 121.089609023271976, 14.62579750460122 ], [ 121.089627118005069, 14.625785044419878 ], [ 121.089644757122429, 14.62577429032136 ], [ 121.089713321319749, 14.625736912996878 ], [ 121.089740816562568, 14.625719884819111 ], [ 121.089773905147638, 14.625695394473796 ], [ 121.089841254137568, 14.625641413201837 ], [ 121.089940920193129, 14.625550942962407 ], [ 121.089983128955069, 14.625509756292189 ], [ 121.090030556077508, 14.625465507246203 ], [ 121.090076581363405, 14.625419797142563 ], [ 121.090123809670501, 14.625375244603465 ], [ 121.090169755099723, 14.625329427184189 ], [ 121.090217018734535, 14.625284970704529 ], [ 121.090266957474753, 14.625235972401658 ], [ 121.090350162536026, 14.625159405250125 ], [ 121.090375345012944, 14.625137843083344 ], [ 121.09044024301123, 14.625086919548965 ], [ 121.090458509203785, 14.625074153433994 ], [ 121.090473064918953, 14.625065128994134 ], [ 121.090497575675997, 14.625051803152031 ], [ 121.090575896282331, 14.625014057258335 ], [ 121.090636105035912, 14.624980885685977 ], [ 121.090663621328488, 14.624967416367182 ], [ 121.090756517081971, 14.624929126537433 ], [ 121.090820905344216, 14.624898503289433 ], [ 121.090853103247966, 14.624885224135889 ], [ 121.090888874082225, 14.62487359190065 ], [ 121.090996986290122, 14.624844100484857 ], [ 121.091031531098366, 14.624832250325849 ], [ 121.091057419592474, 14.62482123294196 ], [ 121.091100739785418, 14.62480014102724 ], [ 121.091127145191834, 14.624788269344347 ], [ 121.091217418042064, 14.624752976217529 ], [ 121.091288398510471, 14.624721504934953 ], [ 121.091315769902323, 14.624711370846812 ], [ 121.091337381365122, 14.624705108058619 ], [ 121.091353256077682, 14.624701323238689 ], [ 121.091386762792638, 14.624695107292936 ], [ 121.091421307266486, 14.624690595207106 ], [ 121.091456638384486, 14.62468741801667 ], [ 121.091490087396664, 14.624685409264547 ], [ 121.091557920086473, 14.624683533969499 ], [ 121.091626201361947, 14.624683986675903 ], [ 121.091660227990658, 14.62468505525081 ], [ 121.09172745818438, 14.624689213573294 ], [ 121.091762761914723, 14.624692859135976 ], [ 121.091797259681869, 14.624697835585446 ], [ 121.091830688431401, 14.624704511289368 ], [ 121.091846511592166, 14.624708519623882 ], [ 121.091868029794583, 14.624715092344564 ], [ 121.091890170868595, 14.624723479396279 ], [ 121.091959521286611, 14.624755742386245 ], [ 121.092034955860854, 14.62478742981788 ], [ 121.092060543143504, 14.624799136398066 ], [ 121.092080375347649, 14.624809319177849 ], [ 121.092126878197746, 14.624835585946018 ], [ 121.092146619357493, 14.624845887265222 ], [ 121.09222737578061, 14.624882521765455 ], [ 121.092251455150631, 14.62489430634964 ], [ 121.092325176710631, 14.624936502492487 ], [ 121.092411436511298, 14.624980386394549 ], [ 121.092441788212497, 14.624999038118528 ], [ 121.092456295493747, 14.625009583938542 ], [ 121.092477480117836, 14.625026631515418 ], [ 121.092508093639367, 14.625052581947902 ], [ 121.092521736434179, 14.625064866837766 ], [ 121.09252164865562, 14.624839176291507 ], [ 121.092805211803849, 14.624839071556996 ], [ 121.092805157697654, 14.624700412690586 ], [ 121.092732380094546, 14.624624661538311 ], [ 121.092655280992304, 14.624551849021115 ], [ 121.092625925852843, 14.624526349927145 ], [ 121.092575095901054, 14.624488178474317 ], [ 121.092554579478531, 14.624474149358139 ], [ 121.092539820924259, 14.624465190216046 ], [ 121.09252601146828, 14.624457885407665 ], [ 121.092509007567045, 14.624450243566447 ], [ 121.092489233741858, 14.624442866425007 ], [ 121.092467953182251, 14.624436288478615 ], [ 121.092428530803815, 14.62442658877206 ], [ 121.092306782350761, 14.624402968329324 ], [ 121.092283037784952, 14.624397557668134 ], [ 121.092240898486551, 14.624385641470536 ], [ 121.092179136780018, 14.624362682076319 ], [ 121.092151154505302, 14.624353504368726 ], [ 121.092113147152389, 14.624344278900342 ], [ 121.092082231573343, 14.624338916131821 ], [ 121.092050557395964, 14.624334881025645 ], [ 121.092018312259043, 14.624331940153047 ], [ 121.091953102122005, 14.624328703989915 ], [ 121.091887395076469, 14.624328411647175 ], [ 121.091854671920785, 14.624329343761261 ], [ 121.091792871285747, 14.62433345916007 ], [ 121.091763987821636, 14.6243367452506 ], [ 121.091735698345403, 14.624341106197638 ], [ 121.091696333370919, 14.624349692548066 ], [ 121.091666626227223, 14.624358723101327 ], [ 121.091599391416395, 14.624383040693575 ], [ 121.091572131293177, 14.624390829697081 ], [ 121.091540831650534, 14.62439801626768 ], [ 121.091499974073898, 14.624405549279762 ], [ 121.091417070176192, 14.624418554117167 ], [ 121.091376093737153, 14.624425771641153 ], [ 121.091336785739969, 14.624434528292001 ], [ 121.091298672523521, 14.624445935370007 ], [ 121.091232663882707, 14.624470338806216 ], [ 121.091214183405611, 14.624476014523655 ], [ 121.091192230565412, 14.624481723241532 ], [ 121.09116855707309, 14.624486886476664 ], [ 121.091127716557594, 14.624494161098266 ], [ 121.091044807542048, 14.624506679557914 ], [ 121.091003861101584, 14.624513752665026 ], [ 121.09096464417091, 14.62452249372889 ], [ 121.09092672066825, 14.624534068579507 ], [ 121.090866690991376, 14.624557600920712 ], [ 121.090835585964442, 14.62456814537012 ], [ 121.090804862739148, 14.624576824068789 ], [ 121.090715934093566, 14.624599094727563 ], [ 121.090692475229361, 14.624605839357969 ], [ 121.090670704260788, 14.624613053289824 ], [ 121.090637579976161, 14.624626565216385 ], [ 121.090589687802819, 14.624649707144918 ], [ 121.090567994458894, 14.624659428597647 ], [ 121.090478961291367, 14.624696038392816 ], [ 121.090453075194205, 14.624708602884136 ], [ 121.09040634934729, 14.624734031682864 ], [ 121.090386555577965, 14.624743998230004 ], [ 121.09029345816721, 14.624785434790688 ], [ 121.090267839596862, 14.624798829251356 ], [ 121.090210324921358, 14.624832888568934 ], [ 121.090134723406976, 14.624873890110004 ], [ 121.090113962629232, 14.624887385828506 ], [ 121.090094616143332, 14.624902724058298 ], [ 121.090077935394774, 14.624918684205083 ], [ 121.090033819386022, 14.62496557214833 ], [ 121.090020775525005, 14.624977499022542 ], [ 121.090005114238039, 14.624989549030003 ], [ 121.089985172114311, 14.625001748295478 ], [ 121.089966710781781, 14.62501089069727 ], [ 121.089925942727021, 14.6250271594179 ], [ 121.089856186669905, 14.625052780628623 ], [ 121.08982620646573, 14.625066538711211 ], [ 121.089803253767073, 14.625079674822082 ], [ 121.089773290119552, 14.625100317502447 ], [ 121.089718108200444, 14.625141932756915 ], [ 121.089697546457941, 14.625159344939833 ], [ 121.089622832413426, 14.625226376824466 ], [ 121.089567685611684, 14.625279483910559 ], [ 121.089520214000558, 14.62532372164743 ], [ 121.089474119360503, 14.625369393105867 ], [ 121.089423046557457, 14.625417499892103 ], [ 121.089380739004412, 14.625459583929336 ], [ 121.089333402917973, 14.625504025161606 ], [ 121.08928731472912, 14.625549693011846 ], [ 121.089239929965174, 14.625594070561489 ], [ 121.089197539772371, 14.625636043626526 ], [ 121.089146325569345, 14.625683959398188 ], [ 121.089100070228099, 14.625729414362713 ], [ 121.089052447112209, 14.625773441077447 ], [ 121.089005938915633, 14.625818402325917 ], [ 121.088957907578504, 14.625861549068697 ], [ 121.088918658066561, 14.625897941215733 ], [ 121.08889363858367, 14.625919518994225 ], [ 121.08882109047579, 14.625978590374775 ], [ 121.088794803442966, 14.625997347201624 ], [ 121.088737406063018, 14.626033879604824 ], [ 121.088726460753264, 14.626041493028433 ], [ 121.088707675536384, 14.626056300727765 ], [ 121.088693060601599, 14.626070222665051 ], [ 121.088680842349703, 14.626084005212972 ], [ 121.088668178046859, 14.626100318103919 ], [ 121.088631722199366, 14.626152354650198 ], [ 121.088614394028298, 14.626174893788823 ], [ 121.08853922816968, 14.626261665798545 ], [ 121.088486488878189, 14.626320185663374 ], [ 121.088447455636683, 14.626369424823164 ], [ 121.088425834284592, 14.626398357707124 ], [ 121.088411752212892, 14.626420410156594 ], [ 121.088397369613659, 14.626448231231803 ], [ 121.088386295203748, 14.626473865364279 ], [ 121.088363916517409, 14.626530779928657 ], [ 121.088351869779927, 14.62655808878719 ], [ 121.088342754188929, 14.626575517036652 ], [ 121.088336447223199, 14.626585960966784 ], [ 121.088321422064624, 14.626606308500836 ], [ 121.088310104512303, 14.626618534996076 ], [ 121.088300913048016, 14.626627250854884 ], [ 121.088248889141965, 14.626669907369131 ], [ 121.088224908870188, 14.626692250895157 ], [ 121.08820456189666, 14.62671580809811 ], [ 121.088165386714024, 14.626766417860987 ], [ 121.088152875799494, 14.626780548609768 ], [ 121.088142130249295, 14.62679123986749 ], [ 121.088120734285425, 14.626809351731659 ], [ 121.08806343566701, 14.626852342652041 ], [ 121.088050603328824, 14.626863611417278 ], [ 121.088040457583261, 14.62687373825519 ], [ 121.088026010317137, 14.626890580498291 ], [ 121.088014420698116, 14.62690614123939 ], [ 121.087982246927183, 14.626953781003179 ], [ 121.087963750063935, 14.626978898709423 ], [ 121.087949804103161, 14.626995618541844 ], [ 121.087895584226899, 14.627056376316016 ], [ 121.087872990326929, 14.627080347010127 ], [ 121.087834851856016, 14.627117863224663 ], [ 121.087789631614044, 14.627163866774952 ], [ 121.087742490690843, 14.62720830558748 ], [ 121.087700136864655, 14.627250296679991 ], [ 121.087642816782918, 14.627305068057384 ], [ 121.087531361804722, 14.627420404387209 ], [ 121.087500664486669, 14.627455001075562 ], [ 121.08781652925633, 14.627490097161482 ], [ 121.08784821049656, 14.627447667935026 ], [ 121.087866728401636, 14.627420448388309 ], [ 121.087911133093826, 14.627349549962945 ], [ 121.087927612128667, 14.627325411589966 ] ] ], [ [ [ 121.092813885674971, 14.625463227356352 ], [ 121.092824178546536, 14.625482141372235 ], [ 121.092863262541854, 14.625564695549674 ], [ 121.092895422965015, 14.625625946766077 ], [ 121.09290745928817, 14.625650615433321 ], [ 121.092923968885046, 14.625689503582079 ], [ 121.092956428893757, 14.625779050671559 ], [ 121.092971434020086, 14.62581772407073 ], [ 121.092983221851256, 14.625842473843097 ], [ 121.092994025291631, 14.625859552075942 ], [ 121.093003017565323, 14.625869367708676 ], [ 121.093008791989604, 14.625873492529939 ], [ 121.093014211468656, 14.625875514217917 ], [ 121.093016354653443, 14.625875604059583 ], [ 121.093020098609315, 14.62587389415855 ], [ 121.093021620727143, 14.625872711911247 ], [ 121.093025182629233, 14.625872630816861 ], [ 121.093036650550417, 14.62587520448222 ], [ 121.093052818178407, 14.625881682700827 ], [ 121.093067928876437, 14.625890180196906 ], [ 121.093085161414706, 14.625903067221961 ], [ 121.093126510778831, 14.62594169418997 ], [ 121.093135813917485, 14.625948399977748 ], [ 121.09314461667114, 14.625952755631801 ], [ 121.093154099588915, 14.625954978669588 ], [ 121.093159122322092, 14.625955224023171 ], [ 121.093168973597514, 14.625953804499792 ], [ 121.093173498103496, 14.625952202201411 ], [ 121.093181227548541, 14.625947681842211 ], [ 121.093187678153299, 14.625941428538797 ], [ 121.093190801864409, 14.625937168703802 ], [ 121.093196456477372, 14.625926146319983 ], [ 121.093198832323196, 14.625919498177177 ], [ 121.093202552996445, 14.625904467361327 ], [ 121.093205035452627, 14.625887835876034 ], [ 121.093207171461501, 14.625859516553113 ], [ 121.093208205220975, 14.625799227513445 ], [ 121.093207986628201, 14.625560197396004 ], [ 121.09320926320018, 14.625509623443824 ], [ 121.093210843422796, 14.625493002646698 ], [ 121.093214780240629, 14.625476155328977 ], [ 121.093221300399236, 14.625460231061219 ], [ 121.093230554278392, 14.625446409515121 ], [ 121.093242590118251, 14.625435768310421 ], [ 121.093255141162956, 14.625429523364625 ], [ 121.093268364025676, 14.625425767318823 ], [ 121.09328095605575, 14.625423912942283 ], [ 121.093291650515752, 14.625423405832207 ], [ 121.093302415987651, 14.625424348857697 ], [ 121.093302368471484, 14.625420607098999 ], [ 121.09330059600363, 14.625415096212196 ], [ 121.093293130294953, 14.625398959868651 ], [ 121.093259612196988, 14.625339076650265 ], [ 121.093209976936748, 14.625242041830441 ], [ 121.093193481302663, 14.625213358534314 ], [ 121.09317862581392, 14.62519035493956 ], [ 121.093155650328171, 14.625158630929194 ], [ 121.093110370565512, 14.625100861904555 ], [ 121.093088867979475, 14.625076590280115 ], [ 121.093088883045837, 14.625115073373934 ], [ 121.09280531954559, 14.625115178455726 ], [ 121.09280545008734, 14.62544970594379 ], [ 121.092813885674971, 14.625463227356352 ] ] ] ] } },
{ "type": "Feature", "properties": { "subcatchme": 9, "class_id": 17.0, "class_name": "Perennial Crop", "nrcs_class": "row_crop_good", "SOILDESC": "Marikina silt loam", "SoilSeries": "Marikina", "hsg": "B", "slope_mean": 2.8967839564595899, "area_sqm": 25237.087, "site_id": 112, "land_avail": 1, "dist_drain": 0, "gi_type sg": "urban_fores", "objectid": 18002, "gthcode": "8011374020040000", "globalid": "{11CCC665-6CCA-40D5-B857-56F7FFC52960}", "st_area(shape)": 8.2071617787129702e-05, "reg_name": "National Capital Region (NCR)", "prov_name": "NCR, Second District", "city_name": "City of Marikina", "brgy_name": "Jesus De La Peña", "reg_code": "130000000", "prov_code": "137400000", "city_code": "137402000", "brgy_code": "137402004", "psgc_10d": "1380700004", "geographic_level": "Bgy", "old_names": "", "class": "Highly Urbanized Cities (HUC)", "income_class": "", "urban_rural2015": "U", "bgypop2015": 10175, "bgypop2020": 10201, "bgyarea_sqkm": 0.97829188, "gida": "No", "gida_yr": null, "st_perimeter(shape)": 0.051790203699424706, "created_user": null, "created_date": null, "last_edited_user": "ADMIN2", "last_edited_date": 1748789492000, "gi_type_x": "Urban forest patch", "flood_attenuation_score_x": 49.208979970218103, "site_cost_x": 37287811.326370001, "selected": 0, "gi_type_y": "Urban forest patch", "flood_attenuation_score_y": 49.208979970218103, "site_cost_y": 37287811.326370001, "selected_selection": null }, "geometry": { "type": "MultiPolygon", "coordinates": [ [ [ [ 121.092514757343338, 14.625245936928007 ], [ 121.092481055806431, 14.625207321890203 ], [ 121.092456495954778, 14.625180454049827 ], [ 121.092428806230828, 14.625153831692382 ], [ 121.092366067920736, 14.625101320169922 ], [ 121.092343727392631, 14.625085286119857 ], [ 121.092322197551979, 14.62507221023022 ], [ 121.092302866133764, 14.625061854440668 ], [ 121.092231720203699, 14.625026196950506 ], [ 121.092172135428953, 14.624991555906961 ], [ 121.092152032303048, 14.624980823264599 ], [ 121.092052581422436, 14.624934984051366 ], [ 121.092032827814378, 14.624924619362089 ], [ 121.091986282747186, 14.62489818956049 ], [ 121.09196047735486, 14.624885085853769 ], [ 121.09194080775228, 14.624876171399556 ], [ 121.091865314911217, 14.624844351516526 ], [ 121.091796047228257, 14.62481217954597 ], [ 121.091773982179419, 14.62480390878258 ], [ 121.091744808795724, 14.624795518339406 ], [ 121.091728726038895, 14.624791907311751 ], [ 121.091691028369723, 14.624785612331131 ], [ 121.091652308578091, 14.624781604399848 ], [ 121.091621902952951, 14.624779840707438 ], [ 121.091591321082262, 14.624779140139767 ], [ 121.091560733976735, 14.624779475178922 ], [ 121.091530312162803, 14.624780874333103 ], [ 121.091491544813437, 14.624784411978734 ], [ 121.091453766530549, 14.624790240496358 ], [ 121.091437633365899, 14.624793645453744 ], [ 121.091415113486264, 14.624799561012694 ], [ 121.091396285169452, 14.624805747200421 ], [ 121.091375639808078, 14.624813950043711 ], [ 121.09131008549943, 14.624843117964829 ], [ 121.091219679103858, 14.624878610654633 ], [ 121.091197850939167, 14.624888359980648 ], [ 121.0911448478805, 14.624914048376656 ], [ 121.091117561902678, 14.624925249520283 ], [ 121.091074119838765, 14.624939284257206 ], [ 121.090980997640315, 14.624964475777293 ], [ 121.090951859823036, 14.624973771160422 ], [ 121.090927596752081, 14.62498303419024 ], [ 121.090849307808199, 14.625019808076491 ], [ 121.090773814292206, 14.625050573473548 ], [ 121.090748115950873, 14.625061921330383 ], [ 121.090723415690917, 14.625074408810661 ], [ 121.090666748594984, 14.625105650185185 ], [ 121.090590865141493, 14.625142114738725 ], [ 121.090564666974089, 14.625156202143613 ], [ 121.09054915438729, 14.625165760972656 ], [ 121.090530706627021, 14.625178594288199 ], [ 121.090479945690035, 14.625217925243629 ], [ 121.090443481629094, 14.625247897062019 ], [ 121.090350276839715, 14.625332535556481 ], [ 121.090302664422936, 14.625378581544759 ], [ 121.09025382683059, 14.625423773410864 ], [ 121.090206481448959, 14.625470381864622 ], [ 121.090158639179748, 14.625515632473528 ], [ 121.090082156406268, 14.625594116290733 ], [ 121.090059166910748, 14.625620410152363 ], [ 121.090036540160156, 14.625650798988538 ], [ 121.090022977218283, 14.625672302745595 ], [ 121.090017725432276, 14.6256848086167 ], [ 121.090015877223522, 14.625696436875346 ], [ 121.090017111479071, 14.625705361200138 ], [ 121.090019225300651, 14.625710455579741 ], [ 121.090021996240296, 14.625714582954076 ], [ 121.090027946971617, 14.625720099195689 ], [ 121.090037213509405, 14.625725013640631 ], [ 121.090045072053783, 14.625727463869516 ], [ 121.090058752004879, 14.625729564194506 ], [ 121.090073889237274, 14.625729717221249 ], [ 121.090094421284178, 14.625727226841198 ], [ 121.090120553383471, 14.625720361417716 ], [ 121.090170051160612, 14.625702409239686 ], [ 121.09020057580156, 14.625692888566823 ], [ 121.090230238968886, 14.625684998351632 ], [ 121.090309387230477, 14.625665772791121 ], [ 121.090348130287026, 14.6256550795785 ], [ 121.09038079777504, 14.625644182923956 ], [ 121.090447850724402, 14.625617984534815 ], [ 121.090480369692301, 14.625608055426024 ], [ 121.090512842784278, 14.625600748506262 ], [ 121.09055177490005, 14.625594486799407 ], [ 121.090591770684654, 14.625590044841536 ], [ 121.090627785422512, 14.625587252956885 ], [ 121.090707815523814, 14.625583681338112 ], [ 121.090840104341524, 14.625581823058955 ], [ 121.091106491227407, 14.625582471566808 ], [ 121.091238293218368, 14.625584968575975 ], [ 121.091320113124141, 14.62558930081263 ], [ 121.091358008288879, 14.625592839357603 ], [ 121.091399239044009, 14.625598534369786 ], [ 121.091438826486922, 14.625606762570857 ], [ 121.091468369302476, 14.625615588063516 ], [ 121.091493417954268, 14.625625726878758 ], [ 121.091512579324146, 14.625635676480458 ], [ 121.091538430509061, 14.625652079165825 ], [ 121.091569857042742, 14.625674374538761 ], [ 121.091607454095495, 14.625703071744331 ], [ 121.091674875849733, 14.625760608515986 ], [ 121.091737313186883, 14.625810462654243 ], [ 121.091759490939054, 14.625826432171753 ], [ 121.091785581655628, 14.6258424012071 ], [ 121.091854424281067, 14.625878580405772 ], [ 121.091875001677963, 14.625890179106587 ], [ 121.091935863969908, 14.625928980554839 ], [ 121.092003337145982, 14.625967691543146 ], [ 121.092030565368233, 14.625985426687505 ], [ 121.092046954387598, 14.62599839724572 ], [ 121.092061972674969, 14.626012645269277 ], [ 121.092078698785059, 14.626031181837082 ], [ 121.092108158867035, 14.626066355204465 ], [ 121.09212467328598, 14.626084042354202 ], [ 121.092139249307351, 14.626097272786856 ], [ 121.092157047821374, 14.626110712161045 ], [ 121.092173481001865, 14.62612136595637 ], [ 121.092246818600728, 14.626163356588497 ], [ 121.092312544645296, 14.626204923381382 ], [ 121.092394054914493, 14.626248898579576 ], [ 121.09241118374797, 14.626259498412207 ], [ 121.092428859670633, 14.626272090890398 ], [ 121.092455511726556, 14.626294862180309 ], [ 121.092474784467001, 14.626313206303369 ], [ 121.092499328728067, 14.626338131045371 ], [ 121.092513511217888, 14.62635448327257 ], [ 121.09252358428347, 14.626367684041961 ], [ 121.092534780278726, 14.626384120258393 ], [ 121.092576232087751, 14.626450965667843 ], [ 121.092586589084576, 14.626465358045373 ], [ 121.092599829088698, 14.626481440474873 ], [ 121.092616286040069, 14.626498912042996 ], [ 121.09263562354694, 14.626517605519146 ], [ 121.092649307441789, 14.62653000624308 ], [ 121.09266972196059, 14.62654639864753 ], [ 121.092684206354747, 14.626555845363386 ], [ 121.092701153827264, 14.626564988717121 ], [ 121.092722892209835, 14.626574677376011 ], [ 121.092747937051456, 14.626583988242569 ], [ 121.092789799009793, 14.626596903439022 ], [ 121.09291625450129, 14.626629745827902 ], [ 121.092951790014681, 14.626640554160362 ], [ 121.092973217058486, 14.626648573803504 ], [ 121.092994574090071, 14.626659112421537 ], [ 121.093006492684921, 14.62666775549919 ], [ 121.093011254603368, 14.626672840813024 ], [ 121.093014529448908, 14.626678488713582 ], [ 121.093015170856617, 14.626683209535322 ], [ 121.093013076154065, 14.626687177757855 ], [ 121.093017774685251, 14.62668864047378 ], [ 121.093026104076969, 14.62668751937821 ], [ 121.093037219975855, 14.626683464147627 ], [ 121.093047323689788, 14.626677535368014 ], [ 121.093055042269185, 14.626671267147842 ], [ 121.093063367139919, 14.626662285524107 ], [ 121.093071658208004, 14.626650124363305 ], [ 121.093075450834107, 14.626642994394849 ], [ 121.093081856568503, 14.626627107156605 ], [ 121.093085399508055, 14.626614175118155 ], [ 121.093087727775995, 14.626600784894574 ], [ 121.093088844758242, 14.626582889689807 ], [ 121.093088552229929, 14.626574202619548 ], [ 121.093087721153083, 14.626565865395836 ], [ 121.093084679148888, 14.626550771993598 ], [ 121.093080424254183, 14.626538453903667 ], [ 121.093075664820176, 14.626528781367933 ], [ 121.093052546167016, 14.626495138487018 ], [ 121.093044293321469, 14.626481591152686 ], [ 121.093036930711762, 14.626466090050318 ], [ 121.093032261667361, 14.62645325887574 ], [ 121.093026350320855, 14.626431346066784 ], [ 121.093023194336695, 14.626415695044415 ], [ 121.093010878054585, 14.626334444466094 ], [ 121.093007816094996, 14.626318653234291 ], [ 121.093002091287076, 14.626296205147179 ], [ 121.092997486847722, 14.626282664183389 ], [ 121.092989997794874, 14.626265792017419 ], [ 121.092982252420356, 14.626252270525578 ], [ 121.092962123949505, 14.626222635683009 ], [ 121.092953854818717, 14.626209041220603 ], [ 121.092946390502291, 14.626193604351421 ], [ 121.092941596280397, 14.626180867944738 ], [ 121.092935461534012, 14.626159139470653 ], [ 121.09293071922518, 14.626135661964584 ], [ 121.092918412415813, 14.626054608472041 ], [ 121.092911406971211, 14.626024188194499 ], [ 121.092904554740045, 14.626004400442618 ], [ 121.092897171579054, 14.625988917244126 ], [ 121.092888916349068, 14.625975326509272 ], [ 121.092871658030845, 14.625950593398828 ], [ 121.09286317034443, 14.625937159813576 ], [ 121.092855447268903, 14.625921917833768 ], [ 121.092850461572013, 14.625909322645107 ], [ 121.092846042012667, 14.625895224699297 ], [ 121.09284073442565, 14.625872292021731 ], [ 121.092826978433322, 14.625805904758334 ], [ 121.092820780596696, 14.625782563543876 ], [ 121.092813410474292, 14.625760197778174 ], [ 121.09280635783044, 14.625743199047518 ], [ 121.092805564027884, 14.625741683690226 ], [ 121.092805642785308, 14.625943499112946 ], [ 121.092522078219531, 14.625943603856303 ], [ 121.092521810378003, 14.625254983154774 ], [ 121.092514757343338, 14.625245936928007 ] ] ] ] } },
{ "type": "Feature", "properties": { "subcatchme": 2, "class_id": 16.0, "class_name": "Annual Crop", "nrcs_class": "row_crop_good", "SOILDESC": "Marikina clay loam", "SoilSeries": "Marikina", "hsg": "D", "slope_mean": 2.6454900945761679, "area_sqm": 1184.845, "site_id": 40, "land_avail": 1, "dist_drain": 39, "gi_type sg": "bioswale", "objectid": 23028, "gthcode": "8011374020050000", "globalid": "{1473D876-E1A5-457E-989E-272A206CDCFB}", "st_area(shape)": 0.00013036676100076878, "reg_name": "National Capital Region (NCR)", "prov_name": "NCR, Second District", "city_name": "City of Marikina", "brgy_name": "Malanday", "reg_code": "130000000", "prov_code": "137400000", "city_code": "137402000", "brgy_code": "137402005", "psgc_10d": "1380700005", "geographic_level": "Bgy", "old_names": "", "class": "Highly Urbanized Cities (HUC)", "income_class": "", "urban_rural2015": "U", "bgypop2015": 55442, "bgypop2020": 53886, "bgyarea_sqkm": 1.55386612, "gida": "No", "gida_yr": null, "st_perimeter(shape)": 0.058598475123641053, "created_user": null, "created_date": null, "last_edited_user": "ADMIN2", "last_edited_date": 1748789493000, "gi_type_x": "Bioswale", "flood_attenuation_score_x": 27.483202421319401, "site_cost_x": 6627880.5191000002, "selected": 0, "gi_type_y": "Bioswale", "flood_attenuation_score_y": 27.483202421319401, "site_cost_y": 6627880.5191000002, "selected_selection": null }, "geometry": { "type": "MultiPolygon", "coordinates": [ [ [ [ 121.091025735732728, 14.653293530063594 ], [ 121.091030311324289, 14.653302389636233 ], [ 121.0910362658434, 14.653310120046608 ], [ 121.09104465717725, 14.653317292085948 ], [ 121.091052550863182, 14.65332179771165 ], [ 121.091059061985405, 14.653324529754514 ], [ 121.091069831211712, 14.653327764871952 ], [ 121.091091990192126, 14.653331180238467 ], [ 121.091106693335377, 14.653331622649823 ], [ 121.091111948262451, 14.653331065721515 ], [ 121.091198316704379, 14.653334843653905 ], [ 121.091239023438533, 14.653335181389076 ], [ 121.091273498311566, 14.65333441062737 ], [ 121.091308601513788, 14.653332363557277 ], [ 121.091348973368696, 14.653327852833238 ], [ 121.091386577949081, 14.653320470897297 ], [ 121.091414581970966, 14.653311566034006 ], [ 121.091422669885446, 14.653308113366753 ], [ 121.09143650583944, 14.653300755047301 ], [ 121.091451076167985, 14.653289735499783 ], [ 121.091458340290302, 14.653281831625813 ], [ 121.091464957639246, 14.653271974045332 ], [ 121.091471036043785, 14.653260252206906 ], [ 121.091478523338154, 14.65324018803779 ], [ 121.091484600953478, 14.653214512913637 ], [ 121.091488162744938, 14.653187586289711 ], [ 121.091489380366355, 14.653167993010261 ], [ 121.091489589108917, 14.653148279391097 ], [ 121.091487846112045, 14.6531169479286 ], [ 121.091483296485748, 14.653086218799981 ], [ 121.091475435596109, 14.653057233767864 ], [ 121.09147000698789, 14.653043651644337 ], [ 121.091465032477984, 14.653034487661268 ], [ 121.091133097730989, 14.653092403358945 ], [ 121.091114652187983, 14.653092133583014 ], [ 121.091114723705786, 14.653278672561559 ], [ 121.0910209450644, 14.653278706621963 ], [ 121.091025735732728, 14.653293530063594 ] ] ] ] } },
{ "type": "Feature", "properties": { "subcatchme": 2, "class_id": 16.0, "class_name": "Annual Crop", "nrcs_class": "row_crop_good", "SOILDESC": "Quingua silt loam", "SoilSeries": "Quingua", "hsg": "B", "slope_mean": 3.311859130859375, "area_sqm": 780.839, "site_id": 42, "land_avail": 1, "dist_drain": 62, "gi_type sg": "bioswale", "objectid": 23028, "gthcode": "8011374020050000", "globalid": "{1473D876-E1A5-457E-989E-272A206CDCFB}", "st_area(shape)": 0.00013036676100076878, "reg_name": "National Capital Region (NCR)", "prov_name": "NCR, Second District", "city_name": "City of Marikina", "brgy_name": "Malanday", "reg_code": "130000000", "prov_code": "137400000", "city_code": "137402000", "brgy_code": "137402005", "psgc_10d": "1380700005", "geographic_level": "Bgy", "old_names": "", "class": "Highly Urbanized Cities (HUC)", "income_class": "", "urban_rural2015": "U", "bgypop2015": 55442, "bgypop2020": 53886, "bgyarea_sqkm": 1.55386612, "gida": "No", "gida_yr": null, "st_perimeter(shape)": 0.058598475123641053, "created_user": null, "created_date": null, "last_edited_user": "ADMIN2", "last_edited_date": 1748789493000, "gi_type_x": "Bioswale", "flood_attenuation_score_x": 27.156838378784801, "site_cost_x": 4376443.9624199998, "selected": 1, "gi_type_y": "Bioswale", "flood_attenuation_score_y": 27.156838378784801, "site_cost_y": 4376443.9624199998, "selected_selection": 1.0 }, "geometry": { "type": "MultiPolygon", "coordinates": [ [ [ [ 121.090694424536011, 14.652916685830613 ], [ 121.090694424535911, 14.653002718629342 ], [ 121.090831018501547, 14.653002669198512 ], [ 121.090830917653719, 14.652738736729248 ], [ 121.090815004265693, 14.652730085040032 ], [ 121.090806615124677, 14.652726571739924 ], [ 121.090547314007637, 14.652726665478863 ], [ 121.090547386369252, 14.652916685871773 ], [ 121.090694424536011, 14.652916685830613 ] ] ] ] } },
{ "type": "Feature", "properties": { "subcatchme": 2, "class_id": 16.0, "class_name": "Annual Crop", "nrcs_class": "row_crop_good", "SOILDESC": "Quingua silt loam", "SoilSeries": "Quingua", "hsg": "B", "slope_mean": 5.3409152030944824, "area_sqm": 482.388, "site_id": 43, "land_avail": 1, "dist_drain": 75, "gi_type sg": "bioswale", "objectid": 23028, "gthcode": "8011374020050000", "globalid": "{1473D876-E1A5-457E-989E-272A206CDCFB}", "st_area(shape)": 0.00013036676100076878, "reg_name": "National Capital Region (NCR)", "prov_name": "NCR, Second District", "city_name": "City of Marikina", "brgy_name": "Malanday", "reg_code": "130000000", "prov_code": "137400000", "city_code": "137402000", "brgy_code": "137402005", "psgc_10d": "1380700005", "geographic_level": "Bgy", "old_names": "", "class": "Highly Urbanized Cities (HUC)", "income_class": "", "urban_rural2015": "U", "bgypop2015": 55442, "bgypop2020": 53886, "bgyarea_sqkm": 1.55386612, "gida": "No", "gida_yr": null, "st_perimeter(shape)": 0.058598475123641053, "created_user": null, "created_date": null, "last_edited_user": "ADMIN2", "last_edited_date": 1748789493000, "gi_type_x": "Bioswale", "flood_attenuation_score_x": 26.969082252956699, "site_cost_x": 2713242.1986399996, "selected": 1, "gi_type_y": "Bioswale", "flood_attenuation_score_y": 26.969082252956699, "site_cost_y": 2713242.1986399996, "selected_selection": 1.0 }, "geometry": { "type": "MultiPolygon", "coordinates": [ [ [ [ 121.090416646757589, 14.652726712606366 ], [ 121.090547314007637, 14.652726665478863 ], [ 121.090547301018248, 14.652692555114973 ], [ 121.090546489929579, 14.652692532851315 ], [ 121.090467708880539, 14.652693180113831 ], [ 121.09047117356323, 14.652624112754044 ], [ 121.090471598269801, 14.652597158591858 ], [ 121.090470755792154, 14.65257879372302 ], [ 121.090468507614148, 14.652563041684108 ], [ 121.090464540579362, 14.65254908475805 ], [ 121.090461893713865, 14.652543031668989 ], [ 121.090455559112854, 14.652533105728368 ], [ 121.090447744536419, 14.652525258819086 ], [ 121.090442746755727, 14.652521528841325 ], [ 121.090411307563585, 14.65250416528494 ], [ 121.090405595053412, 14.65250054149781 ], [ 121.090396205786504, 14.652492956384869 ], [ 121.090385557876559, 14.652480009170231 ], [ 121.090369105833375, 14.652452370590995 ], [ 121.090367795616032, 14.652450623901498 ], [ 121.090263610223943, 14.652450661402657 ], [ 121.090263681666428, 14.652638908093007 ], [ 121.090416646757717, 14.652638908052168 ], [ 121.090416646757589, 14.652726712606366 ] ] ] ] } },
{ "type": "Feature", "properties": { "subcatchme": 2, "class_id": 16.0, "class_name": "Annual Crop", "nrcs_class": "row_crop_good", "SOILDESC": "Quingua silt loam", "SoilSeries": "Quingua", "hsg": "B", "slope_mean": 3.4290330040469139, "area_sqm": 264.321, "site_id": 44, "land_avail": 1, "dist_drain": 39, "gi_type sg": "bioswale", "objectid": 23028, "gthcode": "8011374020050000", "globalid": "{1473D876-E1A5-457E-989E-272A206CDCFB}", "st_area(shape)": 0.00013036676100076878, "reg_name": "National Capital Region (NCR)", "prov_name": "NCR, Second District", "city_name": "City of Marikina", "brgy_name": "Malanday", "reg_code": "130000000", "prov_code": "137400000", "city_code": "137402000", "brgy_code": "137402005", "psgc_10d": "1380700005", "geographic_level": "Bgy", "old_names": "", "class": "Highly Urbanized Cities (HUC)", "income_class": "", "urban_rural2015": "U", "bgypop2015": 55442, "bgypop2020": 53886, "bgyarea_sqkm": 1.55386612, "gida": "No", "gida_yr": null, "st_perimeter(shape)": 0.058598475123641053, "created_user": null, "created_date": null, "last_edited_user": "ADMIN2", "last_edited_date": 1748789493000, "gi_type_x": "Bioswale", "flood_attenuation_score_x": 26.831895863596401, "site_cost_x": 1498002.78238, "selected": 1, "gi_type_y": "Bioswale", "flood_attenuation_score_y": 26.831895863596401, "site_cost_y": 1498002.78238, "selected_selection": 1.0 }, "geometry": { "type": "MultiPolygon", "coordinates": [ [ [ [ 121.091133097730989, 14.653092403358945 ], [ 121.091465032477984, 14.653034487661268 ], [ 121.091460408053791, 14.653025968601938 ], [ 121.091453720937565, 14.653016654311873 ], [ 121.091443064549694, 14.653004997564389 ], [ 121.091433650810131, 14.652996801378636 ], [ 121.091422399187195, 14.652988602761138 ], [ 121.091399805699851, 14.652975123766556 ], [ 121.091398206362967, 14.652974307167575 ], [ 121.091398217193799, 14.653002463081746 ], [ 121.091114617848859, 14.65300256631301 ], [ 121.091114652187983, 14.653092133583014 ], [ 121.091133097730989, 14.653092403358945 ] ] ] ] } },
{ "type": "Feature", "properties": { "subcatchme": 2, "class_id": 14.0, "class_name": "Grassland", "nrcs_class": "open_space_poor", "SOILDESC": "Marikina clay loam", "SoilSeries": "Marikina", "hsg": "D", "slope_mean": 2.0563739125545211, "area_sqm": 21529.666, "site_id": 46, "land_avail": 1, "dist_drain": 0, "gi_type sg": "urban_fores", "objectid": 23028, "gthcode": "8011374020050000", "globalid": "{1473D876-E1A5-457E-989E-272A206CDCFB}", "st_area(shape)": 0.00013036676100076878, "reg_name": "National Capital Region (NCR)", "prov_name": "NCR, Second District", "city_name": "City of Marikina", "brgy_name": "Malanday", "reg_code": "130000000", "prov_code": "137400000", "city_code": "137402000", "brgy_code": "137402005", "psgc_10d": "1380700005", "geographic_level": "Bgy", "old_names": "", "class": "Highly Urbanized Cities (HUC)", "income_class": "", "urban_rural2015": "U", "bgypop2015": 55442, "bgypop2020": 53886, "bgyarea_sqkm": 1.55386612, "gida": "No", "gida_yr": null, "st_perimeter(shape)": 0.058598475123641053, "created_user": null, "created_date": null, "last_edited_user": "ADMIN2", "last_edited_date": 1748789493000, "gi_type_x": "Bioswale", "flood_attenuation_score_x": 54.8552930012684, "site_cost_x": 120005092.09148, "selected": 0, "gi_type_y": "Bioswale", "flood_attenuation_score_y": 54.8552930012684, "site_cost_y": 120005092.09148, "selected_selection": null }, "geometry": { "type": "MultiPolygon", "coordinates": [ [ [ [ 121.094515109717577, 14.6539837561733 ], [ 121.094463389756527, 14.653953936453366 ], [ 121.09443478679124, 14.653939031223725 ], [ 121.094323404787843, 14.65388831677547 ], [ 121.094245842283257, 14.653849524659664 ], [ 121.094223565441283, 14.653839327169873 ], [ 121.094204276302321, 14.653831633946496 ], [ 121.094183276596297, 14.653824349639455 ], [ 121.094106050399503, 14.653800881753329 ], [ 121.094078992130491, 14.653791874110107 ], [ 121.094052304563036, 14.653781432601917 ], [ 121.094034649872938, 14.653773224994442 ], [ 121.094020328489719, 14.653765554398998 ], [ 121.094001381854511, 14.653753893061827 ], [ 121.093924266947099, 14.653700923487831 ], [ 121.093877464583613, 14.65366771166655 ], [ 121.093849160109656, 14.6536501790212 ], [ 121.09381074972157, 14.653630842869774 ], [ 121.093750547406486, 14.653603633886684 ], [ 121.093688420470599, 14.653573036464014 ], [ 121.093666834307726, 14.653563910967106 ], [ 121.093639567459164, 14.65355466298834 ], [ 121.093607984617606, 14.653546344787966 ], [ 121.09357321606916, 14.653539099379516 ], [ 121.093466667070643, 14.653520883663454 ], [ 121.093415611760122, 14.653510193510582 ], [ 121.093393016863899, 14.653504152217659 ], [ 121.093374001647788, 14.653498172805344 ], [ 121.093307948841186, 14.653473314198241 ], [ 121.093269833772183, 14.653461698075381 ], [ 121.093230496715435, 14.65345270714711 ], [ 121.093106850226377, 14.653431207979116 ], [ 121.093066417314262, 14.653422817139301 ], [ 121.0930285115533, 14.653412438971456 ], [ 121.093009192019338, 14.653405694304137 ], [ 121.092993861477893, 14.653399445046372 ], [ 121.092931020657176, 14.65336930609184 ], [ 121.092858026996709, 14.653337534900061 ], [ 121.092826299942217, 14.653322397826296 ], [ 121.092802545361096, 14.653309102826936 ], [ 121.092749963948449, 14.653276226584007 ], [ 121.09267558154113, 14.653233210832299 ], [ 121.092655180625215, 14.653219173364263 ], [ 121.092635435942938, 14.653202672340507 ], [ 121.092617250731379, 14.653184344151887 ], [ 121.092588524166203, 14.653152749791527 ], [ 121.092573830325065, 14.653138037966247 ], [ 121.09256416564439, 14.653129550575523 ], [ 121.092555162560316, 14.653122592266458 ], [ 121.092541978994987, 14.653113991063861 ], [ 121.092524815723834, 14.653105109601475 ], [ 121.09251140447374, 14.65309954299628 ], [ 121.092496955953848, 14.653094562523597 ], [ 121.09247004178475, 14.653087372349018 ], [ 121.092441692612894, 14.653081892872418 ], [ 121.092390889766335, 14.653075515279317 ], [ 121.092348033975725, 14.653072306205868 ], [ 121.092304155230863, 14.653070281630605 ], [ 121.092214581815796, 14.653068305128738 ], [ 121.092078892609891, 14.653066557549419 ], [ 121.09198960451225, 14.653063469931201 ], [ 121.091929546900545, 14.653058948439861 ], [ 121.091890006579334, 14.653054047629334 ], [ 121.091851838780102, 14.653047041585321 ], [ 121.091830409177561, 14.653041721835056 ], [ 121.09181130664355, 14.653035868106709 ], [ 121.091790971842755, 14.653028249261062 ], [ 121.091721856134413, 14.652996431843272 ], [ 121.091710541069389, 14.652991651527088 ], [ 121.091465032477984, 14.653034487661268 ], [ 121.09147000698789, 14.653043651644337 ], [ 121.091475435596109, 14.653057233767864 ], [ 121.091483296485748, 14.653086218799981 ], [ 121.091487846112045, 14.6531169479286 ], [ 121.091489589108917, 14.653148279391097 ], [ 121.091489380366355, 14.653167993010261 ], [ 121.091488162744938, 14.653187586289711 ], [ 121.091484600953478, 14.653214512913637 ], [ 121.091478523338154, 14.65324018803779 ], [ 121.091471036043785, 14.653260252206906 ], [ 121.091464957639246, 14.653271974045332 ], [ 121.091458340290302, 14.653281831625813 ], [ 121.091451076167985, 14.653289735499783 ], [ 121.09143650583944, 14.653300755047301 ], [ 121.091422669885446, 14.653308113366753 ], [ 121.091414581970966, 14.653311566034006 ], [ 121.091386577949081, 14.653320470897297 ], [ 121.091348973368696, 14.653327852833238 ], [ 121.091308601513788, 14.653332363557277 ], [ 121.091273498311566, 14.65333441062737 ], [ 121.091239023438533, 14.653335181389076 ], [ 121.091198316704379, 14.653334843653905 ], [ 121.091111948262451, 14.653331065721515 ], [ 121.091110041266873, 14.653333898560621 ], [ 121.09110957413219, 14.653336069051413 ], [ 121.091110809219757, 14.653341902694082 ], [ 121.091112631678229, 14.653345187274912 ], [ 121.091117646499356, 14.653351133277145 ], [ 121.09112589102206, 14.653357787187032 ], [ 121.091139211658103, 14.653365453347307 ], [ 121.091157934444468, 14.653373355435734 ], [ 121.091192578532514, 14.653383808341669 ], [ 121.091233943967623, 14.653392655393102 ], [ 121.091280128380816, 14.653399944231882 ], [ 121.091332708977262, 14.653406195684953 ], [ 121.091386040295347, 14.653411079649091 ], [ 121.091526537049916, 14.653420754689554 ], [ 121.091566448011946, 14.653424986249917 ], [ 121.091587214666134, 14.653428079268759 ], [ 121.091607356081795, 14.653431877470789 ], [ 121.091634440716845, 14.653438676935593 ], [ 121.091659700054663, 14.653447558025571 ], [ 121.091673010813651, 14.653453687770105 ], [ 121.091685160685657, 14.653460529148129 ], [ 121.091695748341365, 14.653467798716436 ], [ 121.091708031937998, 14.653478386164391 ], [ 121.091718327652416, 14.653489785097602 ], [ 121.091729041977331, 14.653504939668846 ], [ 121.091739010857708, 14.653522782985538 ], [ 121.091750767697349, 14.653548969563655 ], [ 121.091777181989968, 14.653617763432358 ], [ 121.091785426192345, 14.653636895745297 ], [ 121.091796572842611, 14.653659155214289 ], [ 121.091807193342277, 14.653677000261364 ], [ 121.091824549156897, 14.653702027231429 ], [ 121.091866606316927, 14.653756970867729 ], [ 121.091884019299954, 14.653777111040577 ], [ 121.091904964174105, 14.653798973744983 ], [ 121.091946862435933, 14.653840859265852 ], [ 121.091967822675983, 14.653859768767845 ], [ 121.091994100630785, 14.653879770203401 ], [ 121.092018204899972, 14.653895775670533 ], [ 121.092040682285088, 14.653908420445649 ], [ 121.092057512559762, 14.653915240564645 ], [ 121.092069877849141, 14.653918432705607 ], [ 121.092079290187499, 14.653919827539253 ], [ 121.092098150626256, 14.653920094340547 ], [ 121.092114814407935, 14.653917731396074 ], [ 121.09213953298665, 14.653910917792032 ], [ 121.092231811240595, 14.653879585917187 ], [ 121.09225890592387, 14.653869361309397 ], [ 121.092286674791069, 14.653857280586138 ], [ 121.0923439415281, 14.653829292544399 ], [ 121.092360804401153, 14.653822157817586 ], [ 121.092381609760196, 14.653814457174434 ], [ 121.092412539521476, 14.653804706824911 ], [ 121.092531123086658, 14.653773050185665 ], [ 121.092614089787617, 14.653745721115166 ], [ 121.092640170971052, 14.653740089838637 ], [ 121.09266658355034, 14.653737674870843 ], [ 121.092680481769818, 14.653737709336596 ], [ 121.092694381389137, 14.653738654752942 ], [ 121.09270799105623, 14.653740497885773 ], [ 121.092720956912771, 14.653743154499063 ], [ 121.09273815929086, 14.653748166586173 ], [ 121.092751965960829, 14.653753524958006 ], [ 121.092766332772428, 14.653760337474424 ], [ 121.092786602626816, 14.653771505487059 ], [ 121.092833668219711, 14.653799378742717 ], [ 121.092895236208776, 14.653837707564239 ], [ 121.092915033468771, 14.653848354769064 ], [ 121.092939407158823, 14.653859299771661 ], [ 121.092967794126295, 14.653869865591847 ], [ 121.093057881249948, 14.653897589148469 ], [ 121.093085511063265, 14.65390672811367 ], [ 121.093114563105786, 14.653917886782935 ], [ 121.093173060480282, 14.65394463732529 ], [ 121.093205098935911, 14.653957483299811 ], [ 121.093239232485814, 14.653968820985952 ], [ 121.093329504614019, 14.65399609229963 ], [ 121.093351128763246, 14.654003833657672 ], [ 121.09337101955127, 14.654012043383323 ], [ 121.093392363384183, 14.654022466459926 ], [ 121.09341171575727, 14.654033578101284 ], [ 121.093534663163794, 14.654110510449046 ], [ 121.093554275261852, 14.654121215732234 ], [ 121.093577230233734, 14.654131567053764 ], [ 121.093591302864652, 14.654136875145687 ], [ 121.093622168206764, 14.654146487011214 ], [ 121.093661872469653, 14.654156182178191 ], [ 121.093743024769381, 14.654172828662384 ], [ 121.093782980087454, 14.654182153538915 ], [ 121.09381993646798, 14.654193279321806 ], [ 121.093839396532431, 14.654200744437521 ], [ 121.093860141616659, 14.654210425139485 ], [ 121.093876983466416, 14.654219674404839 ], [ 121.093949850017609, 14.654264372768601 ], [ 121.093998006749786, 14.654295123137505 ], [ 121.094027161540538, 14.654311587328074 ], [ 121.094051966406568, 14.654322920740354 ], [ 121.094073319357861, 14.6543312237301 ], [ 121.094163090277519, 14.654361528915238 ], [ 121.094191226407517, 14.654372779363745 ], [ 121.094209733968711, 14.654381765723985 ], [ 121.094224436077283, 14.654390283498888 ], [ 121.094242164624873, 14.654402623469656 ], [ 121.094256339868338, 14.654414211349554 ], [ 121.094273289359492, 14.654430232074304 ], [ 121.094290425197229, 14.654448426846423 ], [ 121.094309102960295, 14.654471225105825 ], [ 121.094324190035849, 14.654493193249758 ], [ 121.094335902288009, 14.654513413070054 ], [ 121.094348064045136, 14.654537900282133 ], [ 121.094359512811451, 14.654564331859159 ], [ 121.094397503707455, 14.654662809706753 ], [ 121.094408706339038, 14.654686468487448 ], [ 121.094418446094608, 14.654701963806451 ], [ 121.094427527366122, 14.65471159587414 ], [ 121.094433129479512, 14.654715012624802 ], [ 121.094435643294716, 14.654715748964268 ], [ 121.094437771012849, 14.654715835082634 ], [ 121.094441646104983, 14.654713940126449 ], [ 121.09444002453678, 14.654710281267747 ], [ 121.094441697436508, 14.654702956843403 ], [ 121.094443774115902, 14.654697887775754 ], [ 121.094449788889321, 14.654686857568414 ], [ 121.094459360497595, 14.654673380339904 ], [ 121.094472175622442, 14.654658480137925 ], [ 121.094518298180262, 14.654609627528373 ], [ 121.094580034290544, 14.654537843755179 ], [ 121.094591140275952, 14.654523936273931 ], [ 121.094596371685725, 14.654515258328306 ], [ 121.094600816594607, 14.654503606150632 ], [ 121.094602234061497, 14.654494904182895 ], [ 121.09460205463499, 14.654485594488261 ], [ 121.094600208706055, 14.654476535021942 ], [ 121.094597113195931, 14.654468461206125 ], [ 121.094592865297187, 14.654460867759026 ], [ 121.09458659875061, 14.654452382978604 ], [ 121.094574086935438, 14.654438965176348 ], [ 121.094541899732249, 14.654407765590799 ], [ 121.094519519690934, 14.654387915642062 ], [ 121.094502315668336, 14.654376317417228 ], [ 121.094485856719018, 14.654367868403877 ], [ 121.094466655119533, 14.654359921067201 ], [ 121.094433730688849, 14.654347644559698 ], [ 121.094411040131149, 14.654337085821837 ], [ 121.094398713370026, 14.654328462811691 ], [ 121.094393139798569, 14.65432281955121 ], [ 121.094388825168579, 14.654316718485136 ], [ 121.094385454971871, 14.654309388881833 ], [ 121.094383539980328, 14.654301232559888 ], [ 121.094383252456481, 14.654293046196655 ], [ 121.094384289921337, 14.654285566549007 ], [ 121.094389326307095, 14.654271316535224 ], [ 121.09439992829256, 14.654251069918185 ], [ 121.094404887657575, 14.65423982320813 ], [ 121.094408365146506, 14.654226905140913 ], [ 121.094409286406943, 14.654211822523493 ], [ 121.094408118398775, 14.654202192044295 ], [ 121.094404655217787, 14.654190156959668 ], [ 121.094388614470205, 14.654157710610788 ], [ 121.094384661998774, 14.65414697647515 ], [ 121.094382726086891, 14.654135120188839 ], [ 121.094383117352393, 14.654126583325919 ], [ 121.094385105042022, 14.654118493326626 ], [ 121.094390635060208, 14.654108344783229 ], [ 121.094396908194369, 14.654101571364034 ], [ 121.094406355487124, 14.654094095564654 ], [ 121.094418968400291, 14.654086260724911 ], [ 121.09443401767254, 14.654078350055856 ], [ 121.094483936552706, 14.654054091414515 ], [ 121.094505549526843, 14.654041443048895 ], [ 121.094521133849582, 14.654029621881286 ], [ 121.094531953083418, 14.65401838703505 ], [ 121.094538610415668, 14.654008509800539 ], [ 121.094540874104098, 14.654003711569064 ], [ 121.094542612620657, 14.653996311768527 ], [ 121.094540713604204, 14.653991783074632 ], [ 121.094536628335092, 14.653992114699097 ], [ 121.094527812611787, 14.653989456041337 ], [ 121.094515109717577, 14.6539837561733 ] ] ] ] } },
{ "type": "Feature", "properties": { "subcatchme": 2, "class_id": 14.0, "class_name": "Grassland", "nrcs_class": "open_space_poor", "SOILDESC": "Quingua silt loam", "SoilSeries": "Quingua", "hsg": "B", "slope_mean": 3.311859130859375, "area_sqm": 1.663, "site_id": 47, "land_avail": 1, "dist_drain": 61, "gi_type sg": "bioswale", "objectid": 23028, "gthcode": "8011374020050000", "globalid": "{1473D876-E1A5-457E-989E-272A206CDCFB}", "st_area(shape)": 0.00013036676100076878, "reg_name": "National Capital Region (NCR)", "prov_name": "NCR, Second District", "city_name": "City of Marikina", "brgy_name": "Malanday", "reg_code": "130000000", "prov_code": "137400000", "city_code": "137402000", "brgy_code": "137402005", "psgc_10d": "1380700005", "geographic_level": "Bgy", "old_names": "", "class": "Highly Urbanized Cities (HUC)", "income_class": "", "urban_rural2015": "U", "bgypop2015": 55442, "bgypop2020": 53886, "bgyarea_sqkm": 1.55386612, "gida": "No", "gida_yr": null, "st_perimeter(shape)": 0.058598475123641053, "created_user": null, "created_date": null, "last_edited_user": "ADMIN2", "last_edited_date": 1748789493000, "gi_type_x": "Bioswale", "flood_attenuation_score_x": 40.0, "site_cost_x": 34267.53314, "selected": 1, "gi_type_y": "Bioswale", "flood_attenuation_score_y": 40.0, "site_cost_y": 34267.53314, "selected_selection": 1.0 }, "geometry": { "type": "MultiPolygon", "coordinates": [ [ [ [ 121.090815004265693, 14.652730085040032 ], [ 121.090830917653719, 14.652738736729248 ], [ 121.090830913002137, 14.652726562941282 ], [ 121.090806615124677, 14.652726571739924 ], [ 121.090815004265693, 14.652730085040032 ] ] ] ] } },
{ "type": "Feature", "properties": { "subcatchme": 2, "class_id": 14.0, "class_name": "Grassland", "nrcs_class": "open_space_poor", "SOILDESC": "Quingua silt loam", "SoilSeries": "Quingua", "hsg": "B", "slope_mean": 5.3409152030944824, "area_sqm": 290.803, "site_id": 48, "land_avail": 1, "dist_drain": 61, "gi_type sg": "bioswale", "objectid": 23028, "gthcode": "8011374020050000", "globalid": "{1473D876-E1A5-457E-989E-272A206CDCFB}", "st_area(shape)": 0.00013036676100076878, "reg_name": "National Capital Region (NCR)", "prov_name": "NCR, Second District", "city_name": "City of Marikina", "brgy_name": "Malanday", "reg_code": "130000000", "prov_code": "137400000", "city_code": "137402000", "brgy_code": "137402005", "psgc_10d": "1380700005", "geographic_level": "Bgy", "old_names": "", "class": "Highly Urbanized Cities (HUC)", "income_class": "", "urban_rural2015": "U", "bgypop2015": 55442, "bgypop2020": 53886, "bgyarea_sqkm": 1.55386612, "gida": "No", "gida_yr": null, "st_perimeter(shape)": 0.058598475123641053, "created_user": null, "created_date": null, "last_edited_user": "ADMIN2", "last_edited_date": 1748789493000, "gi_type_x": "Bioswale", "flood_attenuation_score_x": 40.183546886815598, "site_cost_x": 1645581.14234, "selected": 1, "gi_type_y": "Bioswale", "flood_attenuation_score_y": 40.183546886815598, "site_cost_y": 1645581.14234, "selected_selection": 1.0 }, "geometry": { "type": "MultiPolygon", "coordinates": [ [ [ [ 121.090369105833375, 14.652452370590995 ], [ 121.090385557876559, 14.652480009170231 ], [ 121.090396205786504, 14.652492956384869 ], [ 121.090405595053412, 14.65250054149781 ], [ 121.090411307563585, 14.65250416528494 ], [ 121.090442746755727, 14.652521528841325 ], [ 121.090447744536419, 14.652525258819086 ], [ 121.090455559112854, 14.652533105728368 ], [ 121.090461893713865, 14.652543031668989 ], [ 121.090464540579362, 14.65254908475805 ], [ 121.090468507614148, 14.652563041684108 ], [ 121.090470755792154, 14.65257879372302 ], [ 121.090471598269801, 14.652597158591858 ], [ 121.09047117356323, 14.652624112754044 ], [ 121.090467708880539, 14.652693180113831 ], [ 121.090546489929579, 14.652692532851315 ], [ 121.090547301018248, 14.652692555114973 ], [ 121.090547208865729, 14.652450559212962 ], [ 121.090367795616032, 14.652450623901498 ], [ 121.090369105833375, 14.652452370590995 ] ] ] ] } },
{ "type": "Feature", "properties": { "subcatchme": 2, "class_id": 14.0, "class_name": "Grassland", "nrcs_class": "open_space_poor", "SOILDESC": "Quingua silt loam", "SoilSeries": "Quingua", "hsg": "B", "slope_mean": 2.6505496501922612, "area_sqm": 186.672, "site_id": 49, "land_avail": 1, "dist_drain": 44, "gi_type sg": "bioswale", "objectid": 23028, "gthcode": "8011374020050000", "globalid": "{1473D876-E1A5-457E-989E-272A206CDCFB}", "st_area(shape)": 0.00013036676100076878, "reg_name": "National Capital Region (NCR)", "prov_name": "NCR, Second District", "city_name": "City of Marikina", "brgy_name": "Malanday", "reg_code": "130000000", "prov_code": "137400000", "city_code": "137402000", "brgy_code": "137402005", "psgc_10d": "1380700005", "geographic_level": "Bgy", "old_names": "", "class": "Highly Urbanized Cities (HUC)", "income_class": "", "urban_rural2015": "U", "bgypop2015": 55442, "bgypop2020": 53886, "bgyarea_sqkm": 1.55386612, "gida": "No", "gida_yr": null, "st_perimeter(shape)": 0.058598475123641053, "created_user": null, "created_date": null, "last_edited_user": "ADMIN2", "last_edited_date": 1748789493000, "gi_type_x": "Bioswale", "flood_attenuation_score_x": 40.1174442345675, "site_cost_x": 1065281.9881599999, "selected": 1, "gi_type_y": "Bioswale", "flood_attenuation_score_y": 40.1174442345675, "site_cost_y": 1065281.9881599999, "selected_selection": 1.0 }, "geometry": { "type": "MultiPolygon", "coordinates": [ [ [ [ 121.091074501979918, 14.652719818131603 ], [ 121.090980174058174, 14.652679076382089 ], [ 121.090954565885724, 14.652666008191954 ], [ 121.090894392902158, 14.65263174080482 ], [ 121.090830864852563, 14.652600546778947 ], [ 121.090830913002137, 14.652726562941282 ], [ 121.091087936066074, 14.652726469713778 ], [ 121.091074501979918, 14.652719818131603 ] ] ] ] } },
{ "type": "Feature", "properties": { "subcatchme": 2, "class_id": 14.0, "class_name": "Grassland", "nrcs_class": "open_space_poor", "SOILDESC": "Quingua silt loam", "SoilSeries": "Quingua", "hsg": "B", "slope_mean": 3.6813832165321889, "area_sqm": 381.703, "site_id": 50, "land_avail": 1, "dist_drain": 13, "gi_type sg": "bioswale", "objectid": 23028, "gthcode": "8011374020050000", "globalid": "{1473D876-E1A5-457E-989E-272A206CDCFB}", "st_area(shape)": 0.00013036676100076878, "reg_name": "National Capital Region (NCR)", "prov_name": "NCR, Second District", "city_name": "City of Marikina", "brgy_name": "Malanday", "reg_code": "130000000", "prov_code": "137400000", "city_code": "137402000", "brgy_code": "137402005", "psgc_10d": "1380700005", "geographic_level": "Bgy", "old_names": "", "class": "Highly Urbanized Cities (HUC)", "income_class": "", "urban_rural2015": "U", "bgypop2015": 55442, "bgypop2020": 53886, "bgyarea_sqkm": 1.55386612, "gida": "No", "gida_yr": null, "st_perimeter(shape)": 0.058598475123641053, "created_user": null, "created_date": null, "last_edited_user": "ADMIN2", "last_edited_date": 1748789493000, "gi_type_x": "Bioswale", "flood_attenuation_score_x": 40.241250462977696, "site_cost_x": 2152146.8443399998, "selected": 1, "gi_type_y": "Bioswale", "flood_attenuation_score_y": 40.241250462977696, "site_cost_y": 2152146.8443399998, "selected_selection": 1.0 }, "geometry": { "type": "MultiPolygon", "coordinates": [ [ [ [ 121.091399805699851, 14.652975123766556 ], [ 121.091422399187195, 14.652988602761138 ], [ 121.091433650810131, 14.652996801378636 ], [ 121.091443064549694, 14.653004997564389 ], [ 121.091453720937565, 14.653016654311873 ], [ 121.091460408053791, 14.653025968601938 ], [ 121.091465032477984, 14.653034487661268 ], [ 121.091710541069389, 14.652991651527088 ], [ 121.091633445795466, 14.652959080809692 ], [ 121.091605990202552, 14.652945601698788 ], [ 121.091555147731697, 14.652917113439571 ], [ 121.091534570483375, 14.652906515763945 ], [ 121.091507632590222, 14.652894139802338 ], [ 121.091436318853582, 14.652863401374018 ], [ 121.091398156339793, 14.652844265698688 ], [ 121.091398206362967, 14.652974307167575 ], [ 121.091399805699851, 14.652975123766556 ] ] ], [ [ [ 121.090237308726671, 14.652171677086933 ], [ 121.090177264105975, 14.652132801677414 ], [ 121.090156077209215, 14.652116948337765 ], [ 121.090144030568041, 14.652106241672394 ], [ 121.090138868979025, 14.652100852138794 ], [ 121.090138868978642, 14.652174599928355 ], [ 121.090241241251192, 14.652174563135791 ], [ 121.090237308726671, 14.652171677086933 ] ] ] ] } },
{ "type": "Feature", "properties": { "subcatchme": 3, "class_id": 10.0, "class_name": "Brush/Shrubs", "nrcs_class": "open_space_good", "SOILDESC": "Marikina clay loam", "SoilSeries": "Marikina", "hsg": "D", "slope_mean": 3.4213688373565669, "area_sqm": 3231.088, "site_id": 53, "land_avail": 1, "dist_drain": 11, "gi_type sg": "urban_fores", "objectid": 23028, "gthcode": "8011374020050000", "globalid": "{1473D876-E1A5-457E-989E-272A206CDCFB}", "st_area(shape)": 0.00013036676100076878, "reg_name": "National Capital Region (NCR)", "prov_name": "NCR, Second District", "city_name": "City of Marikina", "brgy_name": "Malanday", "reg_code": "130000000", "prov_code": "137400000", "city_code": "137402000", "brgy_code": "137402005", "psgc_10d": "1380700005", "geographic_level": "Bgy", "old_names": "", "class": "Highly Urbanized Cities (HUC)", "income_class": "", "urban_rural2015": "U", "bgypop2015": 55442, "bgypop2020": 53886, "bgyarea_sqkm": 1.55386612, "gida": "No", "gida_yr": null, "st_perimeter(shape)": 0.058598475123641053, "created_user": null, "created_date": null, "last_edited_user": "ADMIN2", "last_edited_date": 1748789493000, "gi_type_x": "Bioswale", "flood_attenuation_score_x": 42.068362745955902, "site_cost_x": 18031142.58464, "selected": 0, "gi_type_y": "Bioswale", "flood_attenuation_score_y": 42.068362745955902, "site_cost_y": 18031142.58464, "selected_selection": null }, "geometry": { "type": "MultiPolygon", "coordinates": [ [ [ [ 121.086008492268462, 14.64929241729852 ], [ 121.086008711663581, 14.649901618411123 ], [ 121.086104415451857, 14.650040736008592 ], [ 121.086104535466802, 14.650040236660345 ], [ 121.086109790322993, 14.650012946361986 ], [ 121.086114110796586, 14.649985082654105 ], [ 121.086130081941334, 14.649846263615771 ], [ 121.086135757923969, 14.649806173052438 ], [ 121.086143253220612, 14.649767257818393 ], [ 121.086146939198329, 14.649752284794188 ], [ 121.086157640658129, 14.649718597679858 ], [ 121.08616408249064, 14.649702985816107 ], [ 121.086173721250802, 14.649683293808774 ], [ 121.086216166661472, 14.649606531478971 ], [ 121.086233417982129, 14.649577078799549 ], [ 121.086244563263847, 14.649560697715369 ], [ 121.086255874785252, 14.649546551963342 ], [ 121.086270072344263, 14.649532061242304 ], [ 121.086284080852181, 14.649520529510946 ], [ 121.086301648147668, 14.64950856978138 ], [ 121.086321186393562, 14.649497211867978 ], [ 121.086423907223406, 14.649443247069209 ], [ 121.086448558985893, 14.649431784809988 ], [ 121.086466832273658, 14.649424680169393 ], [ 121.086487859732969, 14.649417665058349 ], [ 121.086585842053978, 14.649390962209738 ], [ 121.086599731972512, 14.649386675409692 ], [ 121.086619733385163, 14.649378739100875 ], [ 121.086625298125796, 14.649375797842454 ], [ 121.086721760626943, 14.649207642765031 ], [ 121.086720182025587, 14.649200132348506 ], [ 121.086714047149599, 14.649182943972331 ], [ 121.086692813286405, 14.649137694178666 ], [ 121.086683250104585, 14.649138416203407 ], [ 121.086658817288196, 14.64913813028487 ], [ 121.086622904030662, 14.649136163019477 ], [ 121.086579001635499, 14.649131733398573 ], [ 121.086575623086887, 14.649131193586017 ], [ 121.086575625803007, 14.649138682353399 ], [ 121.086308037419002, 14.649138774194279 ], [ 121.086259056084415, 14.649159975153943 ], [ 121.086043253084469, 14.649272193153786 ], [ 121.086008492268462, 14.64929241729852 ] ] ] ] } },
{ "type": "Feature", "properties": { "subcatchme": 3, "class_id": 10.0, "class_name": "Brush/Shrubs", "nrcs_class": "open_space_good", "SOILDESC": "Novaliches clay loam adobe phase", "SoilSeries": "Novaliches", "hsg": "C", "slope_mean": 2.533757167749084, "area_sqm": 523.255, "site_id": 55, "land_avail": 1, "dist_drain": 0, "gi_type sg": "bioswale", "objectid": 23028, "gthcode": "8011374020050000", "globalid": "{1473D876-E1A5-457E-989E-272A206CDCFB}", "st_area(shape)": 0.00013036676100076878, "reg_name": "National Capital Region (NCR)", "prov_name": "NCR, Second District", "city_name": "City of Marikina", "brgy_name": "Malanday", "reg_code": "130000000", "prov_code": "137400000", "city_code": "137402000", "brgy_code": "137402005", "psgc_10d": "1380700005", "geographic_level": "Bgy", "old_names": "", "class": "Highly Urbanized Cities (HUC)", "income_class": "", "urban_rural2015": "U", "bgypop2015": 55442, "bgypop2020": 53886, "bgyarea_sqkm": 1.55386612, "gida": "No", "gida_yr": null, "st_perimeter(shape)": 0.058598475123641053, "created_user": null, "created_date": null, "last_edited_user": "ADMIN2", "last_edited_date": 1748789493000, "gi_type_x": "Bioswale", "flood_attenuation_score_x": 40.316022082989498, "site_cost_x": 2940984.9989, "selected": 1, "gi_type_y": "Bioswale", "flood_attenuation_score_y": 40.316022082989498, "site_cost_y": 2940984.9989, "selected_selection": 1.0 }, "geometry": { "type": "MultiPolygon", "coordinates": [ [ [ [ 121.085728883780149, 14.650926174651902 ], [ 121.085733844798455, 14.65092193733275 ], [ 121.085739797590904, 14.65091401562826 ], [ 121.085743240520941, 14.650906835995499 ], [ 121.085752680061063, 14.650873859688508 ], [ 121.085755606456956, 14.650866410114334 ], [ 121.085761398431202, 14.650858087646787 ], [ 121.085767599368381, 14.650853764738448 ], [ 121.085775166974727, 14.650850794179423 ], [ 121.085783737766818, 14.650848811495127 ], [ 121.08579303105779, 14.650847537841022 ], [ 121.085813009275142, 14.650846353930872 ], [ 121.085844707052829, 14.650846260547427 ], [ 121.086028203657321, 14.650849270777146 ], [ 121.086028141390713, 14.650795508301542 ], [ 121.08572543705958, 14.650795611471283 ], [ 121.085725484644954, 14.650928203034955 ], [ 121.085728883780149, 14.650926174651902 ] ] ], [ [ [ 121.086029152766471, 14.650449229003895 ], [ 121.086032616194672, 14.650356607610409 ], [ 121.086038064627147, 14.65028852374774 ], [ 121.086042817415958, 14.650251066227652 ], [ 121.0860492690949, 14.650214649298427 ], [ 121.086056560594756, 14.650184351956483 ], [ 121.086066216759548, 14.650153998160322 ], [ 121.086091165377582, 14.650089210614977 ], [ 121.086098985687087, 14.650063327714093 ], [ 121.086104415451885, 14.650040736008537 ], [ 121.086008711663581, 14.649901618411031 ], [ 121.086008934163019, 14.650519408480479 ], [ 121.086028365480175, 14.650519401846047 ], [ 121.086029152766471, 14.650449229003895 ] ] ] ] } },
{ "type": "Feature", "properties": { "subcatchme": 3, "class_id": 10.0, "class_name": "Brush/Shrubs", "nrcs_class": "open_space_good", "SOILDESC": "Marikina clay loam", "SoilSeries": "Marikina", "hsg": "D", "slope_mean": 4.4710873126983639, "area_sqm": 4907.793, "site_id": 57, "land_avail": 1, "dist_drain": 114, "gi_type sg": "urban_fores", "objectid": 23028, "gthcode": "8011374020050000", "globalid": "{1473D876-E1A5-457E-989E-272A206CDCFB}", "st_area(shape)": 0.00013036676100076878, "reg_name": "National Capital Region (NCR)", "prov_name": "NCR, Second District", "city_name": "City of Marikina", "brgy_name": "Malanday", "reg_code": "130000000", "prov_code": "137400000", "city_code": "137402000", "brgy_code": "137402005", "psgc_10d": "1380700005", "geographic_level": "Bgy", "old_names": "", "class": "Highly Urbanized Cities (HUC)", "income_class": "", "urban_rural2015": "U", "bgypop2015": 55442, "bgypop2020": 53886, "bgyarea_sqkm": 1.55386612, "gida": "No", "gida_yr": null, "st_perimeter(shape)": 0.058598475123641053, "created_user": null, "created_date": null, "last_edited_user": "ADMIN2", "last_edited_date": 1748789493000, "gi_type_x": "Bioswale", "flood_attenuation_score_x": 43.142243809240803, "site_cost_x": 27375050.674539998, "selected": 0, "gi_type_y": "Bioswale", "flood_attenuation_score_y": 43.142243809240803, "site_cost_y": 27375050.674539998, "selected_selection": null }, "geometry": { "type": "MultiPolygon", "coordinates": [ [ [ [ 121.0904544090765, 14.653937406286685 ], [ 121.090454813702507, 14.653915022924165 ], [ 121.09045724735023, 14.653887080336981 ], [ 121.090462527387643, 14.653855768598337 ], [ 121.090471519568197, 14.653823157081455 ], [ 121.090478158020545, 14.653805941708859 ], [ 121.090485855553084, 14.653790016492195 ], [ 121.090494098025346, 14.653776226696232 ], [ 121.090502224503041, 14.653765004289127 ], [ 121.09051082372288, 14.653755036497055 ], [ 121.090521709554523, 14.653744491032297 ], [ 121.090534781045932, 14.653734091840375 ], [ 121.090557421191733, 14.653720219638736 ], [ 121.090590982697734, 14.653706272633674 ], [ 121.090626099158683, 14.65369766485335 ], [ 121.090652411780468, 14.653694464876178 ], [ 121.090719254223913, 14.653691243408149 ], [ 121.0908416527719, 14.653688861203985 ], [ 121.090919083192105, 14.653686225450341 ], [ 121.090958615645178, 14.653683361699832 ], [ 121.090987183191785, 14.653679919926962 ], [ 121.091012011751261, 14.653675090085269 ], [ 121.091030620580369, 14.65366903616836 ], [ 121.091037595807464, 14.653665554501178 ], [ 121.091044728712333, 14.653660264901667 ], [ 121.09104880064794, 14.65365493390798 ], [ 121.091050328339904, 14.653650668287705 ], [ 121.091050489071577, 14.653646042614367 ], [ 121.091048076967994, 14.65363946007513 ], [ 121.091043318290602, 14.653633948146794 ], [ 121.09103809039371, 14.653630096999546 ], [ 121.09103073821008, 14.653626194073109 ], [ 121.091021399389192, 14.653622529684272 ], [ 121.091010387376087, 14.653619245577172 ], [ 121.090989216711108, 14.653614677950008 ], [ 121.090965306852098, 14.65361107107033 ], [ 121.09093928446184, 14.653608198732103 ], [ 121.090904666392575, 14.653605349810963 ], [ 121.090793005365938, 14.653598665632147 ], [ 121.09071582861398, 14.653592595286163 ], [ 121.090677526926399, 14.653587861676554 ], [ 121.090640588976655, 14.653581288461215 ], [ 121.090624594423915, 14.653577549528103 ], [ 121.090596800899178, 14.653569220472678 ], [ 121.090581068374419, 14.653563200918457 ], [ 121.09056522242814, 14.653556130321778 ], [ 121.090547626594329, 14.653547492199371 ], [ 121.09054762944757, 14.653554984237539 ], [ 121.090264029385267, 14.653555086435864 ], [ 121.09026392459144, 14.653278980187322 ], [ 121.089696725170128, 14.653279183542386 ], [ 121.089696646724235, 14.653071083140196 ], [ 121.089435765605018, 14.653029414626529 ], [ 121.089438158385335, 14.653040913916955 ], [ 121.089445037982884, 14.653070205416768 ], [ 121.089453152969597, 14.653098543712193 ], [ 121.089463148461874, 14.653125287047587 ], [ 121.089471807843481, 14.653142971473187 ], [ 121.089478199385837, 14.653153606412692 ], [ 121.08949126098716, 14.653170694407565 ], [ 121.089501123020128, 14.653180600549826 ], [ 121.089509436177451, 14.653187574987779 ], [ 121.089530130700666, 14.653201445224193 ], [ 121.089547959758292, 14.653210925197667 ], [ 121.089572345960292, 14.653221894126784 ], [ 121.089637028738238, 14.653248282406894 ], [ 121.089662641168417, 14.653260427185112 ], [ 121.089682945945498, 14.653271930105502 ], [ 121.089697818465012, 14.65328174545826 ], [ 121.089714203278547, 14.653293787319754 ], [ 121.089745920678297, 14.653319004684626 ], [ 121.089773365769119, 14.653342574735557 ], [ 121.089792150552213, 14.65336109601801 ], [ 121.089812433764422, 14.653383658342113 ], [ 121.089836744130366, 14.653412594166053 ], [ 121.089854848798396, 14.653436439933792 ], [ 121.089866241260424, 14.653454195598743 ], [ 121.089875465818579, 14.653471149037165 ], [ 121.089887571704949, 14.653497519293303 ], [ 121.0899095403514, 14.653553532688351 ], [ 121.089923966955638, 14.65358760172442 ], [ 121.089937018549435, 14.653612385604196 ], [ 121.089950369572719, 14.653632073216638 ], [ 121.089964018809653, 14.653647768884017 ], [ 121.089977830988872, 14.653660836095851 ], [ 121.089988312520944, 14.653669633940719 ], [ 121.090038072398656, 14.653707463420474 ], [ 121.090059141253406, 14.653725063589111 ], [ 121.09008414079095, 14.6537490310398 ], [ 121.090114300635491, 14.653779721087414 ], [ 121.09013446568818, 14.653801358829565 ], [ 121.090148049923641, 14.653817702817886 ], [ 121.090164128438744, 14.653839498582302 ], [ 121.090189031541627, 14.653875455644794 ], [ 121.090205019359985, 14.653896578302779 ], [ 121.090220104893547, 14.653913527450845 ], [ 121.090234961187349, 14.653927365956074 ], [ 121.09026055511751, 14.653946801653726 ], [ 121.09033279621633, 14.653993726278896 ], [ 121.090396615799676, 14.65404135891845 ], [ 121.090447380616965, 14.654076031789506 ], [ 121.090477328553035, 14.654095192344821 ], [ 121.090490966410371, 14.654102673177713 ], [ 121.090504933667816, 14.65410920420522 ], [ 121.090521966411814, 14.654115684492304 ], [ 121.090540778597443, 14.65412119976893 ], [ 121.090566771730124, 14.654126383606048 ], [ 121.090592132307023, 14.654128937874635 ], [ 121.090610317286703, 14.65412917033365 ], [ 121.090627229459301, 14.654127924716418 ], [ 121.09063746849057, 14.654126253784758 ], [ 121.090650273916438, 14.654122247050994 ], [ 121.090656377630893, 14.654118541351606 ], [ 121.09066046381183, 14.654114461217583 ], [ 121.090663818667807, 14.654107687447246 ], [ 121.090664490027223, 14.65410187307163 ], [ 121.09066345346497, 14.654095196993291 ], [ 121.090660710014703, 14.654088290009874 ], [ 121.090656759863421, 14.65408181051377 ], [ 121.090651815871595, 14.654075617466667 ], [ 121.090644868862327, 14.654068553064036 ], [ 121.090635555007751, 14.654060612510971 ], [ 121.090617841476927, 14.654047854899845 ], [ 121.090582695203267, 14.654026144788462 ], [ 121.090493236392575, 14.653972868562493 ], [ 121.090478546936836, 14.653964948929788 ], [ 121.090466646401751, 14.653959651265343 ], [ 121.090458425140909, 14.653957384127713 ], [ 121.090456749307918, 14.653958283112781 ], [ 121.090455258707507, 14.653952479903834 ], [ 121.0904544090765, 14.653937406286685 ] ] ], [ [ [ 121.090549049695696, 14.653278877440544 ], [ 121.090547524298586, 14.653278877991157 ], [ 121.090547525667063, 14.653282471514766 ], [ 121.090549049695696, 14.653278877440544 ] ] ] ] } },
{ "type": "Feature", "properties": { "subcatchme": 3, "class_id": 10.0, "class_name": "Brush/Shrubs", "nrcs_class": "open_space_good", "SOILDESC": "Quingua silt loam", "SoilSeries": "Quingua", "hsg": "B", "slope_mean": 3.9996874332427979, "area_sqm": 49.544, "site_id": 58, "land_avail": 1, "dist_drain": 23, "gi_type sg": "bioswale", "objectid": 23028, "gthcode": "8011374020050000", "globalid": "{1473D876-E1A5-457E-989E-272A206CDCFB}", "st_area(shape)": 0.00013036676100076878, "reg_name": "National Capital Region (NCR)", "prov_name": "NCR, Second District", "city_name": "City of Marikina", "brgy_name": "Malanday", "reg_code": "130000000", "prov_code": "137400000", "city_code": "137402000", "brgy_code": "137402005", "psgc_10d": "1380700005", "geographic_level": "Bgy", "old_names": "", "class": "Highly Urbanized Cities (HUC)", "income_class": "", "urban_rural2015": "U", "bgypop2015": 55442, "bgypop2020": 53886, "bgyarea_sqkm": 1.55386612, "gida": "No", "gida_yr": null, "st_perimeter(shape)": 0.058598475123641053, "created_user": null, "created_date": null, "last_edited_user": "ADMIN2", "last_edited_date": 1748789493000, "gi_type_x": "Bioswale", "flood_attenuation_score_x": 40.025063027206301, "site_cost_x": 301097.81231999997, "selected": 1, "gi_type_y": "Bioswale", "flood_attenuation_score_y": 40.025063027206301, "site_cost_y": 301097.81231999997, "selected_selection": 1.0 }, "geometry": { "type": "MultiPolygon", "coordinates": [ [ [ [ 121.086682418372789, 14.649330427391089 ], [ 121.086693312509496, 14.649316561944081 ], [ 121.086702139048271, 14.649303604886468 ], [ 121.086708081114566, 14.649293593686549 ], [ 121.086715954273231, 14.649277332060182 ], [ 121.086722283742617, 14.649257547734914 ], [ 121.086724675979625, 14.64924179770998 ], [ 121.086724971382395, 14.649230111582609 ], [ 121.0867240792942, 14.64921867414829 ], [ 121.086721760626943, 14.649207642765031 ], [ 121.086625298125796, 14.649375797842454 ], [ 121.086637447983577, 14.649369376002875 ], [ 121.086651481988213, 14.649359930213169 ], [ 121.08666913859993, 14.649344734105266 ], [ 121.086682418372789, 14.649330427391089 ] ] ] ] } },
{ "type": "Feature", "properties": { "subcatchme": 3, "class_id": 16.0, "class_name": "Annual Crop", "nrcs_class": "row_crop_good", "SOILDESC": "Quingua silt loam", "SoilSeries": "Quingua", "hsg": "B", "slope_mean": 3.311859130859375, "area_sqm": 150.808, "site_id": 59, "land_avail": 1, "dist_drain": 86, "gi_type sg": "bioswale", "objectid": 23028, "gthcode": "8011374020050000", "globalid": "{1473D876-E1A5-457E-989E-272A206CDCFB}", "st_area(shape)": 0.00013036676100076878, "reg_name": "National Capital Region (NCR)", "prov_name": "NCR, Second District", "city_name": "City of Marikina", "brgy_name": "Malanday", "reg_code": "130000000", "prov_code": "137400000", "city_code": "137402000", "brgy_code": "137402005", "psgc_10d": "1380700005", "geographic_level": "Bgy", "old_names": "", "class": "Highly Urbanized Cities (HUC)", "income_class": "", "urban_rural2015": "U", "bgypop2015": 55442, "bgypop2020": 53886, "bgyarea_sqkm": 1.55386612, "gida": "No", "gida_yr": null, "st_perimeter(shape)": 0.058598475123641053, "created_user": null, "created_date": null, "last_edited_user": "ADMIN2", "last_edited_date": 1748789493000, "gi_type_x": "Bioswale", "flood_attenuation_score_x": 26.7604846064349, "site_cost_x": 865419.80623999995, "selected": 1, "gi_type_y": "Bioswale", "flood_attenuation_score_y": 26.7604846064349, "site_cost_y": 865419.80623999995, "selected_selection": 1.0 }, "geometry": { "type": "MultiPolygon", "coordinates": [ [ [ [ 121.090694424536011, 14.652916685830613 ], [ 121.090547386369252, 14.652916685871773 ], [ 121.090547419151946, 14.653002771738269 ], [ 121.090694424535911, 14.653002718629342 ], [ 121.090694424536011, 14.652916685830613 ] ] ] ] } },
{ "type": "Feature", "properties": { "subcatchme": 3, "class_id": 16.0, "class_name": "Annual Crop", "nrcs_class": "row_crop_good", "SOILDESC": "Quingua silt loam", "SoilSeries": "Quingua", "hsg": "B", "slope_mean": 5.3409152030944824, "area_sqm": 160.119, "site_id": 60, "land_avail": 1, "dist_drain": 86, "gi_type sg": "bioswale", "objectid": 23028, "gthcode": "8011374020050000", "globalid": "{1473D876-E1A5-457E-989E-272A206CDCFB}", "st_area(shape)": 0.00013036676100076878, "reg_name": "National Capital Region (NCR)", "prov_name": "NCR, Second District", "city_name": "City of Marikina", "brgy_name": "Malanday", "reg_code": "130000000", "prov_code": "137400000", "city_code": "137402000", "brgy_code": "137402005", "psgc_10d": "1380700005", "geographic_level": "Bgy", "old_names": "", "class": "Highly Urbanized Cities (HUC)", "income_class": "", "urban_rural2015": "U", "bgypop2015": 55442, "bgypop2020": 53886, "bgyarea_sqkm": 1.55386612, "gida": "No", "gida_yr": null, "st_perimeter(shape)": 0.058598475123641053, "created_user": null, "created_date": null, "last_edited_user": "ADMIN2", "last_edited_date": 1748789493000, "gi_type_x": "Bioswale", "flood_attenuation_score_x": 26.7663421753074, "site_cost_x": 917307.96082000004, "selected": 1, "gi_type_y": "Bioswale", "flood_attenuation_score_y": 26.7663421753074, "site_cost_y": 917307.96082000004, "selected_selection": 1.0 }, "geometry": { "type": "MultiPolygon", "coordinates": [ [ [ [ 121.090416646757717, 14.652638908052168 ], [ 121.090263681666428, 14.652638908093007 ], [ 121.090263715010806, 14.652726767670721 ], [ 121.090416646757589, 14.652726712606366 ], [ 121.090416646757717, 14.652638908052168 ] ] ] ] } },
{ "type": "Feature", "properties": { "subcatchme": 3, "class_id": 16.0, "class_name": "Annual Crop", "nrcs_class": "row_crop_good", "SOILDESC": "Quingua silt loam", "SoilSeries": "Quingua", "hsg": "B", "slope_mean": 5.2277927398681641, "area_sqm": 18.063, "site_id": 61, "land_avail": 1, "dist_drain": 125, "gi_type sg": "bioswale", "objectid": 23028, "gthcode": "8011374020050000", "globalid": "{1473D876-E1A5-457E-989E-272A206CDCFB}", "st_area(shape)": 0.00013036676100076878, "reg_name": "National Capital Region (NCR)", "prov_name": "NCR, Second District", "city_name": "City of Marikina", "brgy_name": "Malanday", "reg_code": "130000000", "prov_code": "137400000", "city_code": "137402000", "brgy_code": "137402005", "psgc_10d": "1380700005", "geographic_level": "Bgy", "old_names": "", "class": "Highly Urbanized Cities (HUC)", "income_class": "", "urban_rural2015": "U", "bgypop2015": 55442, "bgypop2020": 53886, "bgyarea_sqkm": 1.55386612, "gida": "No", "gida_yr": null, "st_perimeter(shape)": 0.058598475123641053, "created_user": null, "created_date": null, "last_edited_user": "ADMIN2", "last_edited_date": 1748789493000, "gi_type_x": "Bioswale", "flood_attenuation_score_x": 26.6769744592983, "site_cost_x": 125661.12514, "selected": 1, "gi_type_y": "Bioswale", "flood_attenuation_score_y": 26.6769744592983, "site_cost_y": 125661.12514, "selected_selection": 1.0 }, "geometry": { "type": "MultiPolygon", "coordinates": [ [ [ [ 121.089962556035331, 14.652685471196357 ], [ 121.08994837597163, 14.652704368773325 ], [ 121.089938094234654, 14.652722009677722 ], [ 121.089936133748125, 14.652726885280773 ], [ 121.089980116011574, 14.652726869516837 ], [ 121.089980092160971, 14.652663811593204 ], [ 121.089962556035331, 14.652685471196357 ] ] ] ] } },
{ "type": "Feature", "properties": { "subcatchme": 3, "class_id": 14.0, "class_name": "Grassland", "nrcs_class": "open_space_poor", "SOILDESC": "Quingua silt loam", "SoilSeries": "Quingua", "hsg": "B", "slope_mean": 2.353338560863262, "area_sqm": 859.079, "site_id": 62, "land_avail": 1, "dist_drain": 90, "gi_type sg": "bioswale", "objectid": 23028, "gthcode": "8011374020050000", "globalid": "{1473D876-E1A5-457E-989E-272A206CDCFB}", "st_area(shape)": 0.00013036676100076878, "reg_name": "National Capital Region (NCR)", "prov_name": "NCR, Second District", "city_name": "City of Marikina", "brgy_name": "Malanday", "reg_code": "130000000", "prov_code": "137400000", "city_code": "137402000", "brgy_code": "137402005", "psgc_10d": "1380700005", "geographic_level": "Bgy", "old_names": "", "class": "Highly Urbanized Cities (HUC)", "income_class": "", "urban_rural2015": "U", "bgypop2015": 55442, "bgypop2020": 53886, "bgyarea_sqkm": 1.55386612, "gida": "No", "gida_yr": null, "st_perimeter(shape)": 0.058598475123641053, "created_user": null, "created_date": null, "last_edited_user": "ADMIN2", "last_edited_date": 1748789493000, "gi_type_x": "Bioswale", "flood_attenuation_score_x": 40.544290093054798, "site_cost_x": 4812458.2696199995, "selected": 1, "gi_type_y": "Bioswale", "flood_attenuation_score_y": 40.544290093054798, "site_cost_y": 4812458.2696199995, "selected_selection": 1.0 }, "geometry": { "type": "MultiPolygon", "coordinates": [ [ [ [ 121.090113715603749, 14.652070229336363 ], [ 121.090053362658864, 14.651979952004694 ], [ 121.089992540687234, 14.651898924792214 ], [ 121.089933110651785, 14.651816985409194 ], [ 121.089921768348475, 14.651797840261512 ], [ 121.089918337029417, 14.65178890873846 ], [ 121.089918638555901, 14.651784962005895 ], [ 121.089894988032512, 14.651784767767897 ], [ 121.089890125386219, 14.651784727831449 ], [ 121.089885558823894, 14.651784690326606 ], [ 121.08975059092559, 14.651783581805148 ], [ 121.089746042926961, 14.65178354445008 ], [ 121.089741876403338, 14.651783510228167 ], [ 121.089738292766043, 14.651783480793764 ], [ 121.089735487857538, 14.651783457755439 ], [ 121.089733659376506, 14.651783442737063 ], [ 121.089733005949768, 14.651783437370085 ], [ 121.089732199274863, 14.651785263466337 ], [ 121.089732373205678, 14.651793363935417 ], [ 121.089735350935399, 14.651807292860708 ], [ 121.089741485133175, 14.651822986448057 ], [ 121.089752210317414, 14.651840505280111 ], [ 121.089767094425397, 14.65185754315698 ], [ 121.089796078734722, 14.651884605109874 ], [ 121.08980882658922, 14.651897511755125 ], [ 121.089843080196346, 14.651939924006237 ], [ 121.089854504074637, 14.651950940060617 ], [ 121.089882806345642, 14.651974766547063 ], [ 121.089890381455959, 14.65198282116498 ], [ 121.089896347526306, 14.651990924019909 ], [ 121.08990423862025, 14.652006433217995 ], [ 121.08990856030141, 14.652019306803441 ], [ 121.089911999495044, 14.652033543164046 ], [ 121.089920753292375, 14.652080933267719 ], [ 121.089924797254525, 14.652096291579651 ], [ 121.089932864195845, 14.652115610451721 ], [ 121.089942226156523, 14.652129235747541 ], [ 121.089954330295313, 14.65214134002891 ], [ 121.089978170343201, 14.652161124620926 ], [ 121.089989577140685, 14.652172185715692 ], [ 121.089991550347804, 14.652174652795548 ], [ 121.090138868978642, 14.652174599928355 ], [ 121.090138868979025, 14.652100852138794 ], [ 121.090132287012452, 14.652093979500791 ], [ 121.090113715603749, 14.652070229336363 ] ] ] ] } },
{ "type": "Feature", "properties": { "subcatchme": 3, "class_id": 10.0, "class_name": "Brush/Shrubs", "nrcs_class": "open_space_good", "SOILDESC": "Quingua silt loam", "SoilSeries": "Quingua", "hsg": "B", "slope_mean": 3.15373682975769, "area_sqm": 5375.321, "site_id": 63, "land_avail": 1, "dist_drain": 82, "gi_type sg": "urban_fores", "objectid": 23028, "gthcode": "8011374020050000", "globalid": "{1473D876-E1A5-457E-989E-272A206CDCFB}", "st_area(shape)": 0.00013036676100076878, "reg_name": "National Capital Region (NCR)", "prov_name": "NCR, Second District", "city_name": "City of Marikina", "brgy_name": "Malanday", "reg_code": "130000000", "prov_code": "137400000", "city_code": "137402000", "brgy_code": "137402005", "psgc_10d": "1380700005", "geographic_level": "Bgy", "old_names": "", "class": "Highly Urbanized Cities (HUC)", "income_class": "", "urban_rural2015": "U", "bgypop2015": 55442, "bgypop2020": 53886, "bgyarea_sqkm": 1.55386612, "gida": "No", "gida_yr": null, "st_perimeter(shape)": 0.058598475123641053, "created_user": null, "created_date": null, "last_edited_user": "ADMIN2", "last_edited_date": 1748789493000, "gi_type_x": "Bioswale", "flood_attenuation_score_x": 42.832716720732101, "site_cost_x": 29980481.362380002, "selected": 0, "gi_type_y": "Bioswale", "flood_attenuation_score_y": 42.832716720732101, "site_cost_y": 29980481.362380002, "selected_selection": null }, "geometry": { "type": "MultiPolygon", "coordinates": [ [ [ [ 121.089989577140685, 14.652172185715692 ], [ 121.089978170343201, 14.652161124620926 ], [ 121.089954330295313, 14.65214134002891 ], [ 121.089942226156523, 14.652129235747541 ], [ 121.089932864195845, 14.652115610451721 ], [ 121.089924797254525, 14.652096291579651 ], [ 121.089920753292375, 14.652080933267719 ], [ 121.089911999495044, 14.652033543164046 ], [ 121.08990856030141, 14.652019306803441 ], [ 121.08990423862025, 14.652006433217995 ], [ 121.089896347526306, 14.651990924019909 ], [ 121.089890381455959, 14.65198282116498 ], [ 121.089882806345642, 14.651974766547063 ], [ 121.089854504074637, 14.651950940060617 ], [ 121.089843080196346, 14.651939924006237 ], [ 121.08980882658922, 14.651897511755125 ], [ 121.089796078734722, 14.651884605109874 ], [ 121.089767094425397, 14.65185754315698 ], [ 121.089752210317414, 14.651840505280111 ], [ 121.089741485133175, 14.651822986448057 ], [ 121.089735350935399, 14.651807292860708 ], [ 121.089732373205678, 14.651793363935417 ], [ 121.089732199274863, 14.651785263466337 ], [ 121.089733005949768, 14.651783437370085 ], [ 121.089733884763476, 14.651781855867792 ], [ 121.089731740509691, 14.651774791132603 ], [ 121.08972079620824, 14.651755351022301 ], [ 121.089602640780811, 14.651589032487502 ], [ 121.089576362841854, 14.651547556899981 ], [ 121.08953387046617, 14.651472895868652 ], [ 121.089521546769191, 14.651452500949247 ], [ 121.089504838441997, 14.651428428065259 ], [ 121.089481812323086, 14.651400852922341 ], [ 121.089452589502656, 14.651368977635002 ], [ 121.089425545392658, 14.651342332835455 ], [ 121.089413284898612, 14.651332105156719 ], [ 121.089412393751005, 14.651331442708047 ], [ 121.089412503134298, 14.651622647034799 ], [ 121.089298528200104, 14.651622687586979 ], [ 121.089302438667204, 14.651632745941356 ], [ 121.089309427243293, 14.651647638639632 ], [ 121.089320434139239, 14.651667348584292 ], [ 121.089366333254006, 14.651736740095084 ], [ 121.089413369161321, 14.651802847823209 ], [ 121.089429499422209, 14.651829252957638 ], [ 121.089440190839994, 14.651849379627887 ], [ 121.089473652794069, 14.651919507596334 ], [ 121.089508102989626, 14.651988282694372 ], [ 121.089518914027423, 14.652016243694099 ], [ 121.089525346964578, 14.65203795121173 ], [ 121.089529116862664, 14.652053547662677 ], [ 121.089535197023878, 14.652086078715328 ], [ 121.089539533343128, 14.652119538915141 ], [ 121.089543028496138, 14.652162125087598 ], [ 121.089544815354941, 14.652203466375475 ], [ 121.089545340959191, 14.652245104563589 ], [ 121.089544735901043, 14.652286751537783 ], [ 121.089542994332447, 14.652328118063032 ], [ 121.089539982569221, 14.652368884935605 ], [ 121.08953683227422, 14.652398110307017 ], [ 121.089532708683819, 14.65242664447886 ], [ 121.089527841271845, 14.652450924911784 ], [ 121.089696412933463, 14.652450864744837 ], [ 121.089696517010026, 14.6527269710172 ], [ 121.089936133748125, 14.652726885280773 ], [ 121.089938094234654, 14.652722009677722 ], [ 121.08994837597163, 14.652704368773325 ], [ 121.089962556035331, 14.652685471196357 ], [ 121.089980092160971, 14.652663811593204 ], [ 121.089979907150521, 14.652174656969901 ], [ 121.089991550347804, 14.652174652795548 ], [ 121.089989577140685, 14.652172185715692 ] ] ], [ [ [ 121.089410466677478, 14.652633493290796 ], [ 121.089401862236031, 14.652645884746482 ], [ 121.089390923281897, 14.652666737426202 ], [ 121.089383781035437, 14.652686063303186 ], [ 121.089378423918788, 14.652707086551501 ], [ 121.089374972370564, 14.652728870111059 ], [ 121.089373210509095, 14.652754902331782 ], [ 121.089373814035326, 14.652781226905645 ], [ 121.089376150428762, 14.652803177306106 ], [ 121.089379850655874, 14.652823277271199 ], [ 121.08938729958038, 14.652850281643401 ], [ 121.0894053744329, 14.652901974075222 ], [ 121.089412993363169, 14.652927668579105 ], [ 121.089412881777051, 14.652630631078587 ], [ 121.089410466677478, 14.652633493290796 ] ] ], [ [ [ 121.089435765605018, 14.653029414626529 ], [ 121.089696646724235, 14.653071083140196 ], [ 121.089696621088919, 14.653003077283044 ], [ 121.089430305079858, 14.653003172284921 ], [ 121.089435765605018, 14.653029414626529 ] ] ] ] } },
{ "type": "Feature", "properties": { "subcatchme": 9, "class_id": 10.0, "class_name": "Brush/Shrubs", "nrcs_class": "open_space_good", "SOILDESC": "Quingua silt loam", "SoilSeries": "Quingua", "hsg": "B", "slope_mean": 4.0993032455444336, "area_sqm": 7111.181, "site_id": 105, "land_avail": 1, "dist_drain": 10, "gi_type sg": "urban_fores", "objectid": 23028, "gthcode": "8011374020050000", "globalid": "{1473D876-E1A5-457E-989E-272A206CDCFB}", "st_area(shape)": 0.00013036676100076878, "reg_name": "National Capital Region (NCR)", "prov_name": "NCR, Second District", "city_name": "City of Marikina", "brgy_name": "Malanday", "reg_code": "130000000", "prov_code": "137400000", "city_code": "137402000", "brgy_code": "137402005", "psgc_10d": "1380700005", "geographic_level": "Bgy", "old_names": "", "class": "Highly Urbanized Cities (HUC)", "income_class": "", "urban_rural2015": "U", "bgypop2015": 55442, "bgypop2020": 53886, "bgyarea_sqkm": 1.55386612, "gida": "No", "gida_yr": null, "st_perimeter(shape)": 0.058598475123641053, "created_user": null, "created_date": null, "last_edited_user": "ADMIN2", "last_edited_date": 1748789493000, "gi_type_x": "Bioswale", "flood_attenuation_score_x": 43.747830842191597, "site_cost_x": 39654047.253179997, "selected": 0, "gi_type_y": "Bioswale", "flood_attenuation_score_y": 43.747830842191597, "site_cost_y": 39654047.253179997, "selected_selection": null }, "geometry": { "type": "MultiPolygon", "coordinates": [ [ [ [ 121.091749592533901, 14.639538566807685 ], [ 121.091735957453565, 14.639569061895722 ], [ 121.091723266248252, 14.639607614976926 ], [ 121.091711322464761, 14.639651827799664 ], [ 121.09168991342554, 14.639739037486345 ], [ 121.091678608186811, 14.639781321599793 ], [ 121.091670546453599, 14.639807670966475 ], [ 121.091658415844876, 14.639840750342408 ], [ 121.091634533099821, 14.63989373428414 ], [ 121.091623973718555, 14.639920287289053 ], [ 121.091610576138649, 14.639962272282396 ], [ 121.091590113390396, 14.640037291421859 ], [ 121.091577120679247, 14.640078824260922 ], [ 121.091566137198299, 14.640107190242107 ], [ 121.091539668419287, 14.640163722619487 ], [ 121.091528468019803, 14.640190982484546 ], [ 121.091516775557608, 14.640226089752046 ], [ 121.091491588389985, 14.640317300777705 ], [ 121.091480261141783, 14.64035342861462 ], [ 121.091469256062496, 14.64038235651859 ], [ 121.091443941050031, 14.6404402719788 ], [ 121.091433232677815, 14.640470736813604 ], [ 121.091423041934164, 14.640509068174621 ], [ 121.091416236574844, 14.640541462807006 ], [ 121.091398555445735, 14.640640301231 ], [ 121.091393473640636, 14.640664929546856 ], [ 121.091393652322594, 14.641129888331363 ], [ 121.09126468219138, 14.641129935279775 ], [ 121.091249964693375, 14.641166610981148 ], [ 121.091241822717535, 14.641191063676038 ], [ 121.09123579332865, 14.641212829795526 ], [ 121.091230354335778, 14.641235874988757 ], [ 121.091222525484724, 14.641275308347639 ], [ 121.091208458728417, 14.641355135200692 ], [ 121.09120045164633, 14.641394462265334 ], [ 121.091197631872191, 14.641406066225718 ], [ 121.091393758432517, 14.641405994857529 ], [ 121.09139381609215, 14.64155602719568 ], [ 121.091394110405716, 14.641552260548428 ], [ 121.091397723117765, 14.641464046459138 ], [ 121.091401184068644, 14.641285548633979 ], [ 121.091404913460963, 14.641198114497387 ], [ 121.091408398775698, 14.641155737366402 ], [ 121.091411326468275, 14.641130715941921 ], [ 121.091415047751084, 14.641106339045077 ], [ 121.091420675516417, 14.641078744306498 ], [ 121.091428004923401, 14.641052511858559 ], [ 121.091435808082792, 14.64103170736616 ], [ 121.091444664312036, 14.641013633485523 ], [ 121.091453352281206, 14.640999666492837 ], [ 121.091463269869664, 14.640986691013017 ], [ 121.091471756230021, 14.640977145125687 ], [ 121.091522204243432, 14.640928937385221 ], [ 121.091538405750427, 14.64091101229695 ], [ 121.091547164669208, 14.640899357573113 ], [ 121.091556260163003, 14.640885061351501 ], [ 121.091570981813078, 14.640855907268543 ], [ 121.091580968704406, 14.640831377505938 ], [ 121.091613805252877, 14.640739180896199 ], [ 121.091625360833376, 14.640711638369996 ], [ 121.091651724264835, 14.640654844857625 ], [ 121.091658063143726, 14.640638604737575 ], [ 121.091664738312758, 14.640618575404567 ], [ 121.091674723406939, 14.640580836984524 ], [ 121.091682912429604, 14.640541278222699 ], [ 121.091697335546016, 14.640460892124633 ], [ 121.091705451261802, 14.640421222506934 ], [ 121.09171109302649, 14.640398225948848 ], [ 121.091723320704148, 14.64035897141072 ], [ 121.091745291051538, 14.64030474454592 ], [ 121.091746513599972, 14.640301439789411 ], [ 121.091676917021431, 14.640301465237282 ], [ 121.091676810566199, 14.640025358687286 ], [ 121.091786124411627, 14.640025318708327 ], [ 121.091786897495581, 14.639999985681587 ], [ 121.091788564970088, 14.639850756934026 ], [ 121.091788484672989, 14.639509849438825 ], [ 121.091782357771535, 14.639507702598298 ], [ 121.091773863902915, 14.639510398316217 ], [ 121.091763963830914, 14.639518139670724 ], [ 121.091749592533901, 14.639538566807685 ] ] ], [ [ [ 121.090962609204112, 14.64224272021143 ], [ 121.090950139543239, 14.642276011818872 ], [ 121.090939577095341, 14.642310293270739 ], [ 121.090915874982983, 14.642395972990002 ], [ 121.090904923282423, 14.642429434291346 ], [ 121.090892282191447, 14.642460759820645 ], [ 121.090865723060617, 14.642518126346845 ], [ 121.090854309787574, 14.642548184099439 ], [ 121.09084310220382, 14.642584182721942 ], [ 121.090820341692933, 14.642666909592633 ], [ 121.090808555007953, 14.642703539672711 ], [ 121.090797631216716, 14.642731412649999 ], [ 121.090776213387144, 14.642779972209862 ], [ 121.090764574972425, 14.64281190963189 ], [ 121.090753330768067, 14.64285342238496 ], [ 121.090745185065884, 14.642892659713224 ], [ 121.090731040422327, 14.642972437057074 ], [ 121.090723173533007, 14.643011846568351 ], [ 121.090717674404345, 14.643034855093566 ], [ 121.090711538720385, 14.643056555245632 ], [ 121.090709315362531, 14.643062882480692 ], [ 121.09082722200958, 14.643062839838208 ], [ 121.090827360349181, 14.643425175956247 ], [ 121.090845498525894, 14.643369678341807 ], [ 121.09085850950899, 14.643337985337476 ], [ 121.09086799624933, 14.643318826796282 ], [ 121.090900885775369, 14.643258029321119 ], [ 121.090930893823028, 14.643192123925632 ], [ 121.090946035505823, 14.643160692395464 ], [ 121.090956499860312, 14.643141505720598 ], [ 121.090983286311129, 14.643096384523529 ], [ 121.090997135327385, 14.643070171250915 ], [ 121.09103744586136, 14.642980071272847 ], [ 121.091073272789629, 14.642907822544453 ], [ 121.091082193937098, 14.642885371652001 ], [ 121.091091139861476, 14.642857054074955 ], [ 121.091097029639627, 14.642834054162533 ], [ 121.09110534556703, 14.642794552520021 ], [ 121.091119862887638, 14.642714273922476 ], [ 121.091131726961464, 14.642659255758058 ], [ 121.091137779657217, 14.642637271142535 ], [ 121.091145966616878, 14.642612563984011 ], [ 121.09117003196917, 14.642553443647101 ], [ 121.091177762755052, 14.642532110813978 ], [ 121.091184004657165, 14.642511750811943 ], [ 121.091191667384791, 14.642481441768384 ], [ 121.091199757009775, 14.642441808127469 ], [ 121.091213865178005, 14.642361285772402 ], [ 121.091221679665395, 14.642321481782485 ], [ 121.091227103098973, 14.642298201502195 ], [ 121.09123311702443, 14.642276189452074 ], [ 121.091241239330657, 14.642251441993221 ], [ 121.091248089798967, 14.642234367538869 ], [ 121.090966209627695, 14.64223446988921 ], [ 121.090962609204112, 14.64224272021143 ] ] ], [ [ [ 121.090524745497405, 14.643649295009169 ], [ 121.090513862761782, 14.643690105810567 ], [ 121.090505005584376, 14.643718451191003 ], [ 121.090495953852056, 14.643743322920542 ], [ 121.090487724391906, 14.643762846012073 ], [ 121.090477666053545, 14.643783586755141 ], [ 121.090457321624868, 14.643821890733577 ], [ 121.090452695196163, 14.643832218320034 ], [ 121.090451583460194, 14.643836693405316 ], [ 121.090543930445932, 14.643838212918277 ], [ 121.090543825763191, 14.643563114123213 ], [ 121.090524745497405, 14.643649295009169 ] ] ] ] } },
{ "type": "Feature", "properties": { "subcatchme": 9, "class_id": 14.0, "class_name": "Grassland", "nrcs_class": "open_space_poor", "SOILDESC": "Marikina silt loam", "SoilSeries": "Marikina", "hsg": "B", "slope_mean": 2.9117347002029419, "area_sqm": 5169.338, "site_id": 111, "land_avail": 1, "dist_drain": 91, "gi_type sg": "urban_fores", "objectid": 23028, "gthcode": "8011374020050000", "globalid": "{1473D876-E1A5-457E-989E-272A206CDCFB}", "st_area(shape)": 0.00013036676100076878, "reg_name": "National Capital Region (NCR)", "prov_name": "NCR, Second District", "city_name": "City of Marikina", "brgy_name": "Malanday", "reg_code": "130000000", "prov_code": "137400000", "city_code": "137402000", "brgy_code": "137402005", "psgc_10d": "1380700005", "geographic_level": "Bgy", "old_names": "", "class": "Highly Urbanized Cities (HUC)", "income_class": "", "urban_rural2015": "U", "bgypop2015": 55442, "bgypop2020": 53886, "bgyarea_sqkm": 1.55386612, "gida": "No", "gida_yr": null, "st_perimeter(shape)": 0.058598475123641053, "created_user": null, "created_date": null, "last_edited_user": "ADMIN2", "last_edited_date": 1748789493000, "gi_type_x": "Bioswale", "flood_attenuation_score_x": 43.280454652848398, "site_cost_x": 28832583.419639997, "selected": 0, "gi_type_y": "Bioswale", "flood_attenuation_score_y": 43.280454652848398, "site_cost_y": 28832583.419639997, "selected_selection": null }, "geometry": { "type": "MultiPolygon", "coordinates": [ [ [ [ 121.092797188298803, 14.646572500126677 ], [ 121.09276932354274, 14.646579147128575 ], [ 121.092744180643251, 14.646588222118831 ], [ 121.092724284301468, 14.646598547475458 ], [ 121.092708001748463, 14.646610236333709 ], [ 121.09269671450879, 14.646620887112592 ], [ 121.092691242037645, 14.64662708327468 ], [ 121.092686053054535, 14.64663377157191 ], [ 121.092676838287446, 14.646648310837127 ], [ 121.092664719366198, 14.646677421221217 ], [ 121.092658699651778, 14.64670750339307 ], [ 121.092655355319451, 14.646738518438966 ], [ 121.092651956727977, 14.646795124320517 ], [ 121.092650323544916, 14.646853237605457 ], [ 121.092649363926185, 14.646928772725465 ], [ 121.092646852601248, 14.647308520297258 ], [ 121.092647851058757, 14.647420913945798 ], [ 121.092650396584929, 14.647481074955333 ], [ 121.092652317134892, 14.647506499431413 ], [ 121.09265494589998, 14.647531495932906 ], [ 121.092658480601045, 14.647555955828162 ], [ 121.092664875327117, 14.647586938659609 ], [ 121.092670751496399, 14.64760747576608 ], [ 121.092676701414391, 14.647623993771999 ], [ 121.09270254997783, 14.647681336481105 ], [ 121.092713471714688, 14.647711555740033 ], [ 121.092723200699268, 14.647749931149704 ], [ 121.09273731459804, 14.647830800646044 ], [ 121.092744411123803, 14.647860274611444 ], [ 121.092752639665079, 14.64788668343388 ], [ 121.092762872164073, 14.647912347761425 ], [ 121.092775285741368, 14.647936428594983 ], [ 121.092789705115777, 14.647957727984251 ], [ 121.092805138760525, 14.647974873196736 ], [ 121.092819442629761, 14.647986883298801 ], [ 121.092828552995954, 14.647993007428479 ], [ 121.092839245453618, 14.647998976438139 ], [ 121.092857387359956, 14.648006709110749 ], [ 121.092869842020832, 14.648010586919984 ], [ 121.092881863380569, 14.648013371301202 ], [ 121.092898978413359, 14.648015769081139 ], [ 121.092912134638212, 14.648016124552846 ], [ 121.09292004573247, 14.648014953131431 ], [ 121.09292159184983, 14.648014020524966 ], [ 121.092919756304184, 14.648010103254109 ], [ 121.092921280499652, 14.648004514549971 ], [ 121.09292327342942, 14.648000966652569 ], [ 121.092929042782075, 14.647993610750511 ], [ 121.092938220740734, 14.647984943492194 ], [ 121.092956841883804, 14.647971500719752 ], [ 121.093013459578628, 14.647937761204629 ], [ 121.093027953193641, 14.647928260917666 ], [ 121.093046911084812, 14.64791365872509 ], [ 121.093060773023979, 14.647900028721331 ], [ 121.093072681307234, 14.647884224640423 ], [ 121.093079785050037, 14.647871115804113 ], [ 121.093082725588033, 14.647864036740833 ], [ 121.09308514803503, 14.647856760036515 ], [ 121.093088266216924, 14.647842018961171 ], [ 121.093088993950431, 14.647827634234629 ], [ 121.093086795126297, 14.647806904964858 ], [ 121.093083920905002, 14.647793864353096 ], [ 121.093080349864167, 14.647782188055109 ], [ 121.09307260715029, 14.64776335270469 ], [ 121.093057064498552, 14.647732406950642 ], [ 121.093048582101218, 14.647713560114187 ], [ 121.093040868549778, 14.647691245715492 ], [ 121.093034132653059, 14.647663643585142 ], [ 121.093029505148863, 14.647636100308565 ], [ 121.093026152793286, 14.647607723418764 ], [ 121.093023677788253, 14.647578787997894 ], [ 121.093016780838198, 14.647466875553825 ], [ 121.093014476831698, 14.647439311560237 ], [ 121.093011410450558, 14.647412213054313 ], [ 121.093004104587166, 14.647370448717384 ], [ 121.092998424642701, 14.647348899261107 ], [ 121.092989917602054, 14.647325175798358 ], [ 121.092983433919912, 14.647310914507491 ], [ 121.092961878688513, 14.647268874309976 ], [ 121.092953371783935, 14.647248570489497 ], [ 121.092945133457462, 14.647221789263797 ], [ 121.09294168996783, 14.64720684980702 ], [ 121.092937124997718, 14.647180771054167 ], [ 121.09293385488948, 14.647153940183967 ], [ 121.092931571854407, 14.64712652818578 ], [ 121.092929857032857, 14.647094376363482 ], [ 121.09292836673221, 14.647029392759093 ], [ 121.092928997417005, 14.646897644116024 ], [ 121.09293409552788, 14.646568185692722 ], [ 121.092911270638268, 14.646566281541729 ], [ 121.092886011906714, 14.6465654599647 ], [ 121.092858849167868, 14.646565848208827 ], [ 121.092828697468121, 14.646567968761333 ], [ 121.092797188298803, 14.646572500126677 ] ] ] ] } },
{ "type": "Feature", "properties": { "subcatchme": 4, "class_id": 14.0, "class_name": "Grassland", "nrcs_class": "open_space_poor", "SOILDESC": "Antipolo clay loam", "SoilSeries": "Antipolo", "hsg": "D", "slope_mean": 1.6477047204971309, "area_sqm": 2720.505, "site_id": 65, "land_avail": 1, "dist_drain": 1403, "gi_type sg": "urban_fores", "objectid": 24388, "gthcode": "8011374020130000", "globalid": "{6227571F-6265-486B-9180-9A761FF9A354}", "st_area(shape)": 0.00019596494638646022, "reg_name": "National Capital Region (NCR)", "prov_name": "NCR, Second District", "city_name": "City of Marikina", "brgy_name": "Marikina Heights (Concepcion)", "reg_code": "130000000", "prov_code": "137400000", "city_code": "137402000", "brgy_code": "137402013", "psgc_10d": "1380700013", "geographic_level": "Bgy", "old_names": "Concepcion", "class": "Highly Urbanized Cities (HUC)", "income_class": "", "urban_rural2015": "U", "bgypop2015": 38795, "bgypop2020": 42761, "bgyarea_sqkm": 2.33571384, "gida": "No", "gida_yr": null, "st_perimeter(shape)": 0.068049039583609847, "created_user": null, "created_date": null, "last_edited_user": "ADMIN2", "last_edited_date": 1748789493000, "gi_type_x": "Bioswale", "flood_attenuation_score_x": 41.8762038615059, "site_cost_x": 15185775.8539, "selected": 1, "gi_type_y": "Bioswale", "flood_attenuation_score_y": 41.8762038615059, "site_cost_y": 15185775.8539, "selected_selection": 1.0 }, "geometry": { "type": "MultiPolygon", "coordinates": [ [ [ [ 121.124960993539119, 14.646250019235685 ], [ 121.124964631444485, 14.646255627386711 ], [ 121.124996298296168, 14.6463025094115 ], [ 121.125005217057989, 14.64631698305922 ], [ 121.125013183569962, 14.646331881013291 ], [ 121.125025468874981, 14.646360125650107 ], [ 121.125037706590675, 14.646395496682919 ], [ 121.125047608214047, 14.646429310748021 ], [ 121.125080720340534, 14.646553057236595 ], [ 121.125093306884295, 14.646590744616775 ], [ 121.125101801464353, 14.646610895663088 ], [ 121.125107500882592, 14.646622017654398 ], [ 121.125117887346363, 14.646637564101418 ], [ 121.12512477179547, 14.646644683100678 ], [ 121.125130755591485, 14.646648886652679 ], [ 121.125133726554452, 14.646650230034147 ], [ 121.125138630346427, 14.646650996147658 ], [ 121.125142506782055, 14.646649228972574 ], [ 121.125143267099247, 14.646527796981058 ], [ 121.125138868996729, 14.646527796975851 ], [ 121.125138868996402, 14.646250019197721 ], [ 121.124960993539119, 14.646250019235685 ] ] ], [ [ [ 121.125138868995506, 14.645416685863363 ], [ 121.125416646773473, 14.645416685863694 ], [ 121.125416646772933, 14.645208208405709 ], [ 121.125376754605696, 14.645208159345263 ], [ 121.125285832743003, 14.645207081553595 ], [ 121.125197014564179, 14.64520367099041 ], [ 121.125162444401681, 14.645201004788644 ], [ 121.125142333070258, 14.64519867485712 ], [ 121.125142364275078, 14.645256740993403 ], [ 121.12487053233437, 14.645256879309798 ], [ 121.124869144478694, 14.645280679639459 ], [ 121.12486234958979, 14.64534993701465 ], [ 121.124857479722266, 14.645382740961765 ], [ 121.124852040900706, 14.645410517416492 ], [ 121.124846408914379, 14.6454331736126 ], [ 121.124833589714584, 14.645477557091965 ], [ 121.124830687939493, 14.645491004638362 ], [ 121.124828915839657, 14.645504229935456 ], [ 121.124828501390155, 14.64552437244498 ], [ 121.124830469312514, 14.645542592952614 ], [ 121.124834454264914, 14.64556124904502 ], [ 121.124843983002222, 14.645596554870167 ], [ 121.124848929311568, 14.645617973265869 ], [ 121.124854836986529, 14.645652633566455 ], [ 121.124858465220413, 14.645683223190767 ], [ 121.124861091217625, 14.645719400437418 ], [ 121.124861091217838, 14.645694463641133 ], [ 121.125138868995791, 14.645694463641467 ], [ 121.125138868995506, 14.645416685863363 ] ] ], [ [ [ 121.124968151037848, 14.644954869276088 ], [ 121.124968294104647, 14.64490987031429 ], [ 121.124972240139911, 14.644840405611042 ], [ 121.124968354733241, 14.644838427675486 ], [ 121.124966053006702, 14.644838398282321 ], [ 121.124960158338766, 14.6448402034176 ], [ 121.124953854219783, 14.644844204921327 ], [ 121.124943960157381, 14.644854274028141 ], [ 121.124935263420639, 14.644867190481738 ], [ 121.124929168681049, 14.644878772315144 ], [ 121.124923190063555, 14.644892417385954 ], [ 121.124914143573719, 14.644918086203266 ], [ 121.124906023108238, 14.644947397267011 ], [ 121.124899828292186, 14.644974789875922 ], [ 121.12489869651904, 14.644980758788364 ], [ 121.124969669694437, 14.644980722697738 ], [ 121.124968151037848, 14.644954869276088 ] ] ] ] } },
{ "type": "Feature", "properties": { "subcatchme": 4, "class_id": 10.0, "class_name": "Brush/Shrubs", "nrcs_class": "open_space_good", "SOILDESC": "Marikina silt loam", "SoilSeries": "Marikina", "hsg": "B", "slope_mean": 1.708129384300926, "area_sqm": 9540.803, "site_id": 66, "land_avail": 1, "dist_drain": 538, "gi_type sg": "urban_fores", "objectid": 24388, "gthcode": "8011374020130000", "globalid": "{6227571F-6265-486B-9180-9A761FF9A354}", "st_area(shape)": 0.00019596494638646022, "reg_name": "National Capital Region (NCR)", "prov_name": "NCR, Second District", "city_name": "City of Marikina", "brgy_name": "Marikina Heights (Concepcion)", "reg_code": "130000000", "prov_code": "137400000", "city_code": "137402000", "brgy_code": "137402013", "psgc_10d": "1380700013", "geographic_level": "Bgy", "old_names": "Concepcion", "class": "Highly Urbanized Cities (HUC)", "income_class": "", "urban_rural2015": "U", "bgypop2015": 38795, "bgypop2020": 42761, "bgyarea_sqkm": 2.33571384, "gida": "No", "gida_yr": null, "st_perimeter(shape)": 0.068049039583609847, "created_user": null, "created_date": null, "last_edited_user": "ADMIN2", "last_edited_date": 1748789493000, "gi_type_x": "Bioswale", "flood_attenuation_score_x": 45.0286837923191, "site_cost_x": 53193796.142339997, "selected": 0, "gi_type_y": "Bioswale", "flood_attenuation_score_y": 45.0286837923191, "site_cost_y": 53193796.142339997, "selected_selection": null }, "geometry": { "type": "MultiPolygon", "coordinates": [ [ [ [ 121.115494800846378, 14.65109518259661 ], [ 121.115628132767256, 14.651089888018149 ], [ 121.115668382930608, 14.651086751055249 ], [ 121.115700024924195, 14.651083143094157 ], [ 121.115730883043227, 14.651078283450577 ], [ 121.115753014117871, 14.651073720013525 ], [ 121.115779444060649, 14.651066744123513 ], [ 121.115800706299908, 14.651059682987881 ], [ 121.115850305818981, 14.651040237268894 ], [ 121.115878893054543, 14.651030211613197 ], [ 121.115907798718169, 14.651021701362305 ], [ 121.11601683735509, 14.650993309469612 ], [ 121.11603882580016, 14.65098620900678 ], [ 121.11606432909042, 14.65097633005357 ], [ 121.116094421433488, 14.650961689507978 ], [ 121.116201525957422, 14.650903704867696 ], [ 121.116225593627533, 14.650888675708288 ], [ 121.1162406346035, 14.650877508240781 ], [ 121.116256664871017, 14.650863214679008 ], [ 121.116270160804547, 14.650848840944885 ], [ 121.116279504942838, 14.650837701441038 ], [ 121.11631821560313, 14.650787574650037 ], [ 121.116339986090111, 14.650762741377758 ], [ 121.116351926866628, 14.650750907151929 ], [ 121.116378133243771, 14.650727394891007 ], [ 121.116398517008278, 14.650710157907785 ], [ 121.116422090374513, 14.650692030379016 ], [ 121.116439933659379, 14.650680430113891 ], [ 121.116463636245996, 14.6506677114953 ], [ 121.116483736433651, 14.650658567743017 ], [ 121.116532929331058, 14.650638677552042 ], [ 121.116555095740537, 14.650628993832161 ], [ 121.116569628320079, 14.650621375655184 ], [ 121.116581644121567, 14.650613361149524 ], [ 121.116592476647753, 14.650602929547718 ], [ 121.116597321629442, 14.650595480543602 ], [ 121.116599725868696, 14.650589600518073 ], [ 121.116601103262127, 14.650583202478799 ], [ 121.116601295844305, 14.650576849068974 ], [ 121.116600482993249, 14.650571056862272 ], [ 121.116597787924974, 14.650562953962055 ], [ 121.116594658089781, 14.650556956827231 ], [ 121.116588119612175, 14.65054771845776 ], [ 121.116576008559193, 14.650534720669361 ], [ 121.116567216272713, 14.650526900966399 ], [ 121.11655654717481, 14.650518963041391 ], [ 121.116542257168447, 14.650510900000898 ], [ 121.116526148010806, 14.650504879098715 ], [ 121.1165105051479, 14.65050142854029 ], [ 121.116498978623184, 14.650500088065854 ], [ 121.116480218794607, 14.650499782519642 ], [ 121.116466739714781, 14.650500887969189 ], [ 121.116453599155506, 14.65050300471237 ], [ 121.116441370738841, 14.65050591869381 ], [ 121.116417048100601, 14.650514509513917 ], [ 121.116386477867579, 14.650529576412239 ], [ 121.11627117604661, 14.650592264618032 ], [ 121.116256630606387, 14.650598888577816 ], [ 121.116239876702025, 14.650605425967607 ], [ 121.116205203576953, 14.650615828942309 ], [ 121.116169363957454, 14.650623372126908 ], [ 121.116132255201094, 14.65062887888344 ], [ 121.116089685773673, 14.650633282243369 ], [ 121.116047313207702, 14.650636373179218 ], [ 121.11591934624316, 14.650643139367579 ], [ 121.115877453415408, 14.650646031724435 ], [ 121.115836541386486, 14.650650050825526 ], [ 121.115795234895174, 14.65065612901526 ], [ 121.115767484231284, 14.650662006133462 ], [ 121.115741148184924, 14.650669622622882 ], [ 121.115720354522253, 14.65067768706875 ], [ 121.11570795663026, 14.650683703014447 ], [ 121.115697271155213, 14.650689848508563 ], [ 121.115680355552087, 14.650701944237092 ], [ 121.115666881641573, 14.650714064232014 ], [ 121.115653078306863, 14.650728778851354 ], [ 121.115614200478916, 14.650776185768967 ], [ 121.115596345333955, 14.650795684390147 ], [ 121.115572149790836, 14.650817743393887 ], [ 121.115539568162831, 14.650843105329159 ], [ 121.11552036819775, 14.650855195187624 ], [ 121.115511819697801, 14.650859472823859 ], [ 121.115499524773057, 14.650864300294089 ], [ 121.115484514467141, 14.650868183967392 ], [ 121.11547357782301, 14.650869722052587 ], [ 121.115462335411337, 14.650870218380749 ], [ 121.115451073727471, 14.650869602975458 ], [ 121.115434708504466, 14.650866609195832 ], [ 121.115424576749035, 14.650863356849792 ], [ 121.115407795321715, 14.650855083773489 ], [ 121.115397352877082, 14.650847673600349 ], [ 121.115389626706829, 14.650840885506678 ], [ 121.115373488354905, 14.650823079768745 ], [ 121.115321617213482, 14.650752104168093 ], [ 121.115246725316595, 14.65066338272165 ], [ 121.115227793488302, 14.650642913667644 ], [ 121.115161767183679, 14.650575046004924 ], [ 121.115142581281177, 14.650557370998749 ], [ 121.115119572772386, 14.65053840884211 ], [ 121.115093039909738, 14.650518017355665 ], [ 121.11507442178123, 14.650505156547981 ], [ 121.115056329074903, 14.650495222629973 ], [ 121.115046908208157, 14.650491338004038 ], [ 121.115017503584156, 14.650484061529571 ], [ 121.11498692769905, 14.650482844947749 ], [ 121.114974242830101, 14.650484101341789 ], [ 121.114961996995163, 14.650486337311554 ], [ 121.114950575816778, 14.65048939692757 ], [ 121.114940457207297, 14.650492969568313 ], [ 121.114927848596921, 14.650498660231467 ], [ 121.114914658750322, 14.650506106631102 ], [ 121.114900785135561, 14.650515358544437 ], [ 121.114873041670563, 14.650536569945793 ], [ 121.114851294397269, 14.650555308561129 ], [ 121.114833349152136, 14.650573398391456 ], [ 121.114817105946216, 14.650592396698594 ], [ 121.114781880076293, 14.6506361729909 ], [ 121.11476834102271, 14.6506509131905 ], [ 121.114755734554564, 14.650662756389989 ], [ 121.114739020981006, 14.650675753787667 ], [ 121.114722573739698, 14.650686262688758 ], [ 121.114697294439338, 14.650699689506977 ], [ 121.114629715150855, 14.65073029658689 ], [ 121.114610688750631, 14.650739779635222 ], [ 121.114587807680564, 14.650753243954519 ], [ 121.114577986542884, 14.650760128413303 ], [ 121.114566112664264, 14.650769774268431 ], [ 121.114555104714597, 14.650780410390263 ], [ 121.114543096774383, 14.650794226731094 ], [ 121.114531246112065, 14.650810274728236 ], [ 121.11451968582378, 14.650828078296227 ], [ 121.114469657929348, 14.650913670781119 ], [ 121.11446039107274, 14.650932261099435 ], [ 121.114452842652312, 14.650951362394476 ], [ 121.114447643440613, 14.650968854229474 ], [ 121.114444839730723, 14.650981277538182 ], [ 121.114441358252208, 14.6510051147637 ], [ 121.114440319101746, 14.65102839340768 ], [ 121.114441821053575, 14.651051177531381 ], [ 121.114446090340806, 14.651071977830219 ], [ 121.1144497973184, 14.65108244404588 ], [ 121.114454309214139, 14.651091483486237 ], [ 121.114459296617056, 14.651098757296792 ], [ 121.114466681215603, 14.651106299967795 ], [ 121.114475419280822, 14.651112094970882 ], [ 121.11448241370725, 14.651115115876168 ], [ 121.114493247582999, 14.651117781114246 ], [ 121.11450698967684, 14.651118595611576 ], [ 121.114528775889767, 14.651116478581306 ], [ 121.114566232138984, 14.651111161078157 ], [ 121.1145996516087, 14.651108324996088 ], [ 121.114625786523817, 14.651107412622467 ], [ 121.114652754668981, 14.651107623998644 ], [ 121.114676219601364, 14.651108817334501 ], [ 121.114715085434085, 14.651113208154312 ], [ 121.11473669832867, 14.651117247651305 ], [ 121.114761439851875, 14.651123403715069 ], [ 121.114816930990187, 14.651139778859747 ], [ 121.114844773667144, 14.651147248756635 ], [ 121.114877533020731, 14.651154525340569 ], [ 121.114917445392692, 14.651161474909799 ], [ 121.114967022420871, 14.651167900923811 ], [ 121.115015660572254, 14.651172423312415 ], [ 121.115061236743529, 14.651175393587923 ], [ 121.115140984229868, 14.651178029864706 ], [ 121.115171825486115, 14.651177641772005 ], [ 121.11516984894638, 14.651173662035191 ], [ 121.115170455103851, 14.651168774203216 ], [ 121.115171735042352, 14.651165854712902 ], [ 121.115178216429939, 14.651157553242063 ], [ 121.115189873741627, 14.651148592428017 ], [ 121.11519925687783, 14.65114332205413 ], [ 121.115211005943436, 14.651137960598541 ], [ 121.115224840307604, 14.651132760635978 ], [ 121.1152532546419, 14.651124396507033 ], [ 121.115285990702873, 14.651117135592708 ], [ 121.115337137188021, 14.651108818291716 ], [ 121.115389492595313, 14.651102739350391 ], [ 121.115442863673451, 14.65109826821252 ], [ 121.115494800846378, 14.65109518259661 ] ] ] ] } },
{ "type": "Feature", "properties": { "subcatchme": 4, "class_id": 10.0, "class_name": "Brush/Shrubs", "nrcs_class": "open_space_good", "SOILDESC": "Antipolo clay loam", "SoilSeries": "Antipolo", "hsg": "D", "slope_mean": 4.3776536754191442, "area_sqm": 698.795, "site_id": 67, "land_avail": 1, "dist_drain": 1404, "gi_type sg": "bioswale", "objectid": 24388, "gthcode": "8011374020130000", "globalid": "{6227571F-6265-486B-9180-9A761FF9A354}", "st_area(shape)": 0.00019596494638646022, "reg_name": "National Capital Region (NCR)", "prov_name": "NCR, Second District", "city_name": "City of Marikina", "brgy_name": "Marikina Heights (Concepcion)", "reg_code": "130000000", "prov_code": "137400000", "city_code": "137402000", "brgy_code": "137402013", "psgc_10d": "1380700013", "geographic_level": "Bgy", "old_names": "Concepcion", "class": "Highly Urbanized Cities (HUC)", "income_class": "", "urban_rural2015": "U", "bgypop2015": 38795, "bgypop2020": 42761, "bgyarea_sqkm": 2.33571384, "gida": "No", "gida_yr": null, "st_perimeter(shape)": 0.068049039583609847, "created_user": null, "created_date": null, "last_edited_user": "ADMIN2", "last_edited_date": 1748789493000, "gi_type_x": "Bioswale", "flood_attenuation_score_x": 40.4465023117179, "site_cost_x": 3919230.8001000001, "selected": 1, "gi_type_y": "Bioswale", "flood_attenuation_score_y": 40.4465023117179, "site_cost_y": 3919230.8001000001, "selected_selection": 1.0 }, "geometry": { "type": "MultiPolygon", "coordinates": [ [ [ [ 121.126073738916304, 14.646295241172188 ], [ 121.126072350237735, 14.646293281553746 ], [ 121.126070784668414, 14.646281880188226 ], [ 121.126073233325357, 14.646263527160205 ], [ 121.126077294665137, 14.64625002094043 ], [ 121.125694424552336, 14.646250019198403 ], [ 121.125694424552194, 14.646292185686233 ], [ 121.126073738916304, 14.646295241172188 ] ] ], [ [ [ 121.125138868993417, 14.644840663522062 ], [ 121.124972240139911, 14.644840405611042 ], [ 121.124968294104647, 14.64490987031429 ], [ 121.124968151037848, 14.644954869276088 ], [ 121.124969669694437, 14.644980722697738 ], [ 121.12513886899383, 14.644980636570761 ], [ 121.125138868993417, 14.644840663522062 ] ] ], [ [ [ 121.125162444401681, 14.645201004788644 ], [ 121.125197014564179, 14.64520367099041 ], [ 121.125285832743003, 14.645207081553595 ], [ 121.125376754605696, 14.645208159345263 ], [ 121.125416646772933, 14.645208208405709 ], [ 121.125416646773132, 14.645138908085571 ], [ 121.125142300951694, 14.64513890808724 ], [ 121.125142333070258, 14.64519867485712 ], [ 121.125162444401681, 14.645201004788644 ] ] ] ] } },
{ "type": "Feature", "properties": { "subcatchme": 4, "class_id": 10.0, "class_name": "Brush/Shrubs", "nrcs_class": "open_space_good", "SOILDESC": "Antipolo clay loam", "SoilSeries": "Antipolo", "hsg": "D", "slope_mean": 3.5021283268928531, "area_sqm": 10067.528, "site_id": 69, "land_avail": 1, "dist_drain": 1569, "gi_type sg": "urban_fores", "objectid": 24388, "gthcode": "8011374020130000", "globalid": "{6227571F-6265-486B-9180-9A761FF9A354}", "st_area(shape)": 0.00019596494638646022, "reg_name": "National Capital Region (NCR)", "prov_name": "NCR, Second District", "city_name": "City of Marikina", "brgy_name": "Marikina Heights (Concepcion)", "reg_code": "130000000", "prov_code": "137400000", "city_code": "137402000", "brgy_code": "137402013", "psgc_10d": "1380700013", "geographic_level": "Bgy", "old_names": "Concepcion", "class": "Highly Urbanized Cities (HUC)", "income_class": "", "urban_rural2015": "U", "bgypop2015": 38795, "bgypop2020": 42761, "bgyarea_sqkm": 2.33571384, "gida": "No", "gida_yr": null, "st_perimeter(shape)": 0.068049039583609847, "created_user": null, "created_date": null, "last_edited_user": "ADMIN2", "last_edited_date": 1748789493000, "gi_type_x": "Bioswale", "flood_attenuation_score_x": 46.446904860569703, "site_cost_x": 56129118.68784, "selected": 0, "gi_type_y": "Bioswale", "flood_attenuation_score_y": 46.446904860569703, "site_cost_y": 56129118.68784, "selected_selection": null }, "geometry": { "type": "MultiPolygon", "coordinates": [ [ [ [ 121.125611389172391, 14.646575053479756 ], [ 121.125596823711518, 14.646577866010286 ], [ 121.125569889324368, 14.646584759522034 ], [ 121.125553248258299, 14.646590313498105 ], [ 121.12553334261581, 14.646598380639839 ], [ 121.12547583125577, 14.646625517051326 ], [ 121.125412476711148, 14.646653417911299 ], [ 121.125381666668233, 14.646668428162402 ], [ 121.125351211901034, 14.646686522976305 ], [ 121.125306996757018, 14.646717437412224 ], [ 121.125291978778478, 14.646727183273947 ], [ 121.125233983443437, 14.646762217895386 ], [ 121.125202385532603, 14.646779822692977 ], [ 121.125177221308647, 14.646790856830901 ], [ 121.125157489466432, 14.64679758420858 ], [ 121.125142937985729, 14.646801698185877 ], [ 121.125127738500254, 14.64680538761136 ], [ 121.125092278004018, 14.646812210545072 ], [ 121.125055872259352, 14.646817541937891 ], [ 121.12497361030421, 14.646827792354403 ], [ 121.124933718309535, 14.64683397766623 ], [ 121.124899239001564, 14.646841448314946 ], [ 121.124867315447247, 14.646851715802146 ], [ 121.124859632086469, 14.646855092716901 ], [ 121.124859663415393, 14.646913521931577 ], [ 121.124796430031509, 14.646913554061692 ], [ 121.12478957824149, 14.646927611278807 ], [ 121.124782037565836, 14.646948871188618 ], [ 121.124776153827966, 14.646971543420491 ], [ 121.124770413196316, 14.647003366121618 ], [ 121.124766823910747, 14.647033693326879 ], [ 121.124764486286125, 14.647064954228252 ], [ 121.124763181679597, 14.647096881368181 ], [ 121.124762777745914, 14.647138816393161 ], [ 121.124763679753741, 14.647181087285743 ], [ 121.124765870419566, 14.647223325186705 ], [ 121.124769490185912, 14.647265169738015 ], [ 121.124774313442927, 14.647302915654446 ], [ 121.12478093472896, 14.647339672928815 ], [ 121.124789840117117, 14.64737504241751 ], [ 121.124800048543577, 14.647404649411399 ], [ 121.124807967710254, 14.647422715453724 ], [ 121.124818216816422, 14.647442190205924 ], [ 121.124884224270673, 14.647550554764271 ], [ 121.124896513804686, 14.647573939209678 ], [ 121.124902896525683, 14.647590505333943 ], [ 121.124907449676655, 14.647611114438739 ], [ 121.124908315405008, 14.647622394487684 ], [ 121.124907965597558, 14.647633731614873 ], [ 121.124906331520819, 14.647644803540038 ], [ 121.124903411008162, 14.64765531924612 ], [ 121.124899307888029, 14.647664966880932 ], [ 121.124894305570294, 14.647673383623614 ], [ 121.124888928265506, 14.647680270047715 ], [ 121.124879685976765, 14.647689102669933 ], [ 121.12487116284791, 14.647695231719633 ], [ 121.124860705272965, 14.647701144549485 ], [ 121.124848680955893, 14.647706498900053 ], [ 121.124826079270761, 14.64771395139133 ], [ 121.12480125840564, 14.647719741211993 ], [ 121.124774728039696, 14.647724295413234 ], [ 121.12473580585214, 14.647729282919865 ], [ 121.124654345466567, 14.647737795454866 ], [ 121.124623527485511, 14.647741960296836 ], [ 121.125143699828257, 14.647741695848513 ], [ 121.125143551420408, 14.647465589779516 ], [ 121.125427143326178, 14.647465445118415 ], [ 121.125426994566595, 14.647189339045907 ], [ 121.125994177658413, 14.647189048692857 ], [ 121.125993916282596, 14.646706210208777 ], [ 121.125979232887033, 14.646691533779823 ], [ 121.125947689154543, 14.646663665439853 ], [ 121.125900657194393, 14.64662857446965 ], [ 121.125874907294431, 14.646611429411386 ], [ 121.125864616397664, 14.646605383729307 ], [ 121.125850199511234, 14.646597922108887 ], [ 121.125832144100357, 14.64659022874239 ], [ 121.125810367989487, 14.646583016910503 ], [ 121.125794682998219, 14.646578959347961 ], [ 121.125766096252647, 14.646573525403015 ], [ 121.125736834332088, 14.646570099516682 ], [ 121.125702992835997, 14.646568388153566 ], [ 121.125669071342514, 14.646568881232199 ], [ 121.125639980607204, 14.646571088732433 ], [ 121.125611389172391, 14.646575053479756 ] ] ] ] } },
{ "type": "Feature", "properties": { "subcatchme": 4, "class_id": 10.0, "class_name": "Brush/Shrubs", "nrcs_class": "open_space_good", "SOILDESC": "Antipolo clay loam", "SoilSeries": "Antipolo", "hsg": "D", "slope_mean": 3.0070915937423708, "area_sqm": 4663.128, "site_id": 72, "land_avail": 1, "dist_drain": 1393, "gi_type sg": "urban_fores", "objectid": 24388, "gthcode": "8011374020130000", "globalid": "{6227571F-6265-486B-9180-9A761FF9A354}", "st_area(shape)": 0.00019596494638646022, "reg_name": "National Capital Region (NCR)", "prov_name": "NCR, Second District", "city_name": "City of Marikina", "brgy_name": "Marikina Heights (Concepcion)", "reg_code": "130000000", "prov_code": "137400000", "city_code": "137402000", "brgy_code": "137402013", "psgc_10d": "1380700013", "geographic_level": "Bgy", "old_names": "Concepcion", "class": "Highly Urbanized Cities (HUC)", "income_class": "", "urban_rural2015": "U", "bgypop2015": 38795, "bgypop2020": 42761, "bgyarea_sqkm": 2.33571384, "gida": "No", "gida_yr": null, "st_perimeter(shape)": 0.068049039583609847, "created_user": null, "created_date": null, "last_edited_user": "ADMIN2", "last_edited_date": 1748789493000, "gi_type_x": "Bioswale", "flood_attenuation_score_x": 42.985542952293002, "site_cost_x": 26011586.455839995, "selected": 0, "gi_type_y": "Bioswale", "flood_attenuation_score_y": 42.985542952293002, "site_cost_y": 26011586.455839995, "selected_selection": null }, "geometry": { "type": "MultiPolygon", "coordinates": [ [ [ [ 121.1237147488375, 14.649495553445147 ], [ 121.123710323849565, 14.649482910791814 ], [ 121.123702758343327, 14.64946735811678 ], [ 121.123693481648132, 14.649453712957454 ], [ 121.123685034998786, 14.649443752653035 ], [ 121.123654356199296, 14.64941164888887 ], [ 121.123619524745322, 14.649371770317909 ], [ 121.123603216616758, 14.649356387508327 ], [ 121.123570195217098, 14.649328400282883 ], [ 121.123557909813286, 14.649316100895694 ], [ 121.123517951309765, 14.649269403018788 ], [ 121.12347835704378, 14.649225390329862 ], [ 121.123463280688355, 14.64920542833555 ], [ 121.123454615976826, 14.649189572173395 ], [ 121.123452206172189, 14.649183586342806 ], [ 121.123449458390297, 14.649173467763969 ], [ 121.123449115265288, 14.649170048916679 ], [ 121.123450286682356, 14.649166015102592 ], [ 121.123449130893817, 14.649165049637961 ], [ 121.123441836731899, 14.64916407983989 ], [ 121.123428749939364, 14.649164690015276 ], [ 121.123410886119146, 14.649167193815229 ], [ 121.123384042282524, 14.649173438885754 ], [ 121.123370129319383, 14.649177762123188 ], [ 121.123351020784995, 14.649184949822208 ], [ 121.12332734410144, 14.649195881848669 ], [ 121.123299428131858, 14.649211180809278 ], [ 121.12325541812703, 14.649238185095882 ], [ 121.123220239673145, 14.649261441488129 ], [ 121.123191342987724, 14.649282686258513 ], [ 121.123161135468706, 14.649307439551464 ], [ 121.123094001441217, 14.649365063385758 ], [ 121.123037433881933, 14.649416205996717 ], [ 121.122955681961287, 14.649482768955334 ], [ 121.12293103223071, 14.649500812624295 ], [ 121.122890462296269, 14.649526384171137 ], [ 121.122868303740617, 14.649542161512832 ], [ 121.122856281635364, 14.649554326227667 ], [ 121.122849715974098, 14.649565258916438 ], [ 121.122846896557888, 14.649575005424138 ], [ 121.122846443722139, 14.649581857422733 ], [ 121.122847133414936, 14.64958828846876 ], [ 121.122849693401193, 14.649596693882453 ], [ 121.122854507243872, 14.649605632607621 ], [ 121.12286156780057, 14.649614853351096 ], [ 121.122874168542893, 14.649627616216586 ], [ 121.122883037643689, 14.649635161589778 ], [ 121.122897194957702, 14.649644772172833 ], [ 121.122907466177523, 14.649649753245598 ], [ 121.122918289903069, 14.649653292817534 ], [ 121.122935717250314, 14.649655942189744 ], [ 121.122952118771565, 14.649655662445458 ], [ 121.122964579091843, 14.649654063992831 ], [ 121.12299809647395, 14.649647554719298 ], [ 121.123016982980261, 14.649644755556968 ], [ 121.123035104615042, 14.649643374490873 ], [ 121.123055288293003, 14.649643360226575 ], [ 121.12308303624782, 14.64964606213935 ], [ 121.123096497950002, 14.649648628892209 ], [ 121.123120361212685, 14.649655586724148 ], [ 121.123138892082252, 14.649663488395028 ], [ 121.123164153399543, 14.649677519206627 ], [ 121.123216187534354, 14.649710341186681 ], [ 121.123238590722593, 14.649725583418183 ], [ 121.123277307604141, 14.649753482893177 ], [ 121.123295434375876, 14.649765240196533 ], [ 121.123318931659611, 14.649778555470773 ], [ 121.123386778218176, 14.649814228818869 ], [ 121.123416419180643, 14.649832054434874 ], [ 121.123452998638513, 14.649857523696138 ], [ 121.123597286592712, 14.649966915958796 ], [ 121.123607497815186, 14.649973606366993 ], [ 121.123618455662836, 14.649979386420913 ], [ 121.123626526941564, 14.649981756028769 ], [ 121.123628999471492, 14.649980808988847 ], [ 121.123627205055385, 14.649977770650784 ], [ 121.123627141554877, 14.649974652288345 ], [ 121.123630192516401, 14.649964744965622 ], [ 121.123633450620872, 14.649958747019369 ], [ 121.123641826008665, 14.649947742146894 ], [ 121.123655128241012, 14.64993567447325 ], [ 121.123667983242214, 14.64992696685445 ], [ 121.123683958171767, 14.649918244638036 ], [ 121.123701949006431, 14.649909985121685 ], [ 121.123755187616482, 14.649887783488904 ], [ 121.123768379839845, 14.649880788431082 ], [ 121.123777590743572, 14.649874133593178 ], [ 121.123783307265214, 14.649867864474745 ], [ 121.123786951498658, 14.649861540684375 ], [ 121.123789330254027, 14.649853833024899 ], [ 121.12378987514262, 14.649849577261428 ], [ 121.123789543362776, 14.64984078857305 ], [ 121.123786139885411, 14.649828528301862 ], [ 121.123780335730075, 14.649817389167207 ], [ 121.123758485463654, 14.649786578457848 ], [ 121.123750926972377, 14.649773581573401 ], [ 121.123746188010273, 14.649763146898312 ], [ 121.123741749222816, 14.649750598121082 ], [ 121.123736368611389, 14.6497288472512 ], [ 121.123732687674746, 14.649705015257299 ], [ 121.123730631031052, 14.64968381535969 ], [ 121.123725996148906, 14.649574541147379 ], [ 121.123724544595916, 14.649553028019392 ], [ 121.123719862431855, 14.64951683041693 ], [ 121.1237147488375, 14.649495553445147 ] ] ] ] } },
{ "type": "Feature", "properties": { "subcatchme": 4, "class_id": 10.0, "class_name": "Brush/Shrubs", "nrcs_class": "open_space_good", "SOILDESC": "Antipolo clay loam", "SoilSeries": "Antipolo", "hsg": "D", "slope_mean": 3.7131994247436522, "area_sqm": 4463.582, "site_id": 73, "land_avail": 1, "dist_drain": 1077, "gi_type sg": "urban_fores", "objectid": 24388, "gthcode": "8011374020130000", "globalid": "{6227571F-6265-486B-9180-9A761FF9A354}", "st_area(shape)": 0.00019596494638646022, "reg_name": "National Capital Region (NCR)", "prov_name": "NCR, Second District", "city_name": "City of Marikina", "brgy_name": "Marikina Heights (Concepcion)", "reg_code": "130000000", "prov_code": "137400000", "city_code": "137402000", "brgy_code": "137402013", "psgc_10d": "1380700013", "geographic_level": "Bgy", "old_names": "Concepcion", "class": "Highly Urbanized Cities (HUC)", "income_class": "", "urban_rural2015": "U", "bgypop2015": 38795, "bgypop2020": 42761, "bgyarea_sqkm": 2.33571384, "gida": "No", "gida_yr": null, "st_perimeter(shape)": 0.068049039583609847, "created_user": null, "created_date": null, "last_edited_user": "ADMIN2", "last_edited_date": 1748789493000, "gi_type_x": "Bioswale", "flood_attenuation_score_x": 42.857739510033198, "site_cost_x": 24899560.497960001, "selected": 0, "gi_type_y": "Bioswale", "flood_attenuation_score_y": 42.857739510033198, "site_cost_y": 24899560.497960001, "selected_selection": null }, "geometry": { "type": "MultiPolygon", "coordinates": [ [ [ [ 121.121614148353302, 14.656015389962818 ], [ 121.121556289994601, 14.655982258368979 ], [ 121.1215384402838, 14.655973456495227 ], [ 121.121514574589568, 14.655963447444337 ], [ 121.121485574497399, 14.655953460170846 ], [ 121.121446162623272, 14.655942757976291 ], [ 121.121404963727059, 14.655934248229649 ], [ 121.121363549600474, 14.655927902057972 ], [ 121.12132375482274, 14.655923680060553 ], [ 121.121286925213326, 14.65592149189518 ], [ 121.121219241214064, 14.65592092693136 ], [ 121.121185680292683, 14.655921646231109 ], [ 121.121177657940734, 14.655922014487803 ], [ 121.12117771244732, 14.656026865134587 ], [ 121.120894109485448, 14.656027004701141 ], [ 121.12089436164726, 14.656513263017233 ], [ 121.120908151282848, 14.656521427667123 ], [ 121.120920400662229, 14.656527305069027 ], [ 121.120935644945988, 14.656533362114681 ], [ 121.120953704885011, 14.656539174412547 ], [ 121.120995474138482, 14.656548735370059 ], [ 121.121035178891049, 14.656554491229597 ], [ 121.121075597948547, 14.65655812368337 ], [ 121.12110950263795, 14.656559883389599 ], [ 121.12117794489852, 14.656560703961908 ], [ 121.121252342878051, 14.656558805438275 ], [ 121.121251532307255, 14.656556868535898 ], [ 121.121251449737457, 14.656548152362637 ], [ 121.121254210581569, 14.656533539778444 ], [ 121.121257019946924, 14.656525430778057 ], [ 121.121264464509181, 14.656511506720269 ], [ 121.121272687395049, 14.656501559910719 ], [ 121.121278128468518, 14.656496599056918 ], [ 121.121292209656858, 14.656487193015662 ], [ 121.121300632849852, 14.656483149135745 ], [ 121.121319320416049, 14.656476970455458 ], [ 121.121338788788222, 14.656473606854158 ], [ 121.121348285932157, 14.656472944344802 ], [ 121.121426108085458, 14.656472154281969 ], [ 121.121449999513388, 14.656470547096498 ], [ 121.121466820939659, 14.656468109200205 ], [ 121.121482163042415, 14.656464217008395 ], [ 121.121495100960729, 14.656458797981069 ], [ 121.121505052898314, 14.6564522613234 ], [ 121.121508978762833, 14.656448748638583 ], [ 121.121515379511166, 14.656441191001404 ], [ 121.121521228280102, 14.656431197888857 ], [ 121.1215261346441, 14.656418943276416 ], [ 121.121530029955011, 14.656405075482843 ], [ 121.121539232911047, 14.656360189600202 ], [ 121.121545136470559, 14.656339411895402 ], [ 121.121550131317818, 14.656327557442557 ], [ 121.121555692382373, 14.65631788372967 ], [ 121.121565327785191, 14.656305900481948 ], [ 121.121592606037453, 14.656281577540195 ], [ 121.121603746444052, 14.656269886603214 ], [ 121.121613425807936, 14.656254923228499 ], [ 121.121618975233616, 14.656241822500624 ], [ 121.121621285996284, 14.656234488475279 ], [ 121.121626271540379, 14.656210328847703 ], [ 121.121628676576137, 14.656187250915629 ], [ 121.121629486513442, 14.656170856687364 ], [ 121.121629843724847, 14.656112065139174 ], [ 121.121628244256698, 14.656019608548094 ], [ 121.121626124487946, 14.656020108353355 ], [ 121.121624162461799, 14.656019635219128 ], [ 121.121614148353302, 14.656015389962818 ] ] ] ] } },
{ "type": "Feature", "properties": { "subcatchme": 4, "class_id": 14.0, "class_name": "Grassland", "nrcs_class": "open_space_poor", "SOILDESC": "Antipolo clay loam", "SoilSeries": "Antipolo", "hsg": "D", "slope_mean": 3.635846346616745, "area_sqm": 15017.051, "site_id": 74, "land_avail": 1, "dist_drain": 1773, "gi_type sg": "urban_fores", "objectid": 24388, "gthcode": "8011374020130000", "globalid": "{6227571F-6265-486B-9180-9A761FF9A354}", "st_area(shape)": 0.00019596494638646022, "reg_name": "National Capital Region (NCR)", "prov_name": "NCR, Second District", "city_name": "City of Marikina", "brgy_name": "Marikina Heights (Concepcion)", "reg_code": "130000000", "prov_code": "137400000", "city_code": "137402000", "brgy_code": "137402013", "psgc_10d": "1380700013", "geographic_level": "Bgy", "old_names": "Concepcion", "class": "Highly Urbanized Cities (HUC)", "income_class": "", "urban_rural2015": "U", "bgypop2015": 38795, "bgypop2020": 42761, "bgyarea_sqkm": 2.33571384, "gida": "No", "gida_yr": null, "st_perimeter(shape)": 0.068049039583609847, "created_user": null, "created_date": null, "last_edited_user": "ADMIN2", "last_edited_date": 1748789493000, "gi_type_x": "Bioswale", "flood_attenuation_score_x": 50.3613227163655, "site_cost_x": 83711721.471779987, "selected": 0, "gi_type_y": "Bioswale", "flood_attenuation_score_y": 50.3613227163655, "site_cost_y": 83711721.471779987, "selected_selection": null }, "geometry": { "type": "MultiPolygon", "coordinates": [ [ [ [ 121.128025603435901, 14.648216041187416 ], [ 121.128007815386653, 14.648195853385337 ], [ 121.127968644595086, 14.648154344496623 ], [ 121.127947780714194, 14.648133900584984 ], [ 121.127932221431067, 14.648121576869876 ], [ 121.127925522953603, 14.648117792380422 ], [ 121.127919809022586, 14.648115902795341 ], [ 121.127917759267007, 14.648115819424293 ], [ 121.127914716047229, 14.648117515629856 ], [ 121.127913549706761, 14.648118556374261 ], [ 121.12791390454457, 14.64812967868383 ], [ 121.127918426783708, 14.648150902046504 ], [ 121.127932317778004, 14.648197915444891 ], [ 121.127954870512568, 14.648261500597966 ], [ 121.127961112256656, 14.648281035176593 ], [ 121.127965994872127, 14.648299499650014 ], [ 121.127968979793565, 14.648314073671663 ], [ 121.127972041796269, 14.648338374221053 ], [ 121.127972587326411, 14.648355025258173 ], [ 121.127971687037814, 14.648371304977063 ], [ 121.127969260747548, 14.648386708452835 ], [ 121.127965332941315, 14.64840075690725 ], [ 121.127960118471378, 14.648412962249333 ], [ 121.127954118626619, 14.648422882072119 ], [ 121.127947935183116, 14.648430483261807 ], [ 121.127940506474161, 14.648437378560342 ], [ 121.127930868016094, 14.648443901814662 ], [ 121.127925246266003, 14.648446788262758 ], [ 121.127912726901528, 14.648451851406334 ], [ 121.127898887074494, 14.648456209860393 ], [ 121.127872477566143, 14.648462155316862 ], [ 121.127844131015976, 14.648466330143725 ], [ 121.127801558143048, 14.648470094049843 ], [ 121.127760475230872, 14.648472091405585 ], [ 121.127635094889598, 14.648475067706819 ], [ 121.127594499928819, 14.648476553836195 ], [ 121.127555524613356, 14.648479038057221 ], [ 121.12751622931853, 14.648483459093162 ], [ 121.127490825849875, 14.648488111236505 ], [ 121.127467931891744, 14.64849445366408 ], [ 121.127456294364293, 14.648498967184457 ], [ 121.127446062481695, 14.648504101130836 ], [ 121.127434051608148, 14.648512463327101 ], [ 121.127426064955273, 14.648520677171375 ], [ 121.127419580954921, 14.648530876850058 ], [ 121.127415195600307, 14.648542835806916 ], [ 121.127413713315363, 14.648550474823347 ], [ 121.12741292479204, 14.648560911939313 ], [ 121.127413354463172, 14.648568846713506 ], [ 121.12798007818094, 14.648568551731852 ], [ 121.127979926213271, 14.648292445712629 ], [ 121.128086546906573, 14.648292390063 ], [ 121.128025603435901, 14.648216041187416 ] ] ], [ [ [ 121.127409416372984, 14.648671161826325 ], [ 121.127406058581613, 14.648683447166022 ], [ 121.127399955244272, 14.648700303142116 ], [ 121.127388923799742, 14.648722200196829 ], [ 121.127370150874526, 14.648749672376741 ], [ 121.127351385117038, 14.648773348961109 ], [ 121.127336070503176, 14.64879112668819 ], [ 121.127317708567631, 14.648809879403313 ], [ 121.127291238272377, 14.648832593845361 ], [ 121.127274810226112, 14.648845024714973 ], [ 121.127413042846413, 14.648844952972695 ], [ 121.127412937634944, 14.648652904600018 ], [ 121.127409416372984, 14.648671161826325 ] ] ], [ [ [ 121.127120043940621, 14.648915551324228 ], [ 121.127046130926615, 14.648931781794337 ], [ 121.127015555130555, 14.648939620343434 ], [ 121.126986598245296, 14.648949089593547 ], [ 121.126966757431475, 14.648957589342114 ], [ 121.126955019909829, 14.648963817300675 ], [ 121.126944992377588, 14.648970133133064 ], [ 121.126929007656244, 14.648982869869453 ], [ 121.126920595879014, 14.64899129716326 ], [ 121.126912120201226, 14.649001236779853 ], [ 121.126898257169515, 14.649020996283721 ], [ 121.126882849979836, 14.649047917131144 ], [ 121.126858645937574, 14.649095594415007 ], [ 121.126850301218951, 14.64911448377998 ], [ 121.126845936273668, 14.649126985120933 ], [ 121.126841195885731, 14.649148715905348 ], [ 121.126839942230774, 14.649167244849407 ], [ 121.126840692653133, 14.649183367945293 ], [ 121.126846379304268, 14.649232285443055 ], [ 121.126846680590788, 14.649247300568808 ], [ 121.126845506808408, 14.649263966672493 ], [ 121.126843675440568, 14.649275215968432 ], [ 121.126839192541439, 14.649291439710785 ], [ 121.126835051781256, 14.649301370851488 ], [ 121.126827497520267, 14.649314077862678 ], [ 121.126816554412642, 14.649326112323338 ], [ 121.126805185820459, 14.649334363974155 ], [ 121.126790151704085, 14.649341622734093 ], [ 121.126778700895485, 14.649345347860715 ], [ 121.126760143505308, 14.64934907359568 ], [ 121.126740665337266, 14.649350610319038 ], [ 121.126717484184027, 14.64934977295419 ], [ 121.126694502271931, 14.64934613383315 ], [ 121.126682081482258, 14.64934286353291 ], [ 121.12667064138563, 14.649338881763995 ], [ 121.126656444797575, 14.649332343747222 ], [ 121.126645220297192, 14.649325601926488 ], [ 121.126637231637204, 14.649319842307543 ], [ 121.126624894863212, 14.649309415170505 ], [ 121.126591304909496, 14.649277172626528 ], [ 121.126584815092102, 14.649272099257072 ], [ 121.126576382794866, 14.649266988553709 ], [ 121.126565517463277, 14.649263313253792 ], [ 121.126556696346825, 14.649262996396248 ], [ 121.126551460586853, 14.649264148953854 ], [ 121.126547093566842, 14.649266076675261 ], [ 121.12654305998386, 14.649268854777107 ], [ 121.126538963956804, 14.649272973505402 ], [ 121.126535096953845, 14.649278541847295 ], [ 121.126531734727465, 14.649285442731875 ], [ 121.126529284820265, 14.649293889105957 ], [ 121.126527827584027, 14.649312340492514 ], [ 121.126530040696338, 14.649334275481074 ], [ 121.126536103906773, 14.64935907737075 ], [ 121.126545995277411, 14.649384958414593 ], [ 121.12655368560786, 14.649400374657926 ], [ 121.126562251221927, 14.649414812889196 ], [ 121.12657102740819, 14.649427519469599 ], [ 121.126587670676969, 14.649447622243409 ], [ 121.12659780790753, 14.649458114811134 ], [ 121.126615479035806, 14.649474468168574 ], [ 121.126667575610298, 14.649517268873712 ], [ 121.126682363389392, 14.6495305932129 ], [ 121.126689713128485, 14.649538464212162 ], [ 121.126694396245867, 14.649544672569194 ], [ 121.126697305450108, 14.649551542627266 ], [ 121.126695814304043, 14.649553665219484 ], [ 121.126702722049686, 14.649555436122551 ], [ 121.126718913937779, 14.649556452173309 ], [ 121.126742449085739, 14.649556050671524 ], [ 121.126768912574249, 14.649553711663883 ], [ 121.126798197713484, 14.649548772762621 ], [ 121.126828612071108, 14.649540499164125 ], [ 121.126844653053638, 14.649534475771366 ], [ 121.126859537721444, 14.64952754656958 ], [ 121.126872510292642, 14.649520171795631 ], [ 121.126883204050742, 14.649512905192168 ], [ 121.126893653192226, 14.649504494308419 ], [ 121.126904837201096, 14.649493714349125 ], [ 121.126921212045204, 14.649473521404401 ], [ 121.126930914992684, 14.649458104246644 ], [ 121.126943045763525, 14.649433123524979 ], [ 121.12695222340723, 14.649406879110638 ], [ 121.126960174199709, 14.649371423076213 ], [ 121.126963929465532, 14.64933693820169 ], [ 121.126972142695948, 14.649234200052469 ], [ 121.126976074268882, 14.649201032421987 ], [ 121.126983047569269, 14.64916121074614 ], [ 121.126989895121397, 14.649134880690374 ], [ 121.126998899616538, 14.64911044052252 ], [ 121.127008592917377, 14.649091675878861 ], [ 121.127015916072168, 14.649080821445091 ], [ 121.127023463541803, 14.649071752772816 ], [ 121.12703434258637, 14.649061465590357 ], [ 121.127048029430284, 14.649051737828136 ], [ 121.127059448201166, 14.649045444037819 ], [ 121.127079017763165, 14.649037187911443 ], [ 121.127104274518757, 14.64902959933697 ], [ 121.127129547100594, 14.649024241963634 ], [ 121.127129486384263, 14.648913154304843 ], [ 121.127120043940621, 14.648915551324228 ] ] ], [ [ [ 121.128062155768149, 14.649123292028662 ], [ 121.128053448578243, 14.649140060195663 ], [ 121.128045060683078, 14.649152894297954 ], [ 121.12803472788147, 14.649165976636464 ], [ 121.128021624980349, 14.649180180799954 ], [ 121.127982825848008, 14.649218531795569 ], [ 121.127970291427133, 14.649232688114216 ], [ 121.127960724038289, 14.649245377161121 ], [ 121.127951898140921, 14.649259507292941 ], [ 121.127942803816751, 14.649277702034114 ], [ 121.127937232169003, 14.649291411914003 ], [ 121.127927865068145, 14.649321070943119 ], [ 121.127920747016972, 14.649352486842073 ], [ 121.127916599914414, 14.649376836011539 ], [ 121.12791325230431, 14.649401807956801 ], [ 121.127909080501055, 14.649444262187068 ], [ 121.127904120474582, 14.649531775306629 ], [ 121.127899917744784, 14.649665657504407 ], [ 121.127896050587353, 14.649754441019516 ], [ 121.127892904419511, 14.649798103650888 ], [ 121.127889922759437, 14.649828294849421 ], [ 121.1278861000267, 14.649857949694621 ], [ 121.127879697998551, 14.649894567779402 ], [ 121.127871046326362, 14.649929716372396 ], [ 121.127866724168896, 14.649943523061959 ], [ 121.127859649181488, 14.64996253836453 ], [ 121.12785034317676, 14.649982809964467 ], [ 121.127838413766042, 14.650004088889609 ], [ 121.127776294809365, 14.650103483221395 ], [ 121.127765633755587, 14.650122529300887 ], [ 121.127759763882509, 14.650135172181765 ], [ 121.12775337688781, 14.650153947203247 ], [ 121.127749986534752, 14.650171049146525 ], [ 121.127748831634079, 14.650189105344044 ], [ 121.12774946863216, 14.650201102922573 ], [ 121.127751239341833, 14.6502127336763 ], [ 121.127754055579885, 14.650223669746488 ], [ 121.127754702083607, 14.650225305673516 ], [ 121.127980990056926, 14.650225187710582 ], [ 121.127981123801817, 14.650468148088905 ], [ 121.128008337269563, 14.65048741572866 ], [ 121.128031989695899, 14.650505902937716 ], [ 121.12805141060791, 14.65052413196503 ], [ 121.128102007461379, 14.65057789157504 ], [ 121.128120495685039, 14.650593803166204 ], [ 121.128132943620059, 14.650602524897174 ], [ 121.128148260809553, 14.650611349246455 ], [ 121.128167224484926, 14.650620132449774 ], [ 121.128188314137645, 14.650628005537003 ], [ 121.128221084958938, 14.650637827073121 ], [ 121.128288995135478, 14.650654778012044 ], [ 121.128322457522188, 14.65066394176444 ], [ 121.128354417043184, 14.650674969555791 ], [ 121.12837447702087, 14.650683967615127 ], [ 121.12838643653653, 14.650690523689416 ], [ 121.128396720911837, 14.65069714942673 ], [ 121.128412888621995, 14.650710101598465 ], [ 121.12842559098037, 14.650723080108724 ], [ 121.128434153461626, 14.650733424381022 ], [ 121.128446455407712, 14.650750598383253 ], [ 121.128465086324823, 14.650780869511111 ], [ 121.128494236043977, 14.650831376576759 ], [ 121.128505947929867, 14.650852999394871 ], [ 121.128512869312686, 14.65086760508831 ], [ 121.128519568546608, 14.650884323714987 ], [ 121.128524093063248, 14.650897852762057 ], [ 121.128530173823705, 14.650920507512447 ], [ 121.128535458014483, 14.650947443133576 ], [ 121.128539148581723, 14.650975014807926 ], [ 121.128541444630983, 14.651002949404555 ], [ 121.128542423039804, 14.651028095342886 ], [ 121.128542423107646, 14.65105312857688 ], [ 121.12854090219281, 14.65108598669176 ], [ 121.128537513515965, 14.651117766995203 ], [ 121.128533039096695, 14.651143169095469 ], [ 121.128526814510025, 14.651166981013496 ], [ 121.12851850687619, 14.651188722902772 ], [ 121.12850921491696, 14.651205589398602 ], [ 121.128502373281094, 14.651214830081557 ], [ 121.128495577947035, 14.651222115472027 ], [ 121.128489034188775, 14.651227758103783 ], [ 121.128481334805969, 14.651233067902254 ], [ 121.128466690583494, 14.651240311824262 ], [ 121.12844939616528, 14.651245484767509 ], [ 121.128430637890716, 14.651248144414263 ], [ 121.128417846919675, 14.651248552996751 ], [ 121.128399239933842, 14.651247387479193 ], [ 121.128373714370909, 14.651242766466089 ], [ 121.128309171261677, 14.651224006255184 ], [ 121.128265882882673, 14.65121434770318 ], [ 121.128265131302484, 14.651214238593084 ], [ 121.12826531864691, 14.651553746660465 ], [ 121.128291742623418, 14.651556368743812 ], [ 121.128333454042007, 14.651559131825286 ], [ 121.128378635724616, 14.651560854620255 ], [ 121.128430500326445, 14.65156175637634 ], [ 121.128545038809349, 14.651561828532513 ], [ 121.128712482723927, 14.651559581074903 ], [ 121.128712482726002, 14.651559257877231 ], [ 121.128712483097758, 14.651501761583969 ], [ 121.128712483995784, 14.65136286386212 ], [ 121.128712484213153, 14.651329229025269 ], [ 121.128548791724214, 14.651329314900373 ], [ 121.128548333600676, 14.650500997036795 ], [ 121.128264737826001, 14.65050114553336 ], [ 121.128264433137247, 14.649948933585627 ], [ 121.128548028201777, 14.64994878509521 ], [ 121.128547875507351, 14.649672679114627 ], [ 121.128712494923207, 14.649672592762981 ], [ 121.128712495669589, 14.649557193475681 ], [ 121.128712495834506, 14.649531681518591 ], [ 121.128712496567474, 14.64941829575346 ], [ 121.128712497465415, 14.649279398031203 ], [ 121.128712497799796, 14.649227672970955 ], [ 121.128712498363313, 14.649140500308915 ], [ 121.128712498493343, 14.649120380623517 ], [ 121.128063215424277, 14.649120720518477 ], [ 121.128062155768149, 14.649123292028662 ] ] ] ] } },
{ "type": "Feature", "properties": { "subcatchme": 4, "class_id": 10.0, "class_name": "Brush/Shrubs", "nrcs_class": "open_space_good", "SOILDESC": "Antipolo clay loam", "SoilSeries": "Antipolo", "hsg": "D", "slope_mean": 3.4508191862621822, "area_sqm": 31902.826, "site_id": 77, "land_avail": 1, "dist_drain": 1716, "gi_type sg": "urban_fores", "objectid": 24388, "gthcode": "8011374020130000", "globalid": "{6227571F-6265-486B-9180-9A761FF9A354}", "st_area(shape)": 0.00019596494638646022, "reg_name": "National Capital Region (NCR)", "prov_name": "NCR, Second District", "city_name": "City of Marikina", "brgy_name": "Marikina Heights (Concepcion)", "reg_code": "130000000", "prov_code": "137400000", "city_code": "137402000", "brgy_code": "137402013", "psgc_10d": "1380700013", "geographic_level": "Bgy", "old_names": "Concepcion", "class": "Highly Urbanized Cities (HUC)", "income_class": "", "urban_rural2015": "U", "bgypop2015": 38795, "bgypop2020": 42761, "bgyarea_sqkm": 2.33571384, "gida": "No", "gida_yr": null, "st_perimeter(shape)": 0.068049039583609847, "created_user": null, "created_date": null, "last_edited_user": "ADMIN2", "last_edited_date": 1748789493000, "gi_type_x": "Bioswale", "flood_attenuation_score_x": 60.431781766992302, "site_cost_x": 177812430.67627999, "selected": 0, "gi_type_y": "Bioswale", "flood_attenuation_score_y": 60.431781766992302, "site_cost_y": 177812430.67627999, "selected_selection": null }, "geometry": { "type": "MultiPolygon", "coordinates": [ [ [ [ 121.128125421190262, 14.64778003163946 ], [ 121.128083035667203, 14.647821881977173 ], [ 121.128035808462059, 14.647866030382746 ], [ 121.128015686561028, 14.647886225814984 ], [ 121.127968126768337, 14.647939260584007 ], [ 121.1279388342288, 14.647975275149433 ], [ 121.12792501392272, 14.64799515979157 ], [ 121.127914736456972, 14.648011680353029 ], [ 121.127904115265494, 14.648030529762741 ], [ 121.127894562407633, 14.648050042067378 ], [ 121.127888950109948, 14.648065045760102 ], [ 121.127886165835406, 14.648077241739133 ], [ 121.12788555810863, 14.648088034575602 ], [ 121.127887291835123, 14.648098773956926 ], [ 121.127891038431741, 14.648107053325671 ], [ 121.127893970824005, 14.64811086715425 ], [ 121.127898368080437, 14.648114667466972 ], [ 121.127906873447813, 14.648118168268278 ], [ 121.127914716047229, 14.648117515629856 ], [ 121.127917759267007, 14.648115819424293 ], [ 121.127919809022586, 14.648115902795341 ], [ 121.127925522953603, 14.648117792380422 ], [ 121.127932221431067, 14.648121576869876 ], [ 121.127947780714194, 14.648133900584984 ], [ 121.127968644595086, 14.648154344496623 ], [ 121.128007815386653, 14.648195853385337 ], [ 121.128025603435901, 14.648216041187416 ], [ 121.128086546906573, 14.648292390063 ], [ 121.128712503847765, 14.648292062365543 ], [ 121.128712504648348, 14.648168216252184 ], [ 121.128712505546133, 14.648029318529685 ], [ 121.128712505632492, 14.648015956266557 ], [ 121.128263366831661, 14.648016191563542 ], [ 121.128263214515684, 14.647740085534371 ], [ 121.128168388090543, 14.647740135100685 ], [ 121.128125421190262, 14.64778003163946 ] ] ], [ [ [ 121.128333454042007, 14.651559131825286 ], [ 121.128291742623418, 14.651556368743812 ], [ 121.12826531864691, 14.651553746660465 ], [ 121.128265347243683, 14.651605569350725 ], [ 121.127698152843749, 14.651605865331279 ], [ 121.127698001194489, 14.651329759380577 ], [ 121.127414404344577, 14.651329906849234 ], [ 121.127414101766192, 14.650777694922233 ], [ 121.127130505623157, 14.650777842039096 ], [ 121.127129547100594, 14.649024241963634 ], [ 121.127104274518757, 14.64902959933697 ], [ 121.127079017763165, 14.649037187911443 ], [ 121.127059448201166, 14.649045444037819 ], [ 121.127048029430284, 14.649051737828136 ], [ 121.12703434258637, 14.649061465590357 ], [ 121.127023463541803, 14.649071752772816 ], [ 121.127015916072168, 14.649080821445091 ], [ 121.127008592917377, 14.649091675878861 ], [ 121.126998899616538, 14.64911044052252 ], [ 121.126989895121397, 14.649134880690374 ], [ 121.126983047569269, 14.64916121074614 ], [ 121.126976074268882, 14.649201032421987 ], [ 121.126972142695948, 14.649234200052469 ], [ 121.126963929465532, 14.64933693820169 ], [ 121.126960174199709, 14.649371423076213 ], [ 121.12695222340723, 14.649406879110638 ], [ 121.126943045763525, 14.649433123524979 ], [ 121.126930914992684, 14.649458104246644 ], [ 121.126921212045204, 14.649473521404401 ], [ 121.126904837201096, 14.649493714349125 ], [ 121.126893653192226, 14.649504494308419 ], [ 121.126883204050742, 14.649512905192168 ], [ 121.126872510292642, 14.649520171795631 ], [ 121.126859537721444, 14.64952754656958 ], [ 121.126844653053638, 14.649534475771366 ], [ 121.126828612071108, 14.649540499164125 ], [ 121.126798197713484, 14.649548772762621 ], [ 121.126768912574249, 14.649553711663883 ], [ 121.126742449085739, 14.649556050671524 ], [ 121.126718913937779, 14.649556452173309 ], [ 121.126702722049686, 14.649555436122551 ], [ 121.126695814304043, 14.649553665219484 ], [ 121.12669721373075, 14.649555455022647 ], [ 121.126697193784466, 14.649559769250438 ], [ 121.126694658652241, 14.649566665953508 ], [ 121.126690448239984, 14.649573977530988 ], [ 121.126678281428781, 14.649589539311526 ], [ 121.126663461136161, 14.649605059839221 ], [ 121.126639410779191, 14.649627752105392 ], [ 121.126612086404975, 14.649651113869169 ], [ 121.126590704790715, 14.649667243074701 ], [ 121.126563350956701, 14.649685222002041 ], [ 121.126538156954041, 14.649699834771051 ], [ 121.126502161994964, 14.649718705657291 ], [ 121.126379808322639, 14.649779645256267 ], [ 121.126359746751319, 14.649788332945842 ], [ 121.126341103888649, 14.649795448733508 ], [ 121.126272243434144, 14.649818065579238 ], [ 121.126247381059471, 14.649826965821672 ], [ 121.126224549118575, 14.649837022919634 ], [ 121.126213404566101, 14.649843154392217 ], [ 121.126203519679734, 14.64984971714796 ], [ 121.126195219368753, 14.649856489680337 ], [ 121.12618609326708, 14.64986617097961 ], [ 121.126179261976361, 14.649876264789469 ], [ 121.126173317198905, 14.64988941129676 ], [ 121.126170480748613, 14.649899430648343 ], [ 121.126168764038653, 14.649910071746453 ], [ 121.126168220409568, 14.649921611560961 ], [ 121.126169885278017, 14.649939788054928 ], [ 121.126172482945748, 14.649951311603948 ], [ 121.126175870931803, 14.649961697402746 ], [ 121.126183534280031, 14.649978539519037 ], [ 121.12619755858384, 14.650001310710756 ], [ 121.126212333044691, 14.650022099748091 ], [ 121.126242684483813, 14.650061542455253 ], [ 121.126295301471501, 14.650120661501303 ], [ 121.12635593707445, 14.650193708285462 ], [ 121.126369454823148, 14.650211645878194 ], [ 121.126382555444536, 14.650231481549696 ], [ 121.12640049685794, 14.650263111880344 ], [ 121.126433944837387, 14.65032649210025 ], [ 121.126466830853488, 14.650381070922318 ], [ 121.126480021073363, 14.650405111444943 ], [ 121.126494981267399, 14.650436929229729 ], [ 121.126523827229661, 14.650503896314666 ], [ 121.12655176108467, 14.650561319934527 ], [ 121.126562552164671, 14.650586521396477 ], [ 121.126571367655245, 14.650612522106584 ], [ 121.126579285141773, 14.650642611269738 ], [ 121.126587292289557, 14.65068213966908 ], [ 121.126607355296215, 14.650802959528535 ], [ 121.126615844330601, 14.650841490480545 ], [ 121.126626951877213, 14.650878936362414 ], [ 121.126645441697079, 14.650928840823958 ], [ 121.12665240322147, 14.650949959132227 ], [ 121.126659663648169, 14.650977740308436 ], [ 121.126664425542629, 14.6510015538855 ], [ 121.126668672863374, 14.651029229457857 ], [ 121.12667447218891, 14.65108618379295 ], [ 121.126682349741259, 14.651225518645743 ], [ 121.126684765974218, 14.65126003694259 ], [ 121.126689104900095, 14.651302494594837 ], [ 121.126693488733167, 14.65133147443944 ], [ 121.126699433055165, 14.651359458294504 ], [ 121.126705990116875, 14.6513819686978 ], [ 121.126716282975693, 14.651407583665961 ], [ 121.126727048868645, 14.651427234237348 ], [ 121.126741875114419, 14.651448499031764 ], [ 121.126767045459019, 14.651478644006854 ], [ 121.126787689899501, 14.651500024342475 ], [ 121.126799382603082, 14.651510449911131 ], [ 121.126812445398073, 14.651520656967476 ], [ 121.126877802875399, 14.651564280229469 ], [ 121.12691237784081, 14.65159032029678 ], [ 121.126928690680032, 14.651604540761332 ], [ 121.126948929689249, 14.651624479088385 ], [ 121.126965036105844, 14.651642128432718 ], [ 121.126982999660655, 14.651663416673804 ], [ 121.126999567117778, 14.65168459787588 ], [ 121.127015932385405, 14.651708163285711 ], [ 121.127027621519062, 14.651728298449644 ], [ 121.127035372847033, 14.651744631556523 ], [ 121.127040087208599, 14.65175656436457 ], [ 121.127047006192186, 14.651779746434627 ], [ 121.127050415801222, 14.651801797697626 ], [ 121.127049185852698, 14.651814255598262 ], [ 121.127047891616371, 14.651815815851677 ], [ 121.128625803809001, 14.651828517496904 ], [ 121.128624152170886, 14.651825926778484 ], [ 121.128623822351287, 14.651823883509516 ], [ 121.128625280007512, 14.651818270442426 ], [ 121.128627174884059, 14.651815061191797 ], [ 121.128634720023598, 14.651806928714324 ], [ 121.128643623471589, 14.651800403147284 ], [ 121.128663181688196, 14.651790118855299 ], [ 121.128682898830093, 14.65178232651135 ], [ 121.128712481343129, 14.651773130774236 ], [ 121.128712482199688, 14.651640659305768 ], [ 121.128712482723927, 14.651559581074903 ], [ 121.128545038809349, 14.651561828532513 ], [ 121.128430500326445, 14.65156175637634 ], [ 121.128378635724616, 14.651560854620255 ], [ 121.128333454042007, 14.651559131825286 ] ] ], [ [ [ 121.128265882882673, 14.65121434770318 ], [ 121.128309171261677, 14.651224006255184 ], [ 121.128373714370909, 14.651242766466089 ], [ 121.128399239933842, 14.651247387479193 ], [ 121.128417846919675, 14.651248552996751 ], [ 121.128430637890716, 14.651248144414263 ], [ 121.12844939616528, 14.651245484767509 ], [ 121.128466690583494, 14.651240311824262 ], [ 121.128481334805969, 14.651233067902254 ], [ 121.128489034188775, 14.651227758103783 ], [ 121.128495577947035, 14.651222115472027 ], [ 121.128502373281094, 14.651214830081557 ], [ 121.12850921491696, 14.651205589398602 ], [ 121.12851850687619, 14.651188722902772 ], [ 121.128526814510025, 14.651166981013496 ], [ 121.128533039096695, 14.651143169095469 ], [ 121.128537513515965, 14.651117766995203 ], [ 121.12854090219281, 14.65108598669176 ], [ 121.128542423107646, 14.65105312857688 ], [ 121.128542423039804, 14.651028095342886 ], [ 121.128541444630983, 14.651002949404555 ], [ 121.128539148581723, 14.650975014807926 ], [ 121.128535458014483, 14.650947443133576 ], [ 121.128530173823705, 14.650920507512447 ], [ 121.128524093063248, 14.650897852762057 ], [ 121.128519568546608, 14.650884323714987 ], [ 121.128512869312686, 14.65086760508831 ], [ 121.128505947929867, 14.650852999394871 ], [ 121.128494236043977, 14.650831376576759 ], [ 121.128465086324823, 14.650780869511111 ], [ 121.128446455407712, 14.650750598383253 ], [ 121.128434153461626, 14.650733424381022 ], [ 121.12842559098037, 14.650723080108724 ], [ 121.128412888621995, 14.650710101598465 ], [ 121.128396720911837, 14.65069714942673 ], [ 121.12838643653653, 14.650690523689416 ], [ 121.12837447702087, 14.650683967615127 ], [ 121.128354417043184, 14.650674969555791 ], [ 121.128322457522188, 14.65066394176444 ], [ 121.128288995135478, 14.650654778012044 ], [ 121.128221084958938, 14.650637827073121 ], [ 121.128188314137645, 14.650628005537003 ], [ 121.128167224484926, 14.650620132449774 ], [ 121.128148260809553, 14.650611349246455 ], [ 121.128132943620059, 14.650602524897174 ], [ 121.128120495685039, 14.650593803166204 ], [ 121.128102007461379, 14.65057789157504 ], [ 121.12805141060791, 14.65052413196503 ], [ 121.128031989695899, 14.650505902937716 ], [ 121.128008337269563, 14.65048741572866 ], [ 121.127981123801817, 14.650468148088905 ], [ 121.127981294042357, 14.650777399651419 ], [ 121.128264890175402, 14.650777251497471 ], [ 121.128265131302484, 14.651214238593084 ], [ 121.128265882882673, 14.65121434770318 ] ] ], [ [ [ 121.127754055579885, 14.650223669746488 ], [ 121.127751239341833, 14.6502127336763 ], [ 121.12774946863216, 14.650201102922573 ], [ 121.127748831634079, 14.650189105344044 ], [ 121.127749986534752, 14.650171049146525 ], [ 121.12775337688781, 14.650153947203247 ], [ 121.127759763882509, 14.650135172181765 ], [ 121.127765633755587, 14.650122529300887 ], [ 121.127776294809365, 14.650103483221395 ], [ 121.127838413766042, 14.650004088889609 ], [ 121.12785034317676, 14.649982809964467 ], [ 121.127859649181488, 14.64996253836453 ], [ 121.127866724168896, 14.649943523061959 ], [ 121.127871046326362, 14.649929716372396 ], [ 121.127879697998551, 14.649894567779402 ], [ 121.1278861000267, 14.649857949694621 ], [ 121.127889922759437, 14.649828294849421 ], [ 121.127892904419511, 14.649798103650888 ], [ 121.127896050587353, 14.649754441019516 ], [ 121.127899917744784, 14.649665657504407 ], [ 121.127904120474582, 14.649531775306629 ], [ 121.127909080501055, 14.649444262187068 ], [ 121.12791325230431, 14.649401807956801 ], [ 121.127916599914414, 14.649376836011539 ], [ 121.127920747016972, 14.649352486842073 ], [ 121.127927865068145, 14.649321070943119 ], [ 121.127937232169003, 14.649291411914003 ], [ 121.127942803816751, 14.649277702034114 ], [ 121.127951898140921, 14.649259507292941 ], [ 121.127960724038289, 14.649245377161121 ], [ 121.127970291427133, 14.649232688114216 ], [ 121.127982825848008, 14.649218531795569 ], [ 121.128021624980349, 14.649180180799954 ], [ 121.12803472788147, 14.649165976636464 ], [ 121.128045060683078, 14.649152894297954 ], [ 121.128053448578243, 14.649140060195663 ], [ 121.128062155768149, 14.649123292028662 ], [ 121.128063215424277, 14.649120720518477 ], [ 121.127696788120176, 14.649120911540733 ], [ 121.127697394630701, 14.650225335512713 ], [ 121.127754702083607, 14.650225305673516 ], [ 121.127754055579885, 14.650223669746488 ] ] ] ] } },
{ "type": "Feature", "properties": { "subcatchme": 6, "class_id": 14.0, "class_name": "Grassland", "nrcs_class": "open_space_poor", "SOILDESC": "Antipolo clay loam", "SoilSeries": "Antipolo", "hsg": "D", "slope_mean": 3.9280465602874761, "area_sqm": 15065.763, "site_id": 88, "land_avail": 1, "dist_drain": 1463, "gi_type sg": "urban_fores", "objectid": 24388, "gthcode": "8011374020130000", "globalid": "{6227571F-6265-486B-9180-9A761FF9A354}", "st_area(shape)": 0.00019596494638646022, "reg_name": "National Capital Region (NCR)", "prov_name": "NCR, Second District", "city_name": "City of Marikina", "brgy_name": "Marikina Heights (Concepcion)", "reg_code": "130000000", "prov_code": "137400000", "city_code": "137402000", "brgy_code": "137402013", "psgc_10d": "1380700013", "geographic_level": "Bgy", "old_names": "Concepcion", "class": "Highly Urbanized Cities (HUC)", "income_class": "", "urban_rural2015": "U", "bgypop2015": 38795, "bgypop2020": 42761, "bgyarea_sqkm": 2.33571384, "gida": "No", "gida_yr": null, "st_perimeter(shape)": 0.068049039583609847, "created_user": null, "created_date": null, "last_edited_user": "ADMIN2", "last_edited_date": 1748789493000, "gi_type_x": "Bioswale", "flood_attenuation_score_x": 50.394935985462197, "site_cost_x": 83983182.731140003, "selected": 0, "gi_type_y": "Bioswale", "flood_attenuation_score_y": 50.394935985462197, "site_cost_y": 83983182.731140003, "selected_selection": null }, "geometry": { "type": "MultiPolygon", "coordinates": [ [ [ [ 121.125138868995791, 14.645694463641467 ], [ 121.124861091217838, 14.645694463641133 ], [ 121.124861091217625, 14.645719400437418 ], [ 121.124863123224117, 14.645747394518198 ], [ 121.124869731491913, 14.645952936889138 ], [ 121.124873970616562, 14.646019539476651 ], [ 121.124876609417143, 14.646044883133282 ], [ 121.12488072534191, 14.646073900590595 ], [ 121.124886285339656, 14.646102072954601 ], [ 121.124893931398191, 14.646129877144025 ], [ 121.124902817995988, 14.646153481777885 ], [ 121.124911901348256, 14.646172177152756 ], [ 121.124927351631243, 14.646198157260036 ], [ 121.124960993539119, 14.646250019235685 ], [ 121.125138868996402, 14.646250019197721 ], [ 121.125138868996729, 14.646527796975851 ], [ 121.125143267099247, 14.646527796981058 ], [ 121.125143440754329, 14.646500062127636 ], [ 121.125143401577574, 14.646360654905308 ], [ 121.125144172375798, 14.646339974837208 ], [ 121.125146329396273, 14.646320668758158 ], [ 121.125148366586629, 14.646311964222484 ], [ 121.125151409850275, 14.646304256469968 ], [ 121.125155861458381, 14.64629794095918 ], [ 121.125162063797546, 14.646293360249999 ], [ 121.125169718648806, 14.646290217324545 ], [ 121.12517844679121, 14.646288134984397 ], [ 121.125187957323419, 14.646286828922863 ], [ 121.125208513758537, 14.646285734777821 ], [ 121.125231635771456, 14.646285845185277 ], [ 121.125331211528135, 14.646289259321613 ], [ 121.125329934531493, 14.646287593406511 ], [ 121.125329057063269, 14.646273869587279 ], [ 121.125333442584406, 14.646249994149255 ], [ 121.125337183628673, 14.646238055349736 ], [ 121.125342056048041, 14.646225803939915 ], [ 121.125350825588058, 14.646208586327868 ], [ 121.125360029155175, 14.646194361737209 ], [ 121.125372278928609, 14.646178961542887 ], [ 121.125382928454115, 14.646167600760172 ], [ 121.125408726933642, 14.646144620831345 ], [ 121.125430427950491, 14.646128226772731 ], [ 121.125466322311695, 14.646104090075811 ], [ 121.125502695316953, 14.646081518866962 ], [ 121.125523857281038, 14.646069572208416 ], [ 121.125543410971133, 14.64606009783642 ], [ 121.125560681329318, 14.646053451803192 ], [ 121.12558097891214, 14.646047972466741 ], [ 121.125603427608269, 14.646044299835854 ], [ 121.12563120465515, 14.64604189558148 ], [ 121.125659210875284, 14.646041468714813 ], [ 121.125683164879746, 14.64604252384458 ], [ 121.125706790902626, 14.646044818049139 ], [ 121.125709968403797, 14.646045353626997 ], [ 121.125709840590631, 14.645808663597077 ], [ 121.12599343036014, 14.645808518262783 ], [ 121.125993542123055, 14.646014994477413 ], [ 121.126005206379602, 14.646004775665851 ], [ 121.126025069669879, 14.645989886810115 ], [ 121.126038273332753, 14.645981946382216 ], [ 121.12604836076008, 14.645976869162483 ], [ 121.126067020461974, 14.645969261870249 ], [ 121.126081111589784, 14.645964697678348 ], [ 121.126111657580253, 14.645957260222929 ], [ 121.126144052619821, 14.645951894536115 ], [ 121.126177709649454, 14.64594810426212 ], [ 121.126219475184953, 14.645945020932039 ], [ 121.126391314511139, 14.645937866400425 ], [ 121.126433112248762, 14.645934707377723 ], [ 121.126458418362191, 14.645931865602577 ], [ 121.126482923787563, 14.645928106420962 ], [ 121.126510375108097, 14.645922194785378 ], [ 121.126536014484003, 14.645914213482493 ], [ 121.126555838438506, 14.645905480443181 ], [ 121.126572504276879, 14.645895362768137 ], [ 121.126584866897119, 14.645885242976073 ], [ 121.12659554857683, 14.645873694412815 ], [ 121.12660638208331, 14.645858040539091 ], [ 121.126615934886487, 14.645839298260674 ], [ 121.126624931401167, 14.645814906827804 ], [ 121.126631864422606, 14.645788664214983 ], [ 121.126639001997205, 14.645748939651691 ], [ 121.126643775124791, 14.645707388597218 ], [ 121.126646891028827, 14.645664457764605 ], [ 121.126648777748798, 14.64562067837667 ], [ 121.126649697589542, 14.645532274233007 ], [ 121.126648725905227, 14.645488433873188 ], [ 121.126646521217921, 14.645445396939401 ], [ 121.126642642827633, 14.645403685852063 ], [ 121.126636385242548, 14.645363743179161 ], [ 121.126630052895024, 14.645337301576259 ], [ 121.126621629672471, 14.645312670473047 ], [ 121.126615753437349, 14.645299737829252 ], [ 121.126605656534565, 14.645282659246991 ], [ 121.126598562954754, 14.645273385930263 ], [ 121.126588137912094, 14.645262592833362 ], [ 121.126579570011458, 14.645255541656876 ], [ 121.126569006048385, 14.645248427414462 ], [ 121.126556814674288, 14.645241779042902 ], [ 121.12654340480519, 14.645235865530056 ], [ 121.126510247824683, 14.645225384635392 ], [ 121.126474181260974, 14.645218137337405 ], [ 121.126432010786999, 14.645212850770372 ], [ 121.126388061605013, 14.645209559759936 ], [ 121.126343507573495, 14.645207648379248 ], [ 121.126252386653121, 14.645206177145264 ], [ 121.125514424618117, 14.645208328626614 ], [ 121.125416646772933, 14.645208208405709 ], [ 121.125416646773473, 14.645416685863694 ], [ 121.125138868995506, 14.645416685863363 ], [ 121.125138868995791, 14.645694463641467 ] ] ] ] } },
{ "type": "Feature", "properties": { "subcatchme": 6, "class_id": 10.0, "class_name": "Brush/Shrubs", "nrcs_class": "open_space_good", "SOILDESC": "Antipolo clay loam", "SoilSeries": "Antipolo", "hsg": "D", "slope_mean": 3.7594519512993951, "area_sqm": 12105.532, "site_id": 91, "land_avail": 1, "dist_drain": 1416, "gi_type sg": "urban_fores", "objectid": 24388, "gthcode": "8011374020130000", "globalid": "{6227571F-6265-486B-9180-9A761FF9A354}", "st_area(shape)": 0.00019596494638646022, "reg_name": "National Capital Region (NCR)", "prov_name": "NCR, Second District", "city_name": "City of Marikina", "brgy_name": "Marikina Heights (Concepcion)", "reg_code": "130000000", "prov_code": "137400000", "city_code": "137402000", "brgy_code": "137402013", "psgc_10d": "1380700013", "geographic_level": "Bgy", "old_names": "Concepcion", "class": "Highly Urbanized Cities (HUC)", "income_class": "", "urban_rural2015": "U", "bgypop2015": 38795, "bgypop2020": 42761, "bgyarea_sqkm": 2.33571384, "gida": "No", "gida_yr": null, "st_perimeter(shape)": 0.068049039583609847, "created_user": null, "created_date": null, "last_edited_user": "ADMIN2", "last_edited_date": 1748789493000, "gi_type_x": "Bioswale", "flood_attenuation_score_x": 47.752187484823203, "site_cost_x": 67486466.618959993, "selected": 0, "gi_type_y": "Bioswale", "flood_attenuation_score_y": 47.752187484823203, "site_cost_y": 67486466.618959993, "selected_selection": null }, "geometry": { "type": "MultiPolygon", "coordinates": [ [ [ [ 121.125416646772933, 14.645208208405709 ], [ 121.125514424618117, 14.645208328626614 ], [ 121.126252386653121, 14.645206177145264 ], [ 121.126343507573495, 14.645207648379248 ], [ 121.126388061605013, 14.645209559759936 ], [ 121.126432010786999, 14.645212850770372 ], [ 121.126474181260974, 14.645218137337405 ], [ 121.126510247824683, 14.645225384635392 ], [ 121.12654340480519, 14.645235865530056 ], [ 121.126556814674288, 14.645241779042902 ], [ 121.126569006048385, 14.645248427414462 ], [ 121.126579570011458, 14.645255541656876 ], [ 121.126588137912094, 14.645262592833362 ], [ 121.126598562954754, 14.645273385930263 ], [ 121.126605656534565, 14.645282659246991 ], [ 121.126615753437349, 14.645299737829252 ], [ 121.126621629672471, 14.645312670473047 ], [ 121.126630052895024, 14.645337301576259 ], [ 121.126636385242548, 14.645363743179161 ], [ 121.126642642827633, 14.645403685852063 ], [ 121.126646521217921, 14.645445396939401 ], [ 121.126648725905227, 14.645488433873188 ], [ 121.126649697589542, 14.645532274233007 ], [ 121.126648777748798, 14.64562067837667 ], [ 121.126646891028827, 14.645664457764605 ], [ 121.126643775124791, 14.645707388597218 ], [ 121.126639001997205, 14.645748939651691 ], [ 121.126631864422606, 14.645788664214983 ], [ 121.126624931401167, 14.645814906827804 ], [ 121.126615934886487, 14.645839298260674 ], [ 121.12660638208331, 14.645858040539091 ], [ 121.12659554857683, 14.645873694412815 ], [ 121.126584866897119, 14.645885242976073 ], [ 121.126572504276879, 14.645895362768137 ], [ 121.126555838438506, 14.645905480443181 ], [ 121.126536014484003, 14.645914213482493 ], [ 121.126510375108097, 14.645922194785378 ], [ 121.126482923787563, 14.645928106420962 ], [ 121.126458418362191, 14.645931865602577 ], [ 121.126433112248762, 14.645934707377723 ], [ 121.126391314511139, 14.645937866400425 ], [ 121.126219475184953, 14.645945020932039 ], [ 121.126177709649454, 14.64594810426212 ], [ 121.126144052619821, 14.645951894536115 ], [ 121.126111657580253, 14.645957260222929 ], [ 121.126081111589784, 14.645964697678348 ], [ 121.126067020461974, 14.645969261870249 ], [ 121.12604836076008, 14.645976869162483 ], [ 121.126038273332753, 14.645981946382216 ], [ 121.126025069669879, 14.645989886810115 ], [ 121.126005206379602, 14.646004775665851 ], [ 121.125993542123055, 14.646014994477413 ], [ 121.125993579813212, 14.646084624361803 ], [ 121.125709989688772, 14.646084769699106 ], [ 121.125709968403797, 14.646045353626997 ], [ 121.125706790902626, 14.646044818049139 ], [ 121.125683164879746, 14.64604252384458 ], [ 121.125659210875284, 14.646041468714813 ], [ 121.12563120465515, 14.64604189558148 ], [ 121.125603427608269, 14.646044299835854 ], [ 121.12558097891214, 14.646047972466741 ], [ 121.125560681329318, 14.646053451803192 ], [ 121.125543410971133, 14.64606009783642 ], [ 121.125523857281038, 14.646069572208416 ], [ 121.125502695316953, 14.646081518866962 ], [ 121.125466322311695, 14.646104090075811 ], [ 121.125430427950491, 14.646128226772731 ], [ 121.125408726933642, 14.646144620831345 ], [ 121.125382928454115, 14.646167600760172 ], [ 121.125372278928609, 14.646178961542887 ], [ 121.125360029155175, 14.646194361737209 ], [ 121.125350825588058, 14.646208586327868 ], [ 121.125342056048041, 14.646225803939915 ], [ 121.125337183628673, 14.646238055349736 ], [ 121.125333442584406, 14.646249994149255 ], [ 121.125329057063269, 14.646273869587279 ], [ 121.125329934531493, 14.646287593406511 ], [ 121.125331211528135, 14.646289259321613 ], [ 121.125694424552194, 14.646292185686233 ], [ 121.125694424552336, 14.646250019198403 ], [ 121.126077294665137, 14.64625002094043 ], [ 121.126077960682395, 14.64624780606154 ], [ 121.126082565625751, 14.646236987594285 ], [ 121.126088202747866, 14.646226497359438 ], [ 121.126097628135838, 14.646212816756654 ], [ 121.126104380352899, 14.646204912929353 ], [ 121.126113167584208, 14.646196203101601 ], [ 121.126130890161448, 14.646182216989441 ], [ 121.126153077098962, 14.646168931974376 ], [ 121.126183000600122, 14.646155557440784 ], [ 121.126215936690244, 14.646144744828639 ], [ 121.126265903008317, 14.646133588583831 ], [ 121.126312829189843, 14.646127372915954 ], [ 121.126358234483206, 14.646124707479018 ], [ 121.126485804353209, 14.646125188934338 ], [ 121.126569796951983, 14.646124142776861 ], [ 121.126610892041043, 14.646122297508345 ], [ 121.126637132627792, 14.646120361544286 ], [ 121.12666284770431, 14.646117676675395 ], [ 121.126696308849148, 14.6461125815775 ], [ 121.126728217102865, 14.646105297798345 ], [ 121.126743437716712, 14.646100643249971 ], [ 121.126764224195568, 14.646092572241592 ], [ 121.126785766962655, 14.646081356930095 ], [ 121.126805367141287, 14.646067825088776 ], [ 121.126820422264657, 14.646055223639927 ], [ 121.12684380943341, 14.646032529579264 ], [ 121.126859468256399, 14.646014749212934 ], [ 121.126869332529822, 14.646001518546662 ], [ 121.126880049278569, 14.645983982160395 ], [ 121.126888331846459, 14.645967037095406 ], [ 121.126898342916618, 14.645940893358294 ], [ 121.126907620956359, 14.645909144229906 ], [ 121.126915349388085, 14.645876240315198 ], [ 121.126929280618242, 14.645809077264296 ], [ 121.126936918766489, 14.645775764136662 ], [ 121.126942989882934, 14.645753075253841 ], [ 121.1269520110732, 14.645725117897697 ], [ 121.12696521411749, 14.645693199735138 ], [ 121.12698884675639, 14.64564542018157 ], [ 121.126998738029911, 14.645623870017788 ], [ 121.127034129104061, 14.645535786730733 ], [ 121.12705896143234, 14.645479098849716 ], [ 121.12706477282012, 14.645464147384367 ], [ 121.127069288942636, 14.645450007883383 ], [ 121.127074499789117, 14.645426200485403 ], [ 121.127076658114859, 14.645406062949482 ], [ 121.127076809476293, 14.645385506195947 ], [ 121.127075765155766, 14.645372070220125 ], [ 121.127072668102841, 14.645353220665349 ], [ 121.127066958035769, 14.645332849890448 ], [ 121.12706170291078, 14.645319242652395 ], [ 121.127052162230882, 14.645298963948687 ], [ 121.127029760655404, 14.645256436801319 ], [ 121.127009500544958, 14.645221335641455 ], [ 121.126997855486394, 14.645204568144765 ], [ 121.126989640406137, 14.645194443537211 ], [ 121.126977313969121, 14.645181728286845 ], [ 121.126965692873569, 14.645172085961889 ], [ 121.126956229251988, 14.645165578860878 ], [ 121.126944787878713, 14.645158929316603 ], [ 121.126931822358955, 14.645152609110793 ], [ 121.126917783668063, 14.645146853227638 ], [ 121.126891544936441, 14.645138201191839 ], [ 121.126863954247199, 14.645131025803222 ], [ 121.12674830243914, 14.645107470833084 ], [ 121.126716160506064, 14.645099772581011 ], [ 121.126676730888164, 14.645087731986536 ], [ 121.126610218282735, 14.645062949487105 ], [ 121.126569427273751, 14.645051311821094 ], [ 121.126519253196193, 14.645040952378876 ], [ 121.126414228441831, 14.645023978804053 ], [ 121.126379702476854, 14.645017638589735 ], [ 121.126340285619818, 14.645008580341123 ], [ 121.126302178387832, 14.644996801571693 ], [ 121.126230775146269, 14.644969608210074 ], [ 121.126211022492754, 14.64496351165729 ], [ 121.126188429995125, 14.644957574785586 ], [ 121.126164528437215, 14.644952216598842 ], [ 121.126123668906232, 14.644944498671618 ], [ 121.126041005028952, 14.644930580676752 ], [ 121.125984468127243, 14.644919014916947 ], [ 121.125961882807047, 14.644913108808799 ], [ 121.125936498946274, 14.644905123277614 ], [ 121.125876215204428, 14.64488193612388 ], [ 121.125853219257706, 14.644874215631503 ], [ 121.12581558781649, 14.644864564376078 ], [ 121.125787736950812, 14.644859288210974 ], [ 121.125759184500481, 14.644855087247654 ], [ 121.125699121849323, 14.644849032862076 ], [ 121.125626370095958, 14.644844880706646 ], [ 121.125542446419914, 14.644842465861435 ], [ 121.125413948394566, 14.644841089033703 ], [ 121.125138868993417, 14.644840663522062 ], [ 121.12513886899383, 14.644980636570761 ], [ 121.125142215896588, 14.64498063486586 ], [ 121.125142300951694, 14.64513890808724 ], [ 121.125416646773132, 14.645138908085571 ], [ 121.125416646772933, 14.645208208405709 ] ] ] ] } },
{ "type": "Feature", "properties": { "subcatchme": 1, "class_id": 16.0, "class_name": "Annual Crop", "nrcs_class": "row_crop_good", "SOILDESC": "Quingua silt loam", "SoilSeries": "Quingua", "hsg": "B", "slope_mean": 2.5428094905719418, "area_sqm": 51483.815, "site_id": 8, "land_avail": 1, "dist_drain": 0, "gi_type sg": "urban_fores", "objectid": 26048, "gthcode": "8011374020060000", "globalid": "{56534038-D700-4AC8-8ED0-2EA327E52FDA}", "st_area(shape)": 0.00013074582952490784, "reg_name": "National Capital Region (NCR)", "prov_name": "NCR, Second District", "city_name": "City of Marikina", "brgy_name": "Nangka", "reg_code": "130000000", "prov_code": "137400000", "city_code": "137402000", "brgy_code": "137402006", "psgc_10d": "1380700006", "geographic_level": "Bgy", "old_names": "", "class": "Highly Urbanized Cities (HUC)", "income_class": "", "urban_rural2015": "U", "bgypop2015": 43828, "bgypop2020": 43368, "bgyarea_sqkm": 1.55823703, "gida": "No", "gida_yr": null, "st_perimeter(shape)": 0.068858671617620326, "created_user": null, "created_date": null, "last_edited_user": "ADMIN2", "last_edited_date": 1748789493000, "gi_type_x": "Bioswale", "flood_attenuation_score_x": 59.054182806230997, "site_cost_x": 286932974.5557, "selected": 0, "gi_type_y": "Bioswale", "flood_attenuation_score_y": 59.054182806230997, "site_cost_y": 286932974.5557, "selected_selection": null }, "geometry": { "type": "MultiPolygon", "coordinates": [ [ [ [ 121.099244467023354, 14.666255461661333 ], [ 121.099251736383152, 14.666281717940704 ], [ 121.09926558860505, 14.666340525566683 ], [ 121.099274014710915, 14.666371181542926 ], [ 121.099284483054603, 14.666399795567457 ], [ 121.099289990915793, 14.666411270776143 ], [ 121.099299117738354, 14.666426133782851 ], [ 121.099308384517954, 14.666437149926541 ], [ 121.099317266812633, 14.66644485172252 ], [ 121.099324529741182, 14.666449590554718 ], [ 121.099332992418255, 14.666453746365013 ], [ 121.099342306429648, 14.666456924092079 ], [ 121.099344662537277, 14.666457402521095 ], [ 121.099344576253529, 14.666252521656697 ], [ 121.099243364043346, 14.666252562031161 ], [ 121.099244467023354, 14.666255461661333 ] ] ], [ [ [ 121.099217335862988, 14.665689504895861 ], [ 121.099216565373723, 14.665676168834613 ], [ 121.099217809554759, 14.665667640736494 ], [ 121.099222020555089, 14.665656208877994 ], [ 121.099228004330001, 14.665647388789896 ], [ 121.0992381889141, 14.66563842774282 ], [ 121.099249775809042, 14.665632194725355 ], [ 121.099259135236792, 14.665628815485686 ], [ 121.099274806697295, 14.665625261947207 ], [ 121.0992858732683, 14.665623924600864 ], [ 121.099302498348834, 14.665623352074721 ], [ 121.099317666451483, 14.665624126813801 ], [ 121.099334519162738, 14.665626220291681 ], [ 121.099372484541504, 14.665632448328573 ], [ 121.099399614578289, 14.665634410777766 ], [ 121.099428070771395, 14.665632866821079 ], [ 121.099477095390554, 14.665625376565284 ], [ 121.099496264629209, 14.665623546983415 ], [ 121.099520646534742, 14.665623402981321 ], [ 121.09954041563546, 14.665625209419009 ], [ 121.099553564064308, 14.665627456943408 ], [ 121.09957243920644, 14.665632384720409 ], [ 121.099583895609214, 14.665636539698381 ], [ 121.099598279506324, 14.665643315887509 ], [ 121.099609976290395, 14.665650380977448 ], [ 121.099618246292806, 14.665656315512935 ], [ 121.099634447868837, 14.665670182635283 ], [ 121.099651100746613, 14.665687259819933 ], [ 121.099658426425208, 14.665695805590889 ], [ 121.099668878826932, 14.665709918497765 ], [ 121.099676699220055, 14.665723205575832 ], [ 121.09968241433873, 14.665735944053996 ], [ 121.099687498086524, 14.665751925312186 ], [ 121.099690036061403, 14.665763864230028 ], [ 121.099691716652757, 14.665776407046094 ], [ 121.099692549677229, 14.665795731620483 ], [ 121.099690757638371, 14.665820955852794 ], [ 121.099686779190336, 14.665842554583854 ], [ 121.099681029594763, 14.665863395978601 ], [ 121.099664732816223, 14.665914564663778 ], [ 121.099658699445243, 14.665938707710112 ], [ 121.099654628968693, 14.665959459812207 ], [ 121.099652253478723, 14.66597629273009 ], [ 121.099911691918507, 14.665976188694961 ], [ 121.099911765503563, 14.666149858748513 ], [ 121.099945463927313, 14.66613746202985 ], [ 121.099974003069946, 14.666125343444486 ], [ 121.100028206166101, 14.666100274833781 ], [ 121.100049994075334, 14.666091784569501 ], [ 121.100070894807146, 14.666084984221813 ], [ 121.100110247968331, 14.666074871715786 ], [ 121.100151469832511, 14.666066690352464 ], [ 121.100235219179865, 14.666052751190536 ], [ 121.100276592950934, 14.666045145807365 ], [ 121.100300623357938, 14.666039912758396 ], [ 121.100341778057484, 14.66602864734207 ], [ 121.100414976203965, 14.666003645356295 ], [ 121.10044988490634, 14.665994904441288 ], [ 121.100483211885404, 14.665989058739367 ], [ 121.100493728541437, 14.665987752140893 ], [ 121.099868754488796, 14.665384311648907 ], [ 121.098930338958809, 14.663547534912114 ], [ 121.099116788076586, 14.662663234932488 ], [ 121.098775841428832, 14.66266337039673 ], [ 121.098775725896004, 14.662387264430702 ], [ 121.099175007877776, 14.662387105741805 ], [ 121.099197367766138, 14.662281055418633 ], [ 121.099279917577149, 14.662110957918541 ], [ 121.098491999361542, 14.662111270756551 ], [ 121.098491884189144, 14.661835164775157 ], [ 121.098302036212544, 14.661835239752408 ], [ 121.097999552823907, 14.662263889279474 ], [ 121.097740153410328, 14.662905712094867 ], [ 121.097610872165333, 14.66304240007797 ], [ 121.097652656224383, 14.663079895705021 ], [ 121.09766519198989, 14.663092655702282 ], [ 121.097675241932237, 14.663104220526661 ], [ 121.097690214108837, 14.663124112678194 ], [ 121.097728779994142, 14.663183285292885 ], [ 121.09774906509621, 14.663211197089534 ], [ 121.097819842704453, 14.663293979836077 ], [ 121.097867250429658, 14.66334553240508 ], [ 121.097885196640263, 14.663366309222177 ], [ 121.097940315336146, 14.663434773696135 ], [ 121.097952421233515, 14.663452061375665 ], [ 121.097964665388261, 14.663472258331606 ], [ 121.09797433210457, 14.663490366500019 ], [ 121.098009693935367, 14.663563916222419 ], [ 121.098038773059287, 14.663619418002924 ], [ 121.098052317863804, 14.663650352662454 ], [ 121.098061705828528, 14.663677416141416 ], [ 121.098068185236485, 14.663699348036632 ], [ 121.098087756088162, 14.663774510879092 ], [ 121.098098810532264, 14.663812193960311 ], [ 121.098109760635054, 14.663842395258825 ], [ 121.098136653385865, 14.663905244393732 ], [ 121.098147308510221, 14.663935636671765 ], [ 121.098157735489551, 14.663971917477967 ], [ 121.098179415959152, 14.66405400917156 ], [ 121.098190361408484, 14.664087331851821 ], [ 121.098203408106016, 14.664118334727764 ], [ 121.098237212060383, 14.664183756348242 ], [ 121.098273868269033, 14.664261048972179 ], [ 121.098287389813635, 14.664285438751 ], [ 121.098302424667708, 14.664308407625438 ], [ 121.098361294559396, 14.664387879219666 ], [ 121.09839599793176, 14.664433215049096 ], [ 121.098408295859429, 14.664450634419573 ], [ 121.098425115689935, 14.664477812926267 ], [ 121.098461026064214, 14.664541941379355 ], [ 121.098477269609361, 14.664567380040758 ], [ 121.098577343059532, 14.664700023369791 ], [ 121.098592874748064, 14.664722437802208 ], [ 121.098612436315705, 14.664756337047809 ], [ 121.098651046081841, 14.664832635267915 ], [ 121.09868527943307, 14.664891139731413 ], [ 121.098701494137487, 14.664922828220348 ], [ 121.098738433967597, 14.66500944942981 ], [ 121.098770051936924, 14.665077144930844 ], [ 121.098777926656467, 14.665097786886399 ], [ 121.098785953267125, 14.665124598824633 ], [ 121.09879116708953, 14.665147010167843 ], [ 121.098796799357658, 14.665178156602725 ], [ 121.098801217766365, 14.665210016076365 ], [ 121.098814108866179, 14.665336162297713 ], [ 121.098819254119491, 14.665377485970785 ], [ 121.098826107800406, 14.665417798811395 ], [ 121.09883082015503, 14.665438942661948 ], [ 121.098837623894255, 14.665463534114719 ], [ 121.098844339603815, 14.665483483380875 ], [ 121.098861133775102, 14.665528488287709 ], [ 121.098869479605995, 14.665554885321596 ], [ 121.098877678253046, 14.665588977165241 ], [ 121.098884433952989, 14.665627629988006 ], [ 121.09888959136525, 14.665667224054936 ], [ 121.098901114589665, 14.66578042153936 ], [ 121.098906016500536, 14.665820579239774 ], [ 121.098912362749914, 14.665859886615101 ], [ 121.098918840032624, 14.6658898217584 ], [ 121.09892609253636, 14.665915767028027 ], [ 121.098933066107151, 14.665936172066532 ], [ 121.098948310866689, 14.665976573553111 ], [ 121.099060844001272, 14.665976528803546 ], [ 121.099060728082122, 14.665700422918048 ], [ 121.099220581037329, 14.665700359259047 ], [ 121.099217335862988, 14.665689504895861 ] ], [ [ 121.099344111160079, 14.665148098111143 ], [ 121.099627726066061, 14.665147984748739 ], [ 121.099627842691035, 14.665424090642517 ], [ 121.099344227429555, 14.665424204007321 ], [ 121.099344111160079, 14.665148098111143 ] ] ], [ [ [ 121.0994242317079, 14.661813591631338 ], [ 121.09941603941968, 14.66181222363452 ], [ 121.09925849303464, 14.661793003853679 ], [ 121.099230067118029, 14.661788299823186 ], [ 121.099202437065543, 14.661782481694106 ], [ 121.099181226493442, 14.661776826313481 ], [ 121.099156926659887, 14.661768584544916 ], [ 121.099132429307332, 14.661757845104232 ], [ 121.099061430248668, 14.661719214530494 ], [ 121.099032288285585, 14.661702181595462 ], [ 121.099015618156912, 14.661691012732414 ], [ 121.099005377200413, 14.66168318596484 ], [ 121.098996208552634, 14.661675234217565 ], [ 121.098985126358485, 14.661663883319418 ], [ 121.098975885553003, 14.661652245641267 ], [ 121.098969330436802, 14.661642307219321 ], [ 121.098962875587503, 14.661630753779175 ], [ 121.098954070019587, 14.661611385687555 ], [ 121.098943361957751, 14.6615805610337 ], [ 121.098917814565866, 14.661483466860686 ], [ 121.098907775462948, 14.661452573573097 ], [ 121.098899551290884, 14.661432957196224 ], [ 121.098890236456384, 14.661415592987483 ], [ 121.098880767828689, 14.661401851408172 ], [ 121.098868062164428, 14.661387696563384 ], [ 121.098855254420172, 14.661376550246029 ], [ 121.098840200921103, 14.661365864527172 ], [ 121.09881287832782, 14.661350135146483 ], [ 121.098757093367496, 14.661322963303212 ], [ 121.098742704667885, 14.661316778082927 ], [ 121.098729381405747, 14.66131201679061 ], [ 121.098711541906056, 14.661307599922461 ], [ 121.098690519163725, 14.66130535665075 ], [ 121.098675615552466, 14.661305837227426 ], [ 121.09849692839127, 14.661559056747503 ], [ 121.098775379312769, 14.661558946493571 ], [ 121.098775494837966, 14.661835052479121 ], [ 121.099413939905787, 14.661834798419919 ], [ 121.0994242317079, 14.661813591631338 ] ] ], [ [ [ 121.099065427570409, 14.666960732619302 ], [ 121.099068304713754, 14.666987146364175 ], [ 121.099070647510871, 14.667026531238701 ], [ 121.09907042336593, 14.667037764356191 ], [ 121.099069321224832, 14.667042310049384 ], [ 121.099162144457352, 14.667043069432886 ], [ 121.099162680761637, 14.666583563199183 ], [ 121.099164307129072, 14.666447840712241 ], [ 121.099167458401098, 14.666362481937467 ], [ 121.099169637969908, 14.666330117944817 ], [ 121.09917259219651, 14.666299851479426 ], [ 121.099175844153066, 14.66627649723441 ], [ 121.09917998268584, 14.666255610146797 ], [ 121.099180870621439, 14.666252586938345 ], [ 121.099060959923079, 14.666252634682536 ], [ 121.099061245030626, 14.666931686135278 ], [ 121.099065427570409, 14.666960732619302 ] ] ] ] } },
{ "type": "Feature", "properties": { "subcatchme": 1, "class_id": 10.0, "class_name": "Brush/Shrubs", "nrcs_class": "open_space_good", "SOILDESC": "Marikina silt loam", "SoilSeries": "Marikina", "hsg": "B", "slope_mean": 2.697400742106967, "area_sqm": 7917.529, "site_id": 14, "land_avail": 1, "dist_drain": 784, "gi_type sg": "urban_fores", "objectid": 26048, "gthcode": "8011374020060000", "globalid": "{56534038-D700-4AC8-8ED0-2EA327E52FDA}", "st_area(shape)": 0.00013074582952490784, "reg_name": "National Capital Region (NCR)", "prov_name": "NCR, Second District", "city_name": "City of Marikina", "brgy_name": "Nangka", "reg_code": "130000000", "prov_code": "137400000", "city_code": "137402000", "brgy_code": "137402006", "psgc_10d": "1380700006", "geographic_level": "Bgy", "old_names": "", "class": "Highly Urbanized Cities (HUC)", "income_class": "", "urban_rural2015": "U", "bgypop2015": 43828, "bgypop2020": 43368, "bgyarea_sqkm": 1.55823703, "gida": "No", "gida_yr": null, "st_perimeter(shape)": 0.068858671617620326, "created_user": null, "created_date": null, "last_edited_user": "ADMIN2", "last_edited_date": 1748789493000, "gi_type_x": "Bioswale", "flood_attenuation_score_x": 44.172922981886302, "site_cost_x": 44147647.260619998, "selected": 0, "gi_type_y": "Bioswale", "flood_attenuation_score_y": 44.172922981886302, "site_cost_y": 44147647.260619998, "selected_selection": null }, "geometry": { "type": "MultiPolygon", "coordinates": [ [ [ [ 121.114162972388201, 14.671427345592383 ], [ 121.114255584113749, 14.671431318283979 ], [ 121.114348828903331, 14.671452746891458 ], [ 121.114415900098606, 14.671468159322515 ], [ 121.114356395150054, 14.671235398825308 ], [ 121.114358665215434, 14.671171092341158 ], [ 121.114358866333632, 14.671103067429078 ], [ 121.114355245701688, 14.670778483619829 ], [ 121.114355044980186, 14.670691367090507 ], [ 121.11435149561737, 14.670689462158986 ], [ 121.114349430464102, 14.67068952853791 ], [ 121.11434693654634, 14.670690231269518 ], [ 121.114341231437876, 14.670693550409604 ], [ 121.114333828113146, 14.670700483292835 ], [ 121.114324065780082, 14.670713502552729 ], [ 121.114318183232669, 14.670723231234559 ], [ 121.114305494571212, 14.67074798593115 ], [ 121.114277303498312, 14.670810934278542 ], [ 121.114260971414069, 14.670845197245873 ], [ 121.114252094327412, 14.670861943394815 ], [ 121.11423364041778, 14.670892050101955 ], [ 121.114224981107114, 14.67090407156706 ], [ 121.114211879537976, 14.670920022488763 ], [ 121.114194814408549, 14.670937663721732 ], [ 121.114175163324703, 14.670954938739531 ], [ 121.114155113747998, 14.670970399467551 ], [ 121.114119539778912, 14.670996163078108 ], [ 121.114105983861734, 14.671007065744789 ], [ 121.114089980958767, 14.671021319416212 ], [ 121.114026888051157, 14.671083355379448 ], [ 121.114009910140254, 14.671102515551308 ], [ 121.113973657217556, 14.671146736598391 ], [ 121.113961261906681, 14.67115891388403 ], [ 121.11395314228352, 14.671165258941175 ], [ 121.113945600450251, 14.671169935001917 ], [ 121.113935464446868, 14.671174445404763 ], [ 121.113927767441439, 14.671176645822888 ], [ 121.113915122593795, 14.671178290948003 ], [ 121.1138995595078, 14.671177396425037 ], [ 121.113886480608798, 14.67117455196426 ], [ 121.113866222300999, 14.671167671039507 ], [ 121.113809219178961, 14.671144533891374 ], [ 121.11378330199247, 14.671132974548946 ], [ 121.113752482826953, 14.671116699559267 ], [ 121.1137290452087, 14.671101238206198 ], [ 121.113701278939132, 14.671078830060978 ], [ 121.113667748629638, 14.671049174276742 ], [ 121.113645136663322, 14.671028145484176 ], [ 121.113626278419019, 14.671008790132477 ], [ 121.113557059665723, 14.670930392553341 ], [ 121.113544063214377, 14.670913703775142 ], [ 121.11350560580405, 14.670860711901307 ], [ 121.113489744213311, 14.670843088904913 ], [ 121.113478653029915, 14.670833618234109 ], [ 121.113468047689054, 14.67082670903214 ], [ 121.113454520873574, 14.670820455700586 ], [ 121.113444114069807, 14.670817244319135 ], [ 121.113433085077148, 14.670815141265651 ], [ 121.113421770959803, 14.670814245071632 ], [ 121.113410463065961, 14.670814572562531 ], [ 121.113399477482702, 14.670816070274961 ], [ 121.113389202686434, 14.670818578694448 ], [ 121.113372457256546, 14.670825231431632 ], [ 121.113360995366847, 14.670831829476372 ], [ 121.113347937359336, 14.670841282960113 ], [ 121.113305989761557, 14.670877629633738 ], [ 121.11328726955719, 14.670891675009813 ], [ 121.113264336576052, 14.670904860169367 ], [ 121.11323853337187, 14.670915536788236 ], [ 121.113223906123409, 14.670920267337472 ], [ 121.113188928745686, 14.670929052961906 ], [ 121.113152325546082, 14.670935819120096 ], [ 121.113038390607301, 14.670952311927794 ], [ 121.11300448966702, 14.67095887046756 ], [ 121.112974066120501, 14.670967497846044 ], [ 121.112962126197957, 14.67097224659269 ], [ 121.11295159342788, 14.670977558037675 ], [ 121.112939214302457, 14.670986109676985 ], [ 121.112933437373613, 14.670991631461119 ], [ 121.112929080276643, 14.670996994879955 ], [ 121.112925131785502, 14.671003424390817 ], [ 121.112922007251839, 14.671010657674568 ], [ 121.11291896363943, 14.671025128592269 ], [ 121.11291909265519, 14.671039426464779 ], [ 121.112921862878295, 14.671057066054431 ], [ 121.112945655675503, 14.671169490311039 ], [ 121.112953791370217, 14.671204268223399 ], [ 121.112960168233272, 14.671227202174553 ], [ 121.112972465029912, 14.671262154869193 ], [ 121.112987077927997, 14.671292891553771 ], [ 121.113035649772726, 14.671378107316231 ], [ 121.113047384954015, 14.671397139158321 ], [ 121.113079263070048, 14.671536151415639 ], [ 121.113134660829189, 14.671520981540688 ], [ 121.113182756892542, 14.671507811013402 ], [ 121.113213980452116, 14.67150084030329 ], [ 121.113250077735941, 14.671492783141586 ], [ 121.113471542593928, 14.671443348232968 ], [ 121.113481858369596, 14.671441044386258 ], [ 121.113600577552788, 14.671414544501168 ], [ 121.113643139035105, 14.671405043211177 ], [ 121.113781102123966, 14.671410962258719 ], [ 121.113808633494344, 14.671412143753724 ], [ 121.114162972388201, 14.671427345592383 ] ] ] ] } },
{ "type": "Feature", "properties": { "subcatchme": 1, "class_id": 14.0, "class_name": "Grassland", "nrcs_class": "open_space_poor", "SOILDESC": "Marikina silt loam", "SoilSeries": "Marikina", "hsg": "B", "slope_mean": 1.942207798361778, "area_sqm": 7389.476, "site_id": 28, "land_avail": 1, "dist_drain": 819, "gi_type sg": "urban_fores", "objectid": 26048, "gthcode": "8011374020060000", "globalid": "{56534038-D700-4AC8-8ED0-2EA327E52FDA}", "st_area(shape)": 0.00013074582952490784, "reg_name": "National Capital Region (NCR)", "prov_name": "NCR, Second District", "city_name": "City of Marikina", "brgy_name": "Nangka", "reg_code": "130000000", "prov_code": "137400000", "city_code": "137402000", "brgy_code": "137402006", "psgc_10d": "1380700006", "geographic_level": "Bgy", "old_names": "", "class": "Highly Urbanized Cities (HUC)", "income_class": "", "urban_rural2015": "U", "bgypop2015": 43828, "bgypop2020": 43368, "bgyarea_sqkm": 1.55823703, "gida": "No", "gida_yr": null, "st_perimeter(shape)": 0.068858671617620326, "created_user": null, "created_date": null, "last_edited_user": "ADMIN2", "last_edited_date": 1748789493000, "gi_type_x": "Bioswale", "flood_attenuation_score_x": 44.689804511743503, "site_cost_x": 41204924.063279994, "selected": 0, "gi_type_y": "Bioswale", "flood_attenuation_score_y": 44.689804511743503, "site_cost_y": 41204924.063279994, "selected_selection": null }, "geometry": { "type": "MultiPolygon", "coordinates": [ [ [ [ 121.113142104892688, 14.669779305366481 ], [ 121.113108756639321, 14.669782271631627 ], [ 121.113078527019368, 14.669786488664387 ], [ 121.113052388219117, 14.669792145106088 ], [ 121.113022792118301, 14.669801838388727 ], [ 121.113010338299077, 14.669807199307304 ], [ 121.112995444653919, 14.669814859349072 ], [ 121.112980698911272, 14.6698237839896 ], [ 121.112937954823622, 14.669852675697154 ], [ 121.112858834345772, 14.669903696774199 ], [ 121.112843748316038, 14.669912139669679 ], [ 121.112828784737601, 14.669919184602671 ], [ 121.112802407808232, 14.669928685304699 ], [ 121.112771418195422, 14.669936547142948 ], [ 121.112742865736323, 14.669941880289819 ], [ 121.112656285322132, 14.669954772455787 ], [ 121.112624624691009, 14.669960882838202 ], [ 121.112594933039759, 14.669969156447536 ], [ 121.11257491173231, 14.669977313416284 ], [ 121.112563286873268, 14.669983649829323 ], [ 121.112549495596937, 14.669993635929172 ], [ 121.112538744490095, 14.670004387777345 ], [ 121.112527924449893, 14.670019498601667 ], [ 121.11252138845208, 14.67003181017164 ], [ 121.112515734446703, 14.670045410379785 ], [ 121.112508907390506, 14.670067524927301 ], [ 121.11250377686531, 14.670091097400245 ], [ 121.112500542072681, 14.670111516839375 ], [ 121.112495375418163, 14.670164857496673 ], [ 121.112493677055753, 14.670197937858992 ], [ 121.112492277709734, 14.670265439662732 ], [ 121.11249288895138, 14.670333391586849 ], [ 121.112494012281843, 14.670367058795007 ], [ 121.112495897482958, 14.670400217073977 ], [ 121.112500172125451, 14.67044334289726 ], [ 121.112504452922693, 14.670467993155443 ], [ 121.11251259798604, 14.670492248255819 ], [ 121.112519754885966, 14.670506483936872 ], [ 121.112528420646498, 14.670519705253366 ], [ 121.112538227979186, 14.670531441094836 ], [ 121.112548469668468, 14.670541239278338 ], [ 121.112558420516493, 14.670549012577082 ], [ 121.112569793828342, 14.670556320269444 ], [ 121.112583916630697, 14.670563650300231 ], [ 121.112600496654451, 14.670570443603923 ], [ 121.112628230784523, 14.670578712025241 ], [ 121.112663715198138, 14.670585385990696 ], [ 121.112698007047854, 14.67058888182596 ], [ 121.1127288337062, 14.670590077556826 ], [ 121.112754727003534, 14.67058978906315 ], [ 121.112777785334202, 14.670588187025798 ], [ 121.112775878593936, 14.67058406865443 ], [ 121.112775973491836, 14.670581553473566 ], [ 121.112778254632502, 14.670575025469773 ], [ 121.112780413950588, 14.670571446212923 ], [ 121.112788261259084, 14.670562539655268 ], [ 121.112799045557779, 14.670554199187848 ], [ 121.112816070803362, 14.67054468397756 ], [ 121.112838524941793, 14.670535375537455 ], [ 121.112869857374847, 14.6705255427637 ], [ 121.112904961413449, 14.670516919072149 ], [ 121.112942280191888, 14.670509296611312 ], [ 121.113051474755238, 14.670489571580097 ], [ 121.113085237428592, 14.67048213168014 ], [ 121.113100096241851, 14.670477999471657 ], [ 121.113119032651795, 14.670471651930429 ], [ 121.113168670574183, 14.67045066408601 ], [ 121.113189556671529, 14.670442665917191 ], [ 121.113215705965629, 14.67043503583246 ], [ 121.113239330953292, 14.670430029523043 ], [ 121.11328183446048, 14.670424021584351 ], [ 121.113308106818849, 14.670421529224477 ], [ 121.113427308963011, 14.670413461920059 ], [ 121.113457239605381, 14.670410561852117 ], [ 121.113482237430745, 14.670407196974137 ], [ 121.113506135624448, 14.670402698937609 ], [ 121.113528561448817, 14.670396690576489 ], [ 121.113542328538784, 14.670391692747364 ], [ 121.113554739641074, 14.67038590309312 ], [ 121.113569862669294, 14.67037628561844 ], [ 121.113577306624748, 14.670369920626131 ], [ 121.113584043148848, 14.670362694971065 ], [ 121.113593874763481, 14.670348201438783 ], [ 121.113601742281503, 14.670330214447358 ], [ 121.113607459140539, 14.670306672003386 ], [ 121.113609453306537, 14.670282061861126 ], [ 121.113607894272377, 14.670257296345573 ], [ 121.113602652695278, 14.670233278125247 ], [ 121.113595241994446, 14.670214635684564 ], [ 121.113585892207951, 14.670199332101795 ], [ 121.113579460650655, 14.670191551273469 ], [ 121.113569009340154, 14.670181727933045 ], [ 121.113554683704407, 14.670171632742241 ], [ 121.113543392777117, 14.670165325278404 ], [ 121.11353112656154, 14.67015951597679 ], [ 121.113505916616816, 14.670149612550444 ], [ 121.113453489496266, 14.670131564293436 ], [ 121.113432865841645, 14.670123348294252 ], [ 121.113414209011609, 14.67011408187782 ], [ 121.113403611406852, 14.670107465544277 ], [ 121.113394980213116, 14.670100930247292 ], [ 121.113387828794387, 14.670094390700402 ], [ 121.113377015474484, 14.670081639979333 ], [ 121.113370181433737, 14.670070888065805 ], [ 121.113367140363351, 14.670064701815308 ], [ 121.113362067666614, 14.670050662017783 ], [ 121.113357208640636, 14.670026204079685 ], [ 121.113355658256935, 14.669999023899361 ], [ 121.113357783641078, 14.669965386678005 ], [ 121.113363850186204, 14.66993126272839 ], [ 121.113368850106596, 14.669912520444703 ], [ 121.113377806375411, 14.669886860693845 ], [ 121.113387019429126, 14.66986622589595 ], [ 121.113398680612875, 14.669844813898546 ], [ 121.113429473262542, 14.66979504132315 ], [ 121.113434470999707, 14.669784352960058 ], [ 121.113435055970811, 14.669782279157459 ], [ 121.11343453279531, 14.669780174666705 ], [ 121.113297656484235, 14.669776360979952 ], [ 121.113250388588241, 14.669776024093641 ], [ 121.113201715512915, 14.66977662830466 ], [ 121.113142104892688, 14.669779305366481 ] ] ] ] } },
{ "type": "Feature", "properties": { "subcatchme": 1, "class_id": 10.0, "class_name": "Brush/Shrubs", "nrcs_class": "open_space_good", "SOILDESC": "Marikina silt loam", "SoilSeries": "Marikina", "hsg": "B", "slope_mean": 2.742237395453222, "area_sqm": 97997.35, "site_id": 12, "land_avail": 1, "dist_drain": 1231, "gi_type sg": "urban_fores", "objectid": 28391, "gthcode": "8011374020070000", "globalid": "{8E39FAAD-B182-4A5E-8E84-F1919B43A7F8}", "st_area(shape)": 0.00015350276503494912, "reg_name": "National Capital Region (NCR)", "prov_name": "NCR, Second District", "city_name": "City of Marikina", "brgy_name": "Parang", "reg_code": "130000000", "prov_code": "137400000", "city_code": "137402000", "brgy_code": "137402007", "psgc_10d": "1380700007", "geographic_level": "Bgy", "old_names": "", "class": "Highly Urbanized Cities (HUC)", "income_class": "", "urban_rural2015": "U", "bgypop2015": 41661, "bgypop2020": 40240, "bgyarea_sqkm": 1.82952187, "gida": "No", "gida_yr": null, "st_perimeter(shape)": 0.064724510034946864, "created_user": null, "created_date": null, "last_edited_user": "ADMIN2", "last_edited_date": 1748789494000, "gi_type_x": "Bioswale", "flood_attenuation_score_x": 91.661381875827303, "site_cost_x": 546142672.13300002, "selected": 0, "gi_type_y": "Bioswale", "flood_attenuation_score_y": 91.661381875827303, "site_cost_y": 546142672.13300002, "selected_selection": null }, "geometry": { "type": "MultiPolygon", "coordinates": [ [ [ [ 121.116181030397968, 14.6660123068974 ], [ 121.116171412082352, 14.666040761175795 ], [ 121.116163409492842, 14.666070569672993 ], [ 121.116141077086823, 14.666171088352774 ], [ 121.11612911141296, 14.666215781522782 ], [ 121.116118948751406, 14.6662454694803 ], [ 121.116097187514242, 14.666299724117563 ], [ 121.116087754772977, 14.666328293762561 ], [ 121.116080309920875, 14.666358227874168 ], [ 121.116071956005896, 14.666407506877501 ], [ 121.116068117036846, 14.66644152250413 ], [ 121.116063282730195, 14.666510936006928 ], [ 121.116061625297547, 14.666552652748392 ], [ 121.116059874129945, 14.66663712011257 ], [ 121.116058676882375, 14.666893499408618 ], [ 121.116056590810302, 14.667020908832367 ], [ 121.116052654542699, 14.667104055311624 ], [ 121.116049255856609, 14.667144546947304 ], [ 121.116045831650737, 14.667173915389409 ], [ 121.116041422714076, 14.667202500455142 ], [ 121.116033849600612, 14.667237980552926 ], [ 121.116023547611434, 14.667271249713787 ], [ 121.116018013693875, 14.667284845593434 ], [ 121.116008992419452, 14.66730285588388 ], [ 121.116000245451829, 14.667316798042991 ], [ 121.115987000294581, 14.66733373299785 ], [ 121.115969275396964, 14.66735237219237 ], [ 121.115940775059272, 14.667380084116791 ], [ 121.115924635574657, 14.667398087291657 ], [ 121.115915927962533, 14.667410032544458 ], [ 121.115910751402637, 14.667418532529952 ], [ 121.115905490920738, 14.667428812163088 ], [ 121.115900605500897, 14.667440607664604 ], [ 121.115894752200489, 14.667460066092557 ], [ 121.115890815607841, 14.667482265682059 ], [ 121.115889394431477, 14.667504933913895 ], [ 121.11589043048366, 14.667527276850198 ], [ 121.115893970022611, 14.667549312940551 ], [ 121.115897089384845, 14.667561326984243 ], [ 121.115903037339791, 14.667577893409248 ], [ 121.115909679161831, 14.667591589823736 ], [ 121.115916849255939, 14.667603325834648 ], [ 121.115933715468728, 14.667624942216445 ], [ 121.115958186044253, 14.667650287554851 ], [ 121.115979934523097, 14.667669266704435 ], [ 121.116000697067832, 14.667683806015019 ], [ 121.116021864859221, 14.667695574189517 ], [ 121.116046967463532, 14.667707050735574 ], [ 121.116111899661121, 14.667732682564004 ], [ 121.116136714810651, 14.667743580197186 ], [ 121.116155510941951, 14.667753377096091 ], [ 121.116166734766708, 14.667760255035518 ], [ 121.116176407123916, 14.667767055327571 ], [ 121.116188041882424, 14.6677766820995 ], [ 121.11620420754916, 14.667793490417363 ], [ 121.11621252312807, 14.667803932544345 ], [ 121.116224480076994, 14.667821147753461 ], [ 121.116235613849085, 14.667839203977561 ], [ 121.11628016253708, 14.667917003126281 ], [ 121.116289883706926, 14.667936546263979 ], [ 121.116298859403173, 14.667958698723575 ], [ 121.116307627640211, 14.667986871891852 ], [ 121.116313224283047, 14.668009893446202 ], [ 121.116320825178761, 14.668049622960266 ], [ 121.116333436466675, 14.668130770824533 ], [ 121.116340614816266, 14.668170845748666 ], [ 121.116347627113768, 14.668201466414088 ], [ 121.116353494828516, 14.66822199228341 ], [ 121.116362877290456, 14.668248467822005 ], [ 121.116389495475048, 14.668313711707482 ], [ 121.116401285540007, 14.668348595094486 ], [ 121.116416082844793, 14.668395907323868 ], [ 121.116424369417643, 14.668420161669836 ], [ 121.116433697078094, 14.668443495431575 ], [ 121.116439410883615, 14.66845564437391 ], [ 121.116448725342536, 14.668472382678683 ], [ 121.116455164808102, 14.668482068540285 ], [ 121.116464338795396, 14.66849374125812 ], [ 121.116480512170568, 14.668509982090203 ], [ 121.116502722213184, 14.668527217151006 ], [ 121.116568975814928, 14.668568571674269 ], [ 121.116616458585426, 14.668599551135483 ], [ 121.116650231435131, 14.668618989199464 ], [ 121.116719677162351, 14.66865452972139 ], [ 121.116736555264794, 14.668664245968722 ], [ 121.116754508974807, 14.668675843442069 ], [ 121.116783436901727, 14.668697353307573 ], [ 121.116838336579008, 14.668740424980903 ], [ 121.116907590348461, 14.668798961772927 ], [ 121.11696299701326, 14.668840613267875 ], [ 121.116983281653532, 14.66885493535721 ], [ 121.117002181869694, 14.668866797142316 ], [ 121.117023546786484, 14.668878004726476 ], [ 121.117043575701629, 14.668886734324429 ], [ 121.117065402385634, 14.66889485673136 ], [ 121.11709319627073, 14.668903848075605 ], [ 121.117164840045049, 14.668924885315406 ], [ 121.117193328845076, 14.668934140744256 ], [ 121.117216285889683, 14.668942628364475 ], [ 121.117266187051527, 14.668962974252389 ], [ 121.117293852258939, 14.668972468807683 ], [ 121.117323525613344, 14.668980202918489 ], [ 121.117339870368525, 14.668983577917119 ], [ 121.117373887823533, 14.668989080692924 ], [ 121.11743099294435, 14.668995070581101 ], [ 121.11749748103523, 14.668998940442815 ], [ 121.117542110757782, 14.66900045340334 ], [ 121.117722581711718, 14.669003596535322 ], [ 121.117791547152464, 14.669005484336944 ], [ 121.118064645557212, 14.669005353477115 ], [ 121.118064654590853, 14.669023198574816 ], [ 121.118663888545584, 14.669011642052945 ], [ 121.118962942009659, 14.668954247734183 ], [ 121.11905965283141, 14.668832777958077 ], [ 121.119111725183032, 14.668767375440821 ], [ 121.119181043661428, 14.668706316901192 ], [ 121.119287069753355, 14.668612919990245 ], [ 121.119443273168102, 14.668475329432958 ], [ 121.119571987618059, 14.668361950864883 ], [ 121.11958228201955, 14.668352880697975 ], [ 121.119641364801993, 14.668300836598233 ], [ 121.119662889816922, 14.668281877778195 ], [ 121.119681964605348, 14.668259271354222 ], [ 121.119746654703931, 14.668182608446484 ], [ 121.119833234767654, 14.668080003409536 ], [ 121.11989498665659, 14.668006821530566 ], [ 121.119899855898595, 14.668003092168382 ], [ 121.120081857251279, 14.66786373778157 ], [ 121.120137022102142, 14.667821498967086 ], [ 121.120184338965942, 14.667709057526194 ], [ 121.120239848310604, 14.667639341650922 ], [ 121.120354950691564, 14.667494779016263 ], [ 121.120486155313031, 14.667329992930787 ], [ 121.120538227217409, 14.66726459425116 ], [ 121.120572191642026, 14.667234678511198 ], [ 121.120430216071128, 14.667035236637821 ], [ 121.120420347422098, 14.667035261116695 ], [ 121.120419019292612, 14.667024678632648 ], [ 121.120419168146285, 14.667019716933863 ], [ 121.120277384875308, 14.666820545196087 ], [ 121.119567851182651, 14.66618730544835 ], [ 121.119295131030995, 14.665967596869155 ], [ 121.119240441234524, 14.665967623384686 ], [ 121.11923294031503, 14.66597478018693 ], [ 121.119212900903008, 14.665998384061353 ], [ 121.119205014342072, 14.666006283822782 ], [ 121.119196821416338, 14.666012664659414 ], [ 121.119186500616493, 14.666018525803473 ], [ 121.119173652778073, 14.66602354049151 ], [ 121.119158760717795, 14.666027371024356 ], [ 121.119100481448399, 14.666035896748541 ], [ 121.11908332321633, 14.666041379010329 ], [ 121.119075363563837, 14.666045119248665 ], [ 121.119068137214683, 14.666049409462763 ], [ 121.119056503161573, 14.666058930887013 ], [ 121.119048200770067, 14.666069106461846 ], [ 121.119044191913204, 14.666075897108893 ], [ 121.11904054204679, 14.666084022747196 ], [ 121.119035856889852, 14.666101413994948 ], [ 121.119034768203946, 14.666114431423841 ], [ 121.119035700855633, 14.666120334852339 ], [ 121.118664405235677, 14.666117329026715 ], [ 121.118663117425314, 14.666116272090921 ], [ 121.118649802343541, 14.666115887748809 ], [ 121.118625565095186, 14.66612101623979 ], [ 121.118607263144099, 14.666127045896541 ], [ 121.118583110964792, 14.666137537753679 ], [ 121.118562844325751, 14.666148720784861 ], [ 121.118545003690258, 14.666160297597607 ], [ 121.118477217512819, 14.666210451109563 ], [ 121.118457592643622, 14.666223334707688 ], [ 121.118445965303138, 14.666230002200003 ], [ 121.11842954206557, 14.666238006321191 ], [ 121.118416581716644, 14.666243148381268 ], [ 121.118402234026675, 14.666247691787792 ], [ 121.118379779129697, 14.666252491269343 ], [ 121.118365072983806, 14.666254116366297 ], [ 121.118344583635661, 14.666254205298934 ], [ 121.11832612801409, 14.666252360468285 ], [ 121.118310529407538, 14.66624968204443 ], [ 121.118267665093441, 14.666239131918259 ], [ 121.118250370846823, 14.666235649906842 ], [ 121.118230258675126, 14.666233641636161 ], [ 121.118213131539534, 14.666233960218879 ], [ 121.118201681019968, 14.666235360436009 ], [ 121.118185349301768, 14.666239388907281 ], [ 121.118175483927558, 14.666243334186756 ], [ 121.11816682465755, 14.666248120656835 ], [ 121.118159692161925, 14.666253374966596 ], [ 121.118149466315884, 14.666264306704303 ], [ 121.118144891254047, 14.666271412664017 ], [ 121.118140767151772, 14.666279953769907 ], [ 121.118137425123024, 14.666289638090548 ], [ 121.118135014393459, 14.666300166799118 ], [ 121.118133219565138, 14.666316945208147 ], [ 121.118133190509624, 14.666328384274014 ], [ 121.118133991266092, 14.666339616782079 ], [ 121.118136332544125, 14.666355031535359 ], [ 121.118142071053569, 14.666377658384139 ], [ 121.118157203254782, 14.666424163514547 ], [ 121.118164236713099, 14.666449184866638 ], [ 121.118173141747278, 14.666487446429878 ], [ 121.118187563356031, 14.666557578110602 ], [ 121.11819561606066, 14.66659205521688 ], [ 121.118204432569172, 14.666622318131301 ], [ 121.118215420653911, 14.666650594178835 ], [ 121.118221384610393, 14.666662591477978 ], [ 121.118227910742661, 14.666673655267315 ], [ 121.118234831715284, 14.666683487771115 ], [ 121.118245131778224, 14.666695268951038 ], [ 121.118260327711539, 14.666708138095533 ], [ 121.118276179323445, 14.666717822413679 ], [ 121.118294888073024, 14.666726116448716 ], [ 121.118318898350765, 14.666733435824833 ], [ 121.118344271915916, 14.66673830269475 ], [ 121.118381825374456, 14.666741478825216 ], [ 121.118413805321623, 14.666740956976254 ], [ 121.1184415684328, 14.66673810010264 ], [ 121.118468576891445, 14.666732845868642 ], [ 121.118490289372957, 14.666726395599706 ], [ 121.118509360690396, 14.666718548478707 ], [ 121.118524285905778, 14.666710517766447 ], [ 121.118541371586986, 14.666698757718523 ], [ 121.118554645779426, 14.666687633753572 ], [ 121.118572507124995, 14.666670161235581 ], [ 121.118582928574753, 14.666658609302885 ], [ 121.118596511201005, 14.666640937660738 ], [ 121.118604118393804, 14.666628582124977 ], [ 121.118610774580077, 14.666614863306874 ], [ 121.118616869136844, 14.666597667844036 ], [ 121.11862006081833, 14.666584934949469 ], [ 121.118623177019856, 14.666564955406555 ], [ 121.118624133732581, 14.666551524817534 ], [ 121.118623665609107, 14.66652601982055 ], [ 121.118620500909415, 14.666501040645301 ], [ 121.118610966657101, 14.666452209494347 ], [ 121.118608704875797, 14.666425529596552 ], [ 121.118609001471057, 14.666413087756096 ], [ 121.118611387365021, 14.666394271715156 ], [ 121.118616320041255, 14.666376490269847 ], [ 121.118618523342434, 14.666371006254032 ], [ 121.118623642957417, 14.666361007362161 ], [ 121.11863222317335, 14.666349174823297 ], [ 121.118641234222395, 14.666340481685115 ], [ 121.118653618420808, 14.66633204178739 ], [ 121.118669329898026, 14.666324769324154 ], [ 121.118693748116783, 14.66631801921274 ], [ 121.118720372836151, 14.666314755445251 ], [ 121.1187444316447, 14.666314543553417 ], [ 121.11876899760783, 14.66631668724793 ], [ 121.118782284654642, 14.666318833614262 ], [ 121.118806736017177, 14.666324721398402 ], [ 121.118831107740178, 14.666333303432538 ], [ 121.118933196895071, 14.666380924587955 ], [ 121.118960413778979, 14.66639451818436 ], [ 121.11899046933496, 14.666412360558599 ], [ 121.119004007653558, 14.666422150815723 ], [ 121.11901732814114, 14.666433316580326 ], [ 121.11903991947527, 14.666455909939646 ], [ 121.11906010850339, 14.666479682185768 ], [ 121.119069988598355, 14.666493359556071 ], [ 121.119077825222817, 14.666506416698855 ], [ 121.119083817396515, 14.666519137186288 ], [ 121.119087535412547, 14.666529444403155 ], [ 121.119091826295431, 14.666547239071019 ], [ 121.119093407129753, 14.66655996361369 ], [ 121.119093830932229, 14.666572948099581 ], [ 121.119093083603062, 14.666585886956643 ], [ 121.119091222640549, 14.666598460732889 ], [ 121.119088408467647, 14.66661025501498 ], [ 121.119083152016074, 14.666625407638213 ], [ 121.119077221227457, 14.666638105717421 ], [ 121.119072051407301, 14.666647354125397 ], [ 121.119059633086067, 14.666666309471738 ], [ 121.119041456967992, 14.666690750790762 ], [ 121.119026480461145, 14.66670924441013 ], [ 121.119004774571351, 14.666732748007931 ], [ 121.118978303848266, 14.666757427632104 ], [ 121.11893526194838, 14.66679503729811 ], [ 121.118913743794693, 14.666811775339308 ], [ 121.118888508898706, 14.666828707411446 ], [ 121.118829059467444, 14.666865193744426 ], [ 121.118805178745163, 14.666882368122055 ], [ 121.118781221758795, 14.666903688152718 ], [ 121.118743824088526, 14.66694247131689 ], [ 121.118728475791414, 14.666957211458501 ], [ 121.118709170547916, 14.666972770866789 ], [ 121.118691841189047, 14.666983713795915 ], [ 121.118669157804035, 14.666994712782857 ], [ 121.118649603540405, 14.667002149329946 ], [ 121.118619334909724, 14.667011306564255 ], [ 121.118587817798328, 14.667019040265314 ], [ 121.118517125428795, 14.667034461909831 ], [ 121.118482102524624, 14.667043123344916 ], [ 121.118451202311576, 14.667052535713268 ], [ 121.118437063787241, 14.667057689917685 ], [ 121.118419035112893, 14.667065297852591 ], [ 121.118399466547089, 14.667075058631811 ], [ 121.118345249494382, 14.667106154023962 ], [ 121.118286927565933, 14.667138213866671 ], [ 121.118261368287236, 14.667150621013477 ], [ 121.118242851256198, 14.66715747488964 ], [ 121.118225602076635, 14.66716196405325 ], [ 121.118205959942372, 14.667165014993401 ], [ 121.11819230223692, 14.667165936431331 ], [ 121.11817858306793, 14.667165903041264 ], [ 121.118165095621379, 14.667164933464656 ], [ 121.118152205858621, 14.66716311200045 ], [ 121.118140389243834, 14.667160635895844 ], [ 121.118125563457028, 14.667156374970446 ], [ 121.118111777151782, 14.667151271157952 ], [ 121.118091131306969, 14.667142072154629 ], [ 121.118028832296645, 14.667112346655241 ], [ 121.118003800855746, 14.667099921988592 ], [ 121.117975319147192, 14.667083449622563 ], [ 121.117962003397267, 14.667074122006913 ], [ 121.117947056762688, 14.667061735641148 ], [ 121.117934534518184, 14.667049715940797 ], [ 121.117909348817534, 14.667023408862645 ], [ 121.117892837426211, 14.667007938975921 ], [ 121.117881087358299, 14.666999198805057 ], [ 121.117867306360878, 14.666991738118606 ], [ 121.117850884279889, 14.666986347248175 ], [ 121.117842301609414, 14.666984773934725 ], [ 121.11783064498033, 14.666983783021372 ], [ 121.117812149052043, 14.666984258572368 ], [ 121.117767722273385, 14.666987829878646 ], [ 121.117737158044974, 14.666987582287938 ], [ 121.11771686204186, 14.666985787562176 ], [ 121.117696503829734, 14.66698258252624 ], [ 121.117683479120714, 14.666979717050546 ], [ 121.117666014605263, 14.666974755123753 ], [ 121.117651364300301, 14.666969515958604 ], [ 121.11763468449702, 14.666962456524677 ], [ 121.117538411449971, 14.666917746715532 ], [ 121.117511458278571, 14.666903932776602 ], [ 121.117493821412026, 14.666893288653089 ], [ 121.117476390114419, 14.666880641741333 ], [ 121.117464484218118, 14.666870369386482 ], [ 121.117445340489923, 14.666850955997745 ], [ 121.117427268551666, 14.666829526957029 ], [ 121.117415740862029, 14.666812803291196 ], [ 121.11740803182056, 14.666797646889131 ], [ 121.117404927161317, 14.666789115915783 ], [ 121.117402405314976, 14.666779300958726 ], [ 121.117400547183721, 14.666763190638402 ], [ 121.117400881010767, 14.666752157105932 ], [ 121.117403871838803, 14.666735997507541 ], [ 121.117409673719635, 14.666721232532238 ], [ 121.117417386923009, 14.666709080335512 ], [ 121.117425815243863, 14.666699822223601 ], [ 121.117437655588901, 14.666690396551491 ], [ 121.117447869924206, 14.66668418398797 ], [ 121.117465714897506, 14.666675802862825 ], [ 121.117492385509777, 14.666666632896195 ], [ 121.117520700008242, 14.666659216810384 ], [ 121.117579673431507, 14.666646068274204 ], [ 121.117606295609292, 14.666639088520382 ], [ 121.117622342035204, 14.666633579296079 ], [ 121.117635598346766, 14.666627375099594 ], [ 121.117642407694703, 14.666623003837408 ], [ 121.117647408676632, 14.666618744446451 ], [ 121.117652369766219, 14.666612527272909 ], [ 121.11765470289933, 14.666607604627972 ], [ 121.117655919786245, 14.666602188545982 ], [ 121.117655861162618, 14.666596774783342 ], [ 121.117654744907753, 14.66659182961757 ], [ 121.117651358150042, 14.66658469712867 ], [ 121.117644785223064, 14.66657628807925 ], [ 121.117634941849516, 14.6665671223295 ], [ 121.117591378855039, 14.666533834222459 ], [ 121.117566061081419, 14.666511043328422 ], [ 121.117536480399835, 14.666480232620172 ], [ 121.117515521400989, 14.666457180613302 ], [ 121.11750057018169, 14.666438713955156 ], [ 121.1174904931067, 14.66642441859563 ], [ 121.117475522250302, 14.66639988781098 ], [ 121.117436436901684, 14.666327244576879 ], [ 121.117403047250562, 14.666272239311908 ], [ 121.117392502368659, 14.666253595070129 ], [ 121.11738050133286, 14.666229805896757 ], [ 121.117343416036022, 14.66615005392287 ], [ 121.117332945119841, 14.666130577048223 ], [ 121.117297936507128, 14.666070365877507 ], [ 121.117262084316465, 14.665997640374123 ], [ 121.117252516183356, 14.665979304077529 ], [ 121.117248405362488, 14.665972241878825 ], [ 121.116200939891144, 14.665972243390861 ], [ 121.116189554031877, 14.665992559221394 ], [ 121.116181030397968, 14.6660123068974 ] ], [ [ 121.119299311579852, 14.667713562520651 ], [ 121.119296346058363, 14.667701882316788 ], [ 121.119290242002236, 14.667683127680743 ], [ 121.119282812764141, 14.667664973233761 ], [ 121.119272194680391, 14.667643678750521 ], [ 121.119265269534466, 14.667631500175142 ], [ 121.119244783610981, 14.667599326344176 ], [ 121.119205058495012, 14.667543348194014 ], [ 121.119186301011752, 14.667519444749932 ], [ 121.119166717675142, 14.667496479912199 ], [ 121.119094079432443, 14.66741832730448 ], [ 121.119040702878351, 14.667367216320855 ], [ 121.119020082762475, 14.667346520458556 ], [ 121.11896151483289, 14.667284795701526 ], [ 121.118941787509627, 14.667261956204676 ], [ 121.118918223789805, 14.667228649473785 ], [ 121.118907267839759, 14.667210399592431 ], [ 121.118901355966642, 14.667198276206314 ], [ 121.118897573535008, 14.667187250910466 ], [ 121.118895861293112, 14.667177413597377 ], [ 121.118896079095435, 14.667166370078361 ], [ 121.118898785008881, 14.667155406348229 ], [ 121.118903255653507, 14.667146287844382 ], [ 121.118910119247374, 14.667137195942965 ], [ 121.11891677860983, 14.667130603888578 ], [ 121.118929571000649, 14.667120677952187 ], [ 121.118955772700758, 14.667104894202526 ], [ 121.119031141982362, 14.667064030762536 ], [ 121.11905077623237, 14.667054402401831 ], [ 121.119072965772219, 14.667045248392569 ], [ 121.119108863753624, 14.66703347068805 ], [ 121.119198104463777, 14.667010302552688 ], [ 121.11919785370587, 14.666519855541992 ], [ 121.119481470189953, 14.666519717942066 ], [ 121.119481675503607, 14.6669202752697 ], [ 121.119519187041533, 14.666911245012983 ], [ 121.119546033127847, 14.666903590861706 ], [ 121.11959317640256, 14.666888137371485 ], [ 121.119608079494299, 14.666883891193923 ], [ 121.11962720249177, 14.666879991852852 ], [ 121.119650954583889, 14.66687809285434 ], [ 121.119663492472753, 14.666878507003783 ], [ 121.119675918191064, 14.666879990251381 ], [ 121.119687926038551, 14.666882576272183 ], [ 121.119699206275456, 14.666886228218367 ], [ 121.119713960812803, 14.666893291812892 ], [ 121.119725169943095, 14.666901031619721 ], [ 121.119735346303855, 14.666910568704832 ], [ 121.11974596367881, 14.66692390318223 ], [ 121.119755838989605, 14.666940213936281 ], [ 121.119766498076586, 14.666962797438991 ], [ 121.119776003165597, 14.666987133860786 ], [ 121.119795125365044, 14.667040409361455 ], [ 121.119805401611657, 14.667066082301192 ], [ 121.119814625481069, 14.667086172569107 ], [ 121.119838825856149, 14.66713321371558 ], [ 121.119848314882148, 14.667153235638022 ], [ 121.119861975641598, 14.667185988607695 ], [ 121.119888787755897, 14.667254512469485 ], [ 121.119917263224607, 14.667317622035593 ], [ 121.119922964194771, 14.667332274116806 ], [ 121.119928730248475, 14.667350284954738 ], [ 121.119935295797234, 14.667379251755129 ], [ 121.119938818292155, 14.667406594345143 ], [ 121.119939619425907, 14.667434863823235 ], [ 121.119937154244951, 14.667460802381303 ], [ 121.119931678884726, 14.667488007096992 ], [ 121.119926881808155, 14.66750481004061 ], [ 121.11992113744779, 14.667521225755808 ], [ 121.119914720644573, 14.667536703388693 ], [ 121.119908107805699, 14.667550569002856 ], [ 121.119898428498573, 14.667568270503134 ], [ 121.119886502912209, 14.667587358210083 ], [ 121.119872568669663, 14.667607508706205 ], [ 121.119826964936166, 14.667667582400544 ], [ 121.119773895970127, 14.667731103919531 ], [ 121.119767532436455, 14.667740340875254 ], [ 121.119764240389387, 14.667746567988951 ], [ 121.119763136190485, 14.667750750514603 ], [ 121.119764404205881, 14.667752931515418 ], [ 121.119762640537658, 14.667752917243121 ], [ 121.119757720831657, 14.667752877430852 ], [ 121.119717619658516, 14.667752552911988 ], [ 121.119705274909663, 14.667752453010669 ], [ 121.119693114882054, 14.667752354603589 ], [ 121.119393105678213, 14.667749926527025 ], [ 121.119382987794538, 14.667749844632775 ], [ 121.119371570366184, 14.667749752219517 ], [ 121.119359410341019, 14.667749653795001 ], [ 121.11934706466667, 14.667749553867178 ], [ 121.119300281059495, 14.667749175187351 ], [ 121.119301568637482, 14.667747978237568 ], [ 121.119302744092437, 14.667735997175383 ], [ 121.119299311579852, 14.667713562520651 ] ], [ [ 121.117255050190352, 14.668094099521358 ], [ 121.117253695044525, 14.66809103757959 ], [ 121.117253941552761, 14.668089132726784 ], [ 121.11725832176262, 14.668081264281359 ], [ 121.117267919923037, 14.668071777080154 ], [ 121.117278892010376, 14.668063806610162 ], [ 121.117300970949003, 14.668050995440904 ], [ 121.11737816827349, 14.668013435159295 ], [ 121.117411949483326, 14.667995303705062 ], [ 121.117435589108169, 14.667980404920236 ], [ 121.117455472164465, 14.667965470272961 ], [ 121.117470376726615, 14.66795205149311 ], [ 121.117480015275774, 14.667941964538109 ], [ 121.117494866948846, 14.66792365619904 ], [ 121.117504077243794, 14.667910238273432 ], [ 121.117512373908355, 14.667896514717139 ], [ 121.117545306923361, 14.667831545561949 ], [ 121.117556125919734, 14.66781379015568 ], [ 121.117563961642801, 14.667802947538643 ], [ 121.117572155882158, 14.667793277240479 ], [ 121.117580301575742, 14.667785159140795 ], [ 121.11759186870448, 14.667775774632368 ], [ 121.117601073424709, 14.667769740054556 ], [ 121.117612219229045, 14.667763706742765 ], [ 121.117631665160744, 14.667755597049089 ], [ 121.117664553446232, 14.667746459375588 ], [ 121.117699901262995, 14.667740636588343 ], [ 121.117728421594606, 14.667737935967416 ], [ 121.117757639889618, 14.667736553199724 ], [ 121.11779150038511, 14.667736397330808 ], [ 121.117825597493223, 14.667737665830241 ], [ 121.117856531559028, 14.667740054620214 ], [ 121.117887176338996, 14.667743706271995 ], [ 121.117917297531122, 14.667748772520351 ], [ 121.117946330532376, 14.667755384350251 ], [ 121.117970483848922, 14.667762488038631 ], [ 121.118042930210706, 14.667789517725604 ], [ 121.118080818585099, 14.66780120968788 ], [ 121.11812704791086, 14.66781245769579 ], [ 121.118220815086815, 14.667833155033925 ], [ 121.118250174135852, 14.667841374477227 ], [ 121.1182774765592, 14.667851272641361 ], [ 121.118289508656133, 14.667856781568611 ], [ 121.118300542416719, 14.667862772226822 ], [ 121.118310274580878, 14.667869101179621 ], [ 121.118324855790618, 14.667881457458448 ], [ 121.118331083959987, 14.66788839425249 ], [ 121.118337379637737, 14.667896990824973 ], [ 121.118343230785683, 14.667907093011417 ], [ 121.118348212895299, 14.66791829792921 ], [ 121.118354397837933, 14.667939636071386 ], [ 121.118357243738672, 14.667961941265222 ], [ 121.118356573386265, 14.667987809369892 ], [ 121.118351649119035, 14.66801318031864 ], [ 121.118345282222748, 14.668030624794854 ], [ 121.118340099584415, 14.668040821981819 ], [ 121.118334694312281, 14.668049370785845 ], [ 121.118326038230265, 14.668060293545309 ], [ 121.118318398935131, 14.668068141042916 ], [ 121.118304041313024, 14.668080241264041 ], [ 121.118287217315256, 14.668091889530473 ], [ 121.118269142430933, 14.668102829991906 ], [ 121.118191389320572, 14.668146885642802 ], [ 121.118168984193971, 14.668158438087328 ], [ 121.11815266683746, 14.668165656791059 ], [ 121.118132242612347, 14.668173420610854 ], [ 121.118042009682114, 14.668203737974908 ], [ 121.117992676440949, 14.668222199023237 ], [ 121.117955286806165, 14.668238927677745 ], [ 121.117923965478596, 14.668255880804219 ], [ 121.117901027509788, 14.668270687720934 ], [ 121.117872182521424, 14.668292573525749 ], [ 121.117850082556885, 14.668311537110959 ], [ 121.117834360496744, 14.668326326562653 ], [ 121.117821233235986, 14.668340553230031 ], [ 121.117812989637045, 14.668351978161406 ], [ 121.117809495624698, 14.668358801866958 ], [ 121.117807883467862, 14.668364628650307 ], [ 121.117807898221159, 14.668366703712687 ], [ 121.117809680880185, 14.668369709469999 ], [ 121.117673591560731, 14.6683723863146 ], [ 121.117630636715361, 14.668371732845582 ], [ 121.117604806616626, 14.668369430554444 ], [ 121.117592628446502, 14.668367325626718 ], [ 121.117577949509041, 14.668363253822566 ], [ 121.117571451467512, 14.668360630993034 ], [ 121.117560591627722, 14.668354385052284 ], [ 121.117552657523277, 14.66834730608886 ], [ 121.117546663801832, 14.66833922525721 ], [ 121.117541489756888, 14.668328541121424 ], [ 121.117535997173249, 14.668308316536949 ], [ 121.117528896169802, 14.668253956236249 ], [ 121.117525959486443, 14.66823945664505 ], [ 121.117521796870307, 14.668226651538168 ], [ 121.117519240324711, 14.668221110898559 ], [ 121.117513426908545, 14.66821202839744 ], [ 121.11750637998054, 14.668204766839937 ], [ 121.117496356836014, 14.668198054126714 ], [ 121.117490124290953, 14.668195106299818 ], [ 121.117475617580553, 14.668190327369105 ], [ 121.117456980492207, 14.668186563286923 ], [ 121.117407067666051, 14.668179216479036 ], [ 121.117391469009689, 14.66817533603106 ], [ 121.117378328849568, 14.66817022294626 ], [ 121.117372906342254, 14.66816731963636 ], [ 121.117363786127783, 14.668160861853847 ], [ 121.117324199560528, 14.668120867750327 ], [ 121.117317988286558, 14.668115758392057 ], [ 121.117306161247356, 14.668107765845726 ], [ 121.117290589063984, 14.668100247227272 ], [ 121.117281775596737, 14.668097217028604 ], [ 121.117266194265682, 14.668093808455588 ], [ 121.117256844963549, 14.668093407355611 ], [ 121.117255050190352, 14.668094099521358 ] ], [ [ 121.11863132304093, 14.667900658071739 ], [ 121.119198559573462, 14.667900383881724 ], [ 121.119198700756272, 14.66817648953014 ], [ 121.118631463512671, 14.668176763725816 ], [ 121.11863132304093, 14.667900658071739 ] ], [ [ 121.116361963923538, 14.66707342391852 ], [ 121.116645581149285, 14.667073289773828 ], [ 121.11664571912317, 14.667349395467115 ], [ 121.116362101541895, 14.667349529614587 ], [ 121.116361963923538, 14.66707342391852 ] ] ] ] } },
{ "type": "Feature", "properties": { "subcatchme": 1, "class_id": 14.0, "class_name": "Grassland", "nrcs_class": "open_space_poor", "SOILDESC": "Marikina silt loam", "SoilSeries": "Marikina", "hsg": "B", "slope_mean": 2.6406732996304831, "area_sqm": 5372.171, "site_id": 18, "land_avail": 1, "dist_drain": 1394, "gi_type sg": "urban_fores", "objectid": 28391, "gthcode": "8011374020070000", "globalid": "{8E39FAAD-B182-4A5E-8E84-F1919B43A7F8}", "st_area(shape)": 0.00015350276503494912, "reg_name": "National Capital Region (NCR)", "prov_name": "NCR, Second District", "city_name": "City of Marikina", "brgy_name": "Parang", "reg_code": "130000000", "prov_code": "137400000", "city_code": "137402000", "brgy_code": "137402007", "psgc_10d": "1380700007", "geographic_level": "Bgy", "old_names": "", "class": "Highly Urbanized Cities (HUC)", "income_class": "", "urban_rural2015": "U", "bgypop2015": 41661, "bgypop2020": 40240, "bgyarea_sqkm": 1.82952187, "gida": "No", "gida_yr": null, "st_perimeter(shape)": 0.064724510034946864, "created_user": null, "created_date": null, "last_edited_user": "ADMIN2", "last_edited_date": 1748789494000, "gi_type_x": "Bioswale", "flood_attenuation_score_x": 43.4092136128452, "site_cost_x": 29962927.105379999, "selected": 0, "gi_type_y": "Bioswale", "flood_attenuation_score_y": 43.4092136128452, "site_cost_y": 29962927.105379999, "selected_selection": null }, "geometry": { "type": "MultiPolygon", "coordinates": [ [ [ [ 121.118264001989431, 14.66529989738892 ], [ 121.118246700783658, 14.665324291512363 ], [ 121.118233660847309, 14.665348206827243 ], [ 121.118223594154273, 14.665374089218377 ], [ 121.118219412678854, 14.665388478747268 ], [ 121.118213827277387, 14.665414749877618 ], [ 121.11821040179484, 14.66544159157584 ], [ 121.11820894478754, 14.665480219278811 ], [ 121.118210640098738, 14.665510829390643 ], [ 121.118214346766877, 14.665537016712054 ], [ 121.118220371859749, 14.665562172683961 ], [ 121.118227480496785, 14.665582197064355 ], [ 121.118233059167835, 14.665594196663344 ], [ 121.118238919997964, 14.665604571849073 ], [ 121.118251130563038, 14.665621447408087 ], [ 121.118264123616683, 14.665635289185088 ], [ 121.118280182533269, 14.665649385333191 ], [ 121.118332706321368, 14.665688764648818 ], [ 121.118358386183345, 14.665710137741149 ], [ 121.118407543492296, 14.665757505790156 ], [ 121.118424560442207, 14.665775186616207 ], [ 121.118435097556358, 14.665787251665398 ], [ 121.118445527588818, 14.665800550330394 ], [ 121.118457861540136, 14.665818198658259 ], [ 121.118506177901565, 14.665894681395732 ], [ 121.118528991109258, 14.665927909774673 ], [ 121.118652275343919, 14.666089047366302 ], [ 121.118660197089326, 14.66610169853379 ], [ 121.118663754289813, 14.66610909447016 ], [ 121.118665294686878, 14.666114487698392 ], [ 121.118664405235677, 14.666117329026715 ], [ 121.119035700855633, 14.666120334852339 ], [ 121.119034768203946, 14.666114431423841 ], [ 121.119035856889852, 14.666101413994948 ], [ 121.11904054204679, 14.666084022747196 ], [ 121.119044191913204, 14.666075897108893 ], [ 121.119048200770067, 14.666069106461846 ], [ 121.119056503161573, 14.666058930887013 ], [ 121.119068137214683, 14.666049409462763 ], [ 121.119075363563837, 14.666045119248665 ], [ 121.11908332321633, 14.666041379010329 ], [ 121.119100481448399, 14.666035896748541 ], [ 121.119158760717795, 14.666027371024356 ], [ 121.119173652778073, 14.66602354049151 ], [ 121.119186500616493, 14.666018525803473 ], [ 121.119196821416338, 14.666012664659414 ], [ 121.119205014342072, 14.666006283822782 ], [ 121.119212900903008, 14.665998384061353 ], [ 121.11923294031503, 14.66597478018693 ], [ 121.119240441234524, 14.665967623384686 ], [ 121.119197571380596, 14.665967644160485 ], [ 121.119197531157823, 14.665888968834439 ], [ 121.11835316089423, 14.665208727548562 ], [ 121.118333516033871, 14.665224469973818 ], [ 121.118312638410671, 14.665243830336397 ], [ 121.118292006286396, 14.665266073747791 ], [ 121.118264001989431, 14.66529989738892 ] ] ] ] } },
{ "type": "Feature", "properties": { "subcatchme": 1, "class_id": 14.0, "class_name": "Grassland", "nrcs_class": "open_space_poor", "SOILDESC": "Marikina loam", "SoilSeries": "Marikina", "hsg": "B", "slope_mean": 2.247917699813843, "area_sqm": 10058.983, "site_id": 19, "land_avail": 1, "dist_drain": 1394, "gi_type sg": "urban_fores", "objectid": 28391, "gthcode": "8011374020070000", "globalid": "{8E39FAAD-B182-4A5E-8E84-F1919B43A7F8}", "st_area(shape)": 0.00015350276503494912, "reg_name": "National Capital Region (NCR)", "prov_name": "NCR, Second District", "city_name": "City of Marikina", "brgy_name": "Parang", "reg_code": "130000000", "prov_code": "137400000", "city_code": "137402000", "brgy_code": "137402007", "psgc_10d": "1380700007", "geographic_level": "Bgy", "old_names": "", "class": "Highly Urbanized Cities (HUC)", "income_class": "", "urban_rural2015": "U", "bgypop2015": 41661, "bgypop2020": 40240, "bgyarea_sqkm": 1.82952187, "gida": "No", "gida_yr": null, "st_perimeter(shape)": 0.064724510034946864, "created_user": null, "created_date": null, "last_edited_user": "ADMIN2", "last_edited_date": 1748789494000, "gi_type_x": "Bioswale", "flood_attenuation_score_x": 46.384415078190003, "site_cost_x": 56081499.282739997, "selected": 0, "gi_type_y": "Bioswale", "flood_attenuation_score_y": 46.384415078190003, "site_cost_y": 56081499.282739997, "selected_selection": null }, "geometry": { "type": "MultiPolygon", "coordinates": [ [ [ [ 121.11950920086494, 14.665762736367103 ], [ 121.119520102959726, 14.665758591559344 ], [ 121.119533520531476, 14.665751537241325 ], [ 121.119551004765057, 14.665740487039612 ], [ 121.119583450026767, 14.665717525752235 ], [ 121.119612181398111, 14.665695730934351 ], [ 121.119633602070493, 14.66567799611876 ], [ 121.11965073091234, 14.66566246960957 ], [ 121.119669704306219, 14.665643787768376 ], [ 121.119691587401576, 14.66562049156914 ], [ 121.119710176175275, 14.665599126172651 ], [ 121.119724413781412, 14.665580939201782 ], [ 121.119732415978035, 14.665569385703202 ], [ 121.11974166495294, 14.665553800848347 ], [ 121.119749996725758, 14.665535719721598 ], [ 121.11975456427227, 14.665522092404693 ], [ 121.119758659240674, 14.665501079663773 ], [ 121.119759426380824, 14.665487336646573 ], [ 121.119758031263231, 14.665460248044017 ], [ 121.11975372930344, 14.665436242917146 ], [ 121.11974656793879, 14.665412048369209 ], [ 121.119729171204014, 14.665365011672263 ], [ 121.119721064871342, 14.66534026905221 ], [ 121.119698609374197, 14.665259688645584 ], [ 121.119687854112371, 14.665224674578269 ], [ 121.119676685058877, 14.665195070456381 ], [ 121.119670588199313, 14.665181562898047 ], [ 121.119656118309138, 14.665155198117597 ], [ 121.119635427270524, 14.665125535021177 ], [ 121.119595726706393, 14.665075301220215 ], [ 121.119569498169255, 14.665046097588101 ], [ 121.119505438894379, 14.66498262053895 ], [ 121.119480643842849, 14.664960137729414 ], [ 121.11945642815499, 14.664940578627428 ], [ 121.119425375955373, 14.6649169498675 ], [ 121.119404981150041, 14.664902392150854 ], [ 121.119390371552882, 14.664893046923302 ], [ 121.119369931743563, 14.664881912137691 ], [ 121.119349968816621, 14.664872982675917 ], [ 121.119327737936274, 14.664864719879485 ], [ 121.119299250271098, 14.664855920243172 ], [ 121.11914155559711, 14.664816356906512 ], [ 121.119119064263543, 14.66481315824692 ], [ 121.119100403957347, 14.664813336170088 ], [ 121.119081290255238, 14.664816602957345 ], [ 121.119064889791986, 14.664822064250407 ], [ 121.119055768028289, 14.6648261222344 ], [ 121.119036888731387, 14.664836289925553 ], [ 121.118992959633374, 14.664864354592202 ], [ 121.118967990367381, 14.664882930009295 ], [ 121.118915604268125, 14.664925580952842 ], [ 121.118845288393047, 14.664978844642713 ], [ 121.118822248179143, 14.664994368426061 ], [ 121.118800139330361, 14.665007033141896 ], [ 121.118780310080325, 14.665017015989555 ], [ 121.118706924196744, 14.665050616911456 ], [ 121.11865401039465, 14.665077224266184 ], [ 121.118628455206633, 14.665088749485248 ], [ 121.118609397846654, 14.6650960671654 ], [ 121.118587575924948, 14.665103394995608 ], [ 121.118525320831779, 14.665121393752589 ], [ 121.118471462195345, 14.665138197072606 ], [ 121.118450203782942, 14.665146498240624 ], [ 121.118431842578815, 14.665155018068514 ], [ 121.118416914675052, 14.665163159019283 ], [ 121.118400519174386, 14.66517346786161 ], [ 121.118364547090508, 14.665199603210695 ], [ 121.118353160894287, 14.66520872754856 ], [ 121.119197531157823, 14.665888968834386 ], [ 121.119197430222599, 14.665691538459967 ], [ 121.1194810456402, 14.665691400868589 ], [ 121.119481081945167, 14.665762235771274 ], [ 121.119490956160959, 14.665761741030362 ], [ 121.119502906977573, 14.665762627595619 ], [ 121.119504696576968, 14.665763516880583 ], [ 121.11950920086494, 14.665762736367103 ] ] ] ] } },
{ "type": "Feature", "properties": { "subcatchme": 1, "class_id": 10.0, "class_name": "Brush/Shrubs", "nrcs_class": "open_space_good", "SOILDESC": "Marikina loam", "SoilSeries": "Marikina", "hsg": "B", "slope_mean": 2.8639277669848231, "area_sqm": 93747.876, "site_id": 22, "land_avail": 1, "dist_drain": 1361, "gi_type sg": "urban_fores", "objectid": 28391, "gthcode": "8011374020070000", "globalid": "{8E39FAAD-B182-4A5E-8E84-F1919B43A7F8}", "st_area(shape)": 0.00015350276503494912, "reg_name": "National Capital Region (NCR)", "prov_name": "NCR, Second District", "city_name": "City of Marikina", "brgy_name": "Parang", "reg_code": "130000000", "prov_code": "137400000", "city_code": "137402000", "brgy_code": "137402007", "psgc_10d": "1380700007", "geographic_level": "Bgy", "old_names": "", "class": "Highly Urbanized Cities (HUC)", "income_class": "", "urban_rural2015": "U", "bgypop2015": 41661, "bgypop2020": 40240, "bgyarea_sqkm": 1.82952187, "gida": "No", "gida_yr": null, "st_perimeter(shape)": 0.064724510034946864, "created_user": null, "created_date": null, "last_edited_user": "ADMIN2", "last_edited_date": 1748789494000, "gi_type_x": "Bioswale", "flood_attenuation_score_x": 89.421135734908901, "site_cost_x": 522461288.41527998, "selected": 0, "gi_type_y": "Bioswale", "flood_attenuation_score_y": 89.421135734908901, "site_cost_y": 522461288.41527998, "selected_selection": null }, "geometry": { "type": "MultiPolygon", "coordinates": [ [ [ [ 121.120998486817129, 14.666859192620576 ], [ 121.121008781155183, 14.666850122967038 ], [ 121.121067863573614, 14.666798081812802 ], [ 121.121089388455957, 14.666779124065741 ], [ 121.121108463089328, 14.666756518961678 ], [ 121.121173152661953, 14.666679860529928 ], [ 121.12125973202177, 14.666577261483647 ], [ 121.12132148340865, 14.666504083877458 ], [ 121.121326352624251, 14.666500354722471 ], [ 121.121508352991498, 14.666361008076679 ], [ 121.121668477739746, 14.666238409350603 ], [ 121.121761973534518, 14.66616682570962 ], [ 121.121882168922227, 14.666113993177351 ], [ 121.122223875629032, 14.665963796029548 ], [ 121.122333013173204, 14.665915826283094 ], [ 121.12245352526584, 14.665888535196014 ], [ 121.122600902087612, 14.665855161353457 ], [ 121.122600815026885, 14.665689864523555 ], [ 121.122884430406629, 14.665689722779454 ], [ 121.122884284630658, 14.665413617110008 ], [ 121.123167899651747, 14.665413475022799 ], [ 121.123168045783231, 14.665689580689312 ], [ 121.123451661156565, 14.665689438253104 ], [ 121.123451607350432, 14.665588022509921 ], [ 121.123176554797425, 14.66527082443357 ], [ 121.122962931748788, 14.663860340117608 ], [ 121.122978190536713, 14.662776966092849 ], [ 121.123006807205286, 14.662716491023559 ], [ 121.122847998213274, 14.662716045560179 ], [ 121.122480074420736, 14.662713809333312 ], [ 121.121973891349057, 14.662709370915005 ], [ 121.121507892064699, 14.662703647550773 ], [ 121.121367180670546, 14.662703025352076 ], [ 121.12127539408111, 14.66270477408732 ], [ 121.121212257053145, 14.66270840277026 ], [ 121.121182300501715, 14.662711415820086 ], [ 121.121143944788059, 14.662717366749563 ], [ 121.121109768124299, 14.662726160226324 ], [ 121.121088083030415, 14.662735112520263 ], [ 121.121079247928321, 14.662740185084949 ], [ 121.121072092452508, 14.6627453254511 ], [ 121.121064057416831, 14.662752915024541 ], [ 121.121059169598325, 14.662759161804658 ], [ 121.121053034005612, 14.662770867826573 ], [ 121.121050440978266, 14.662779719612434 ], [ 121.121049325142579, 14.662793653224368 ], [ 121.121051632290389, 14.66280743376441 ], [ 121.121054936459331, 14.662815986195776 ], [ 121.121059325587851, 14.662823584029979 ], [ 121.121064262300422, 14.662829888545271 ], [ 121.121072366595712, 14.662837577866995 ], [ 121.121079585862162, 14.662842807330463 ], [ 121.121088494081633, 14.662847990801909 ], [ 121.121110356378594, 14.662857226456467 ], [ 121.121130671860612, 14.662863230544511 ], [ 121.121152735685726, 14.662868102844069 ], [ 121.121192784913873, 14.662874308024113 ], [ 121.121233759326699, 14.662878592132087 ], [ 121.121406388908142, 14.662890347816829 ], [ 121.121448796800976, 14.662894392239295 ], [ 121.121499659846194, 14.662901669830269 ], [ 121.121527982275467, 14.662907624731933 ], [ 121.121554794830118, 14.662915268233508 ], [ 121.121569126742472, 14.662920490101312 ], [ 121.121588474121054, 14.662929314979422 ], [ 121.121599271855985, 14.662935428271764 ], [ 121.121612071010802, 14.66294415142384 ], [ 121.121625007503468, 14.662954948825572 ], [ 121.121638666623411, 14.662968636750355 ], [ 121.121684996649094, 14.663023946688982 ], [ 121.121698894764251, 14.66303856556967 ], [ 121.121711308757554, 14.6630500021956 ], [ 121.1217294346024, 14.66306480525984 ], [ 121.121752567032317, 14.663081532142153 ], [ 121.121774177244234, 14.663093883546537 ], [ 121.12178568539494, 14.6630985511937 ], [ 121.12179400583166, 14.66310103679649 ], [ 121.121812957311903, 14.663104146930076 ], [ 121.12182217965254, 14.663104501611897 ], [ 121.121834687810576, 14.663103915862946 ], [ 121.121848913115926, 14.663102046243502 ], [ 121.121907136494301, 14.663090616519405 ], [ 121.121936342254287, 14.663086171238863 ], [ 121.12198130603548, 14.66308115019115 ], [ 121.122011295966729, 14.663078692198306 ], [ 121.122097654857171, 14.663074349026347 ], [ 121.122183814789949, 14.663073308226084 ], [ 121.122259669841782, 14.66307552429862 ], [ 121.122291986914306, 14.663077759126949 ], [ 121.122323504279251, 14.663081026771646 ], [ 121.122354153521528, 14.663085621294165 ], [ 121.122383309012108, 14.663091864788358 ], [ 121.122410516955838, 14.663100176531284 ], [ 121.122424048612274, 14.663105628660221 ], [ 121.122436207608786, 14.663111592051436 ], [ 121.122454852445713, 14.6631235615666 ], [ 121.122465728226743, 14.663132829446871 ], [ 121.122473392891834, 14.66314069953417 ], [ 121.122487956156348, 14.663159406769088 ], [ 121.122503175752442, 14.663185190036231 ], [ 121.122510641081178, 14.66320021961541 ], [ 121.122523015716695, 14.663227933749067 ], [ 121.12253024079962, 14.66324827889486 ], [ 121.122532512999058, 14.663259418468733 ], [ 121.122533015064619, 14.663269236959247 ], [ 121.122531576011738, 14.6632801513486 ], [ 121.122529257995581, 14.663287456396494 ], [ 121.12252605377401, 14.663294071070542 ], [ 121.122520125220518, 14.663302512754406 ], [ 121.122510932246854, 14.663311562480757 ], [ 121.122502623121648, 14.663317767196117 ], [ 121.122492878760781, 14.663323765112457 ], [ 121.122476247926215, 14.663332205287203 ], [ 121.122398748490639, 14.663364434956566 ], [ 121.12236842653742, 14.663379920194162 ], [ 121.12235431893032, 14.663388780189853 ], [ 121.122340303929363, 14.663398973020692 ], [ 121.122325029793302, 14.663411604767552 ], [ 121.122303821247812, 14.663431076745384 ], [ 121.122291965943049, 14.663442736593442 ], [ 121.122272024682374, 14.663464693200455 ], [ 121.122262526079865, 14.66347703361275 ], [ 121.122252160192247, 14.663492671029042 ], [ 121.122234589238602, 14.663525363131518 ], [ 121.122207074784683, 14.66358730070576 ], [ 121.122189004813308, 14.663623972382425 ], [ 121.12217414139036, 14.66364765996822 ], [ 121.122160358014696, 14.66366487116268 ], [ 121.122148227200299, 14.663677268020301 ], [ 121.1221383713237, 14.663686108130518 ], [ 121.12212756752254, 14.663694964077566 ], [ 121.122066985001524, 14.663740604190536 ], [ 121.122051149198711, 14.663754107987481 ], [ 121.122029536551508, 14.663774478583603 ], [ 121.121974951958862, 14.663829016390133 ], [ 121.121957582172982, 14.663849211600294 ], [ 121.121921215540965, 14.663894689479287 ], [ 121.121904809164377, 14.663911418558707 ], [ 121.121893428125276, 14.663920362007399 ], [ 121.121878986110943, 14.663928588466849 ], [ 121.121865172096136, 14.66393371119354 ], [ 121.121849611038598, 14.663936873181475 ], [ 121.121828028423238, 14.663937278950844 ], [ 121.121817472979373, 14.663935839868978 ], [ 121.121807477258074, 14.663933425674516 ], [ 121.121798424502884, 14.663930270817866 ], [ 121.121783738623975, 14.66392289704307 ], [ 121.121772059944277, 14.663914817363045 ], [ 121.121763601874505, 14.663907784917839 ], [ 121.121715603070427, 14.663860257002183 ], [ 121.121703384008399, 14.663849687714038 ], [ 121.12169135172519, 14.66384062011489 ], [ 121.121675622464636, 14.663830414671365 ], [ 121.121657139649741, 14.663820018879536 ], [ 121.121594874377422, 14.663789092702325 ], [ 121.121571226793421, 14.663775945799129 ], [ 121.12154805341801, 14.663759986726479 ], [ 121.12153831428536, 14.663751651596423 ], [ 121.121530345021881, 14.663743688645654 ], [ 121.121520439824735, 14.663731749933712 ], [ 121.121513556261604, 14.663721657549971 ], [ 121.121506789169814, 14.663709881568225 ], [ 121.121497577487247, 14.663690096917749 ], [ 121.121486363337453, 14.663658572989513 ], [ 121.121458634413401, 14.663559288190775 ], [ 121.121447188007394, 14.663528004582044 ], [ 121.121437730053742, 14.663508470982114 ], [ 121.121427185495364, 14.663491717487197 ], [ 121.121413565735196, 14.663475589815121 ], [ 121.121401214574973, 14.663464513362223 ], [ 121.121390960921346, 14.663456971152346 ], [ 121.121373433462466, 14.663446346289557 ], [ 121.121349730069596, 14.663434850923005 ], [ 121.12132462992335, 14.663424732381696 ], [ 121.121240100462927, 14.663394370820162 ], [ 121.121172079673713, 14.663366852049528 ], [ 121.121151452925758, 14.663360332129267 ], [ 121.121132669622853, 14.66335578818838 ], [ 121.121104547459225, 14.663351163324757 ], [ 121.121081552906148, 14.663349074186494 ], [ 121.121058367458119, 14.663348360775913 ], [ 121.121027281899728, 14.663349537341075 ], [ 121.12099655355162, 14.66335323817602 ], [ 121.12098194659842, 14.663355990303033 ], [ 121.120956101575857, 14.663362678556698 ], [ 121.120934756811337, 14.663370140630171 ], [ 121.120870823103431, 14.663397492702609 ], [ 121.120807941881452, 14.66342203726648 ], [ 121.120773322877881, 14.663436421144986 ], [ 121.120746202155459, 14.663449444997337 ], [ 121.120698953016472, 14.663474900360118 ], [ 121.120677182768034, 14.663485771422954 ], [ 121.120604606186362, 14.663517631782817 ], [ 121.120577475830686, 14.663530368151548 ], [ 121.120547403724743, 14.663546910702435 ], [ 121.120443385184529, 14.663610284382939 ], [ 121.120428305237709, 14.66362135954428 ], [ 121.120416087733091, 14.663632483158802 ], [ 121.120405175982739, 14.663645932669361 ], [ 121.120398496824748, 14.66365790900203 ], [ 121.120393321423478, 14.663672614085408 ], [ 121.120391295133174, 14.663683254390515 ], [ 121.120390684776382, 14.663699626709118 ], [ 121.12039295657668, 14.66371558674345 ], [ 121.120397617967768, 14.663729896025217 ], [ 121.120403412742931, 14.663741275568468 ], [ 121.120410853376399, 14.663752003283092 ], [ 121.120421552379028, 14.663764029790794 ], [ 121.120430145174126, 14.663772238208189 ], [ 121.120485805118392, 14.663819627689048 ], [ 121.120504078924981, 14.663838191527443 ], [ 121.12054425132925, 14.663883176557636 ], [ 121.12055852869652, 14.663897187654056 ], [ 121.120576691317609, 14.663911920613609 ], [ 121.120590018482929, 14.663920557720942 ], [ 121.120601283160369, 14.663926671222816 ], [ 121.120614317940849, 14.663932694206908 ], [ 121.120614597240873, 14.663932799442083 ], [ 121.120614506819763, 14.66375810705666 ], [ 121.121181732644345, 14.663757828107693 ], [ 121.121181876268579, 14.664033933833712 ], [ 121.121465489531531, 14.664033793837309 ], [ 121.121465777500347, 14.664586005264036 ], [ 121.121182163526527, 14.664586145266233 ], [ 121.121182019895969, 14.664310039553232 ], [ 121.121176742112553, 14.664310042155217 ], [ 121.1211746435837, 14.664326389416662 ], [ 121.121169104908631, 14.664354410647007 ], [ 121.121164120579579, 14.664373272611826 ], [ 121.121155634641383, 14.664398781161815 ], [ 121.121132572293973, 14.664460234008745 ], [ 121.121124405517278, 14.664488264715466 ], [ 121.121117024597964, 14.664520587227539 ], [ 121.121110956628243, 14.664554393421961 ], [ 121.121105913445149, 14.664588858581572 ], [ 121.121091867433961, 14.664701585620215 ], [ 121.121087303168252, 14.664732468679508 ], [ 121.121081841109458, 14.664762713681364 ], [ 121.121075083439251, 14.664792053522202 ], [ 121.121071135260522, 14.6648061052116 ], [ 121.121060314398335, 14.664836644876932 ], [ 121.121049055649934, 14.664860623590565 ], [ 121.121008096035212, 14.664931274389259 ], [ 121.120989685355269, 14.664960402519444 ], [ 121.120973397874849, 14.664981566138703 ], [ 121.120964939833371, 14.664990524128328 ], [ 121.120956710109525, 14.664997963902589 ], [ 121.120945215919562, 14.665006449095058 ], [ 121.1209361787256, 14.665011803777722 ], [ 121.12092534560837, 14.665017010187197 ], [ 121.120913128892582, 14.665021614373767 ], [ 121.120899953966273, 14.665025372157025 ], [ 121.120875407601744, 14.665029755543223 ], [ 121.120849872451558, 14.665031436030917 ], [ 121.120827603591053, 14.66503087820014 ], [ 121.120805214428827, 14.665028535446496 ], [ 121.120783556006003, 14.66502454117318 ], [ 121.120763855647311, 14.665019317402834 ], [ 121.120743071982702, 14.665012024383506 ], [ 121.120660562552757, 14.664975399828922 ], [ 121.120581139094867, 14.664944943709601 ], [ 121.120514389967468, 14.664918157967847 ], [ 121.12049652373247, 14.664913176748396 ], [ 121.120474424345801, 14.664909948852964 ], [ 121.12046233313788, 14.664909635974233 ], [ 121.120450169371026, 14.664910428664019 ], [ 121.12043826482855, 14.664912391058854 ], [ 121.120426918417408, 14.664915523768938 ], [ 121.120416455883316, 14.664919728212121 ], [ 121.120407265778013, 14.664924725569882 ], [ 121.120399680907241, 14.66493002510181 ], [ 121.120386604415557, 14.664942589520674 ], [ 121.120379773686437, 14.664951435935013 ], [ 121.120373209214137, 14.664961824445312 ], [ 121.120367143403598, 14.664973390020046 ], [ 121.120354686336569, 14.66500419836742 ], [ 121.12033157565611, 14.665078608408038 ], [ 121.120331606723923, 14.665138774620409 ], [ 121.120308079178713, 14.66513878613325 ], [ 121.120301434648695, 14.665150033256422 ], [ 121.120291548061942, 14.665162455377718 ], [ 121.120282210043015, 14.665171077265668 ], [ 121.120270732104018, 14.665178633525873 ], [ 121.120256290318068, 14.665184750582121 ], [ 121.12024565724353, 14.665187399234227 ], [ 121.120234632374434, 14.665188748779071 ], [ 121.120218039903406, 14.665188318139863 ], [ 121.120207454119779, 14.665186513630292 ], [ 121.120193418392347, 14.665182143561198 ], [ 121.120181915112781, 14.665176680591477 ], [ 121.120173662927357, 14.66517163071347 ], [ 121.120156513770326, 14.665158223540374 ], [ 121.120136990823568, 14.665138869781078 ], [ 121.120047992026613, 14.66513891324422 ], [ 121.12004784981157, 14.664862807532732 ], [ 121.120117599608093, 14.664862773473507 ], [ 121.120124623459887, 14.664843309426585 ], [ 121.120133365739306, 14.664815082800468 ], [ 121.120141571791308, 14.664778116458425 ], [ 121.12014565437471, 14.664750390755991 ], [ 121.120148188703496, 14.664722430213567 ], [ 121.12014913350913, 14.664682646972743 ], [ 121.120147495375733, 14.664651395663808 ], [ 121.120143443828752, 14.664621104467036 ], [ 121.120136577639016, 14.664592341289184 ], [ 121.120132044158751, 14.664579034361758 ], [ 121.120124217015004, 14.664561384614419 ], [ 121.120113584674868, 14.664543721212141 ], [ 121.120103486231727, 14.664530719912042 ], [ 121.120085656138897, 14.664512156014929 ], [ 121.120045250094165, 14.664476273111145 ], [ 121.120025125318534, 14.664456723664806 ], [ 121.120005632568166, 14.664434146438868 ], [ 121.119961209905512, 14.664377154425035 ], [ 121.119948114992752, 14.664362950425332 ], [ 121.119932548754818, 14.664348661364187 ], [ 121.119906683823899, 14.664329499258796 ], [ 121.119835879490012, 14.664285721296878 ], [ 121.119773918780339, 14.664242302250146 ], [ 121.119736385931077, 14.664219139841833 ], [ 121.119710805648211, 14.664204805896059 ], [ 121.119686773345492, 14.664193674610772 ], [ 121.119669889640946, 14.664188330759591 ], [ 121.119650137919379, 14.66418500430594 ], [ 121.119635257587404, 14.664184432046433 ], [ 121.119617438563438, 14.6641856741787 ], [ 121.119539637140477, 14.664199598193113 ], [ 121.119483114138518, 14.664206341681787 ], [ 121.119413107446235, 14.664211586120938 ], [ 121.119300762309095, 14.664218439952901 ], [ 121.119264100787746, 14.664221524989308 ], [ 121.119228620585432, 14.664225635363337 ], [ 121.119200143834703, 14.664230243427346 ], [ 121.119173355410638, 14.664236293031905 ], [ 121.119148780700698, 14.664244222216041 ], [ 121.11913106575993, 14.664252299095597 ], [ 121.119120986793021, 14.664258332103415 ], [ 121.11911267770266, 14.66426451860827 ], [ 121.119103149147207, 14.664273711865828 ], [ 121.119097072575741, 14.664281423846555 ], [ 121.11908878138621, 14.664296166931676 ], [ 121.11908454043396, 14.664307530344439 ], [ 121.119081574035704, 14.664319654161776 ], [ 121.119080008199774, 14.664331044648026 ], [ 121.119079480561012, 14.664342501375208 ], [ 121.119079900315967, 14.664353678386741 ], [ 121.119081870995686, 14.664368907586541 ], [ 121.119084732513926, 14.664381783475587 ], [ 121.119088983654862, 14.664396076802531 ], [ 121.119107063385712, 14.664446705022627 ], [ 121.11913288746463, 14.664527386827162 ], [ 121.119141624266661, 14.664551774880147 ], [ 121.119151578708824, 14.664575326904378 ], [ 121.119158259872762, 14.664588672915828 ], [ 121.119165441939117, 14.664601084918052 ], [ 121.119176530420773, 14.664616959063517 ], [ 121.119186681970035, 14.664628735381521 ], [ 121.119198476777143, 14.664640056870658 ], [ 121.119208133456013, 14.664648038974205 ], [ 121.119224459939048, 14.664659827309626 ], [ 121.1192916442089, 14.66470074028131 ], [ 121.119349492811679, 14.664737172946294 ], [ 121.119375073255526, 14.664751165330031 ], [ 121.119452005674461, 14.664789791205061 ], [ 121.119472853929693, 14.66480212220095 ], [ 121.11949071606962, 14.664814210330686 ], [ 121.119548387671571, 14.66485876959427 ], [ 121.119578695929292, 14.664883747901307 ], [ 121.119661224721284, 14.664960588596205 ], [ 121.119689003059378, 14.664988432908501 ], [ 121.119750261656378, 14.665053656739929 ], [ 121.119771523986245, 14.665078491344861 ], [ 121.119812795800598, 14.665133992072187 ], [ 121.11982640141801, 14.665154490119303 ], [ 121.119834485307507, 14.665168378854816 ], [ 121.119847345310276, 14.665195641553099 ], [ 121.119857202400851, 14.665223105885753 ], [ 121.119870612955168, 14.665272761844616 ], [ 121.119887326416674, 14.665342642710844 ], [ 121.119896157801691, 14.665372166459919 ], [ 121.119907135814984, 14.66539979530079 ], [ 121.119913595087411, 14.665412391220482 ], [ 121.119920591393424, 14.665423735311425 ], [ 121.119927740540831, 14.665433378026714 ], [ 121.1199379492855, 14.665444552903635 ], [ 121.119945960476386, 14.665451735431921 ], [ 121.119955749897031, 14.665459181773874 ], [ 121.119966970700858, 14.665466417380276 ], [ 121.119979235095798, 14.66547319691615 ], [ 121.120012764182178, 14.665488121122763 ], [ 121.120048178661179, 14.665501248709869 ], [ 121.120048134244783, 14.665415018949208 ], [ 121.120331749297549, 14.665414880322508 ], [ 121.120331883560141, 14.665674885464387 ], [ 121.120335189272652, 14.665679430168368 ], [ 121.120342312205125, 14.665690980918123 ], [ 121.120615507279453, 14.665690847042493 ], [ 121.120615650214802, 14.665966952728702 ], [ 121.120468953628901, 14.665967024656736 ], [ 121.120469124631612, 14.665972144657713 ], [ 121.12046758249997, 14.665983591381034 ], [ 121.120463698056994, 14.66599473538982 ], [ 121.12045605273336, 14.66600667859541 ], [ 121.120450361713083, 14.666012721843071 ], [ 121.120442858743644, 14.666018970942655 ], [ 121.120428654418774, 14.666027931226749 ], [ 121.120411801029505, 14.666035984434583 ], [ 121.120379947491102, 14.666047699287878 ], [ 121.120303949011813, 14.666071640468775 ], [ 121.120239861865542, 14.666095874991386 ], [ 121.120218060327687, 14.666103199519453 ], [ 121.120194945837881, 14.666109148803669 ], [ 121.120174333813694, 14.666112951204498 ], [ 121.120136546016354, 14.666116788167329 ], [ 121.120113099689021, 14.666117350382892 ], [ 121.120085564954479, 14.666116299814153 ], [ 121.12005831856392, 14.666113333876988 ], [ 121.120036062565902, 14.666109300347905 ], [ 121.120010158444259, 14.666102426726422 ], [ 121.119988869249127, 14.666094753593271 ], [ 121.119925599276044, 14.666066432363291 ], [ 121.119849512646695, 14.666034801011376 ], [ 121.119823678741554, 14.666022858059211 ], [ 121.11978844226249, 14.666003497188433 ], [ 121.119657840583443, 14.665923433427814 ], [ 121.119633508607251, 14.665907152093876 ], [ 121.119606002415054, 14.665886563237882 ], [ 121.119585735133313, 14.665869235747985 ], [ 121.119560037652008, 14.665844254976744 ], [ 121.119532152747979, 14.665813987804031 ], [ 121.119514723581133, 14.665792278536671 ], [ 121.119508407597863, 14.665782581098966 ], [ 121.119503037472725, 14.665771371255591 ], [ 121.11950175636899, 14.665765723472148 ], [ 121.119502906977573, 14.665762627595619 ], [ 121.119490956160959, 14.665761741030362 ], [ 121.119481081945167, 14.665762235771274 ], [ 121.119481187153696, 14.665967506566258 ], [ 121.119295131031052, 14.665967596869155 ], [ 121.119567851182737, 14.666187305448343 ], [ 121.120277384875308, 14.666820545196106 ], [ 121.120419168146285, 14.667019716933876 ], [ 121.120419522697375, 14.66700789877884 ], [ 121.12042198628933, 14.666985510015282 ], [ 121.120424848273515, 14.666969629465587 ], [ 121.120428844541777, 14.666953217665389 ], [ 121.120433887366843, 14.666937199316317 ], [ 121.120442566859595, 14.666916120621559 ], [ 121.120456109502314, 14.666891699536231 ], [ 121.120474980269762, 14.666865362278877 ], [ 121.120489018402182, 14.666848362949702 ], [ 121.120511619244724, 14.666823313841407 ], [ 121.120527022267368, 14.666808456526168 ], [ 121.120545376674755, 14.666794543071205 ], [ 121.120561160382877, 14.666785223226713 ], [ 121.120574167525575, 14.666778731262655 ], [ 121.120633758419274, 14.666753375833931 ], [ 121.120647896676715, 14.666746614667451 ], [ 121.12067133403886, 14.666732861603617 ], [ 121.120690177210051, 14.666718238147968 ], [ 121.120705382610637, 14.666704127502278 ], [ 121.120739011364677, 14.666670849699118 ], [ 121.120756005134652, 14.666652986798761 ], [ 121.120766109822497, 14.666640685718814 ], [ 121.120775558716275, 14.66662701832889 ], [ 121.120782114889934, 14.666615975449925 ], [ 121.120809245375, 14.666562692699264 ], [ 121.120815150641079, 14.666553191727367 ], [ 121.120821053652335, 14.666545586746345 ], [ 121.120826684034199, 14.666540123189522 ], [ 121.120834730841452, 14.666535089464492 ], [ 121.120844262026409, 14.66653277348796 ], [ 121.12085084364594, 14.666533325568963 ], [ 121.12085680163888, 14.666535486654462 ], [ 121.120864194396248, 14.666540957929156 ], [ 121.12086909750046, 14.666546965762684 ], [ 121.120873811153871, 14.666555375965387 ], [ 121.120879779887616, 14.666571944277973 ], [ 121.120882884932058, 14.666585015523443 ], [ 121.120886657466599, 14.666609179031935 ], [ 121.120889095543887, 14.666635574787408 ], [ 121.120890568786763, 14.666663531602149 ], [ 121.120891644393183, 14.6667358037421 ], [ 121.120890514261163, 14.666809825724599 ], [ 121.120888577660892, 14.666858907487025 ], [ 121.120886805448876, 14.666884372700723 ], [ 121.12064017502253, 14.667035954776168 ], [ 121.120614956437322, 14.667034778395385 ], [ 121.120430216071128, 14.667035236637826 ], [ 121.120572191642054, 14.66723467851121 ], [ 121.120607545268825, 14.667203539167133 ], [ 121.120713570707551, 14.667110147542065 ], [ 121.120869773160067, 14.666972564771836 ], [ 121.120998486817129, 14.666859192620576 ] ], [ [ 121.120899122681408, 14.665690707720833 ], [ 121.121182738080194, 14.665690568053103 ], [ 121.12118288172654, 14.665966673733527 ], [ 121.120899265972241, 14.66596681340415 ], [ 121.120899122681408, 14.665690707720833 ] ], [ [ 121.12061522141812, 14.665138635650546 ], [ 121.120898836109134, 14.665138496334647 ], [ 121.120898979393658, 14.665414602030994 ], [ 121.120615364347188, 14.665414741349775 ], [ 121.12061522141812, 14.665138635650546 ] ], [ [ 121.121749680163362, 14.665138076310663 ], [ 121.122033294841771, 14.665137935610566 ], [ 121.122033439548147, 14.665414041295323 ], [ 121.121749824514296, 14.665414181998321 ], [ 121.121749680163362, 14.665138076310663 ] ], [ [ 121.121466065481812, 14.665138216664696 ], [ 121.121465921489474, 14.664862110967624 ], [ 121.121749535815596, 14.664861970616492 ], [ 121.121749680163362, 14.665138076310663 ], [ 121.121466065481812, 14.665138216664696 ] ], [ [ 121.122316764458319, 14.664861688876098 ], [ 121.122600378774905, 14.664861547486842 ], [ 121.122600524189025, 14.665137653172257 ], [ 121.122316909516982, 14.665137794564426 ], [ 121.122316764458319, 14.664861688876098 ] ] ] ] } },
{ "type": "Feature", "properties": { "subcatchme": 4, "class_id": 10.0, "class_name": "Brush/Shrubs", "nrcs_class": "open_space_good", "SOILDESC": "Marikina silt loam", "SoilSeries": "Marikina", "hsg": "B", "slope_mean": 1.3437473773956301, "area_sqm": 4624.419, "site_id": 70, "land_avail": 1, "dist_drain": 1311, "gi_type sg": "urban_fores", "objectid": 28391, "gthcode": "8011374020070000", "globalid": "{8E39FAAD-B182-4A5E-8E84-F1919B43A7F8}", "st_area(shape)": 0.00015350276503494912, "reg_name": "National Capital Region (NCR)", "prov_name": "NCR, Second District", "city_name": "City of Marikina", "brgy_name": "Parang", "reg_code": "130000000", "prov_code": "137400000", "city_code": "137402000", "brgy_code": "137402007", "psgc_10d": "1380700007", "geographic_level": "Bgy", "old_names": "", "class": "Highly Urbanized Cities (HUC)", "income_class": "", "urban_rural2015": "U", "bgypop2015": 41661, "bgypop2020": 40240, "bgyarea_sqkm": 1.82952187, "gida": "No", "gida_yr": null, "st_perimeter(shape)": 0.064724510034946864, "created_user": null, "created_date": null, "last_edited_user": "ADMIN2", "last_edited_date": 1748789494000, "gi_type_x": "Bioswale", "flood_attenuation_score_x": 42.436854713408898, "site_cost_x": 25795869.714820001, "selected": 0, "gi_type_y": "Bioswale", "flood_attenuation_score_y": 42.436854713408898, "site_cost_y": 25795869.714820001, "selected_selection": null }, "geometry": { "type": "MultiPolygon", "coordinates": [ [ [ [ 121.117225377810826, 14.665936133963653 ], [ 121.117126977071777, 14.665800608180163 ], [ 121.11710757576985, 14.665768338166252 ], [ 121.117072393260472, 14.665702638172348 ], [ 121.117062369405375, 14.665685816428642 ], [ 121.117050479909551, 14.66566788064304 ], [ 121.116987084564144, 14.665582959437282 ], [ 121.116938345913255, 14.665521521780663 ], [ 121.116909269580574, 14.665480606083326 ], [ 121.116887536749772, 14.665451774798109 ], [ 121.116878106877266, 14.665441050746296 ], [ 121.116864198833895, 14.665427619006479 ], [ 121.116851563498003, 14.665417769083302 ], [ 121.11683604072087, 14.665408186758286 ], [ 121.116816614458642, 14.665399037311294 ], [ 121.116802290446728, 14.66539375917888 ], [ 121.116767837505449, 14.665384645199461 ], [ 121.116731526844347, 14.665378919571152 ], [ 121.116702738860653, 14.66537648118619 ], [ 121.116673713511304, 14.665375638651769 ], [ 121.116640698671731, 14.665376601947777 ], [ 121.116608392031836, 14.665379747137646 ], [ 121.116573427172085, 14.665386315760443 ], [ 121.116541119305538, 14.665396768413899 ], [ 121.116528175677388, 14.665402779883957 ], [ 121.116516578675089, 14.665409481865591 ], [ 121.116506781134845, 14.665416460510563 ], [ 121.116491767557989, 14.665430594106594 ], [ 121.11648421676486, 14.665439929789342 ], [ 121.116476808561657, 14.665451045149185 ], [ 121.11646678220815, 14.665470124560555 ], [ 121.116455761163763, 14.665498377707628 ], [ 121.116446809259941, 14.665528588816631 ], [ 121.116421895830882, 14.665631561013516 ], [ 121.116412803072762, 14.665662067398365 ], [ 121.116407864650697, 14.665676053107953 ], [ 121.116400593691921, 14.665693913137329 ], [ 121.116391240431838, 14.665713415517887 ], [ 121.116331581581179, 14.665824418470571 ], [ 121.116313478552257, 14.665853423931354 ], [ 121.116296844771597, 14.665874535555648 ], [ 121.116275916949007, 14.66589561417625 ], [ 121.116230453040629, 14.665936354045082 ], [ 121.116213978896837, 14.665954103309176 ], [ 121.116201940028091, 14.665970458842537 ], [ 121.116200939891144, 14.665972243390861 ], [ 121.117248405362488, 14.665972241878825 ], [ 121.117240554319849, 14.665958754152056 ], [ 121.117225377810826, 14.665936133963653 ] ] ] ] } },
{ "type": "Feature", "properties": { "subcatchme": 4, "class_id": 10.0, "class_name": "Brush/Shrubs", "nrcs_class": "open_space_good", "SOILDESC": "Marikina loam", "SoilSeries": "Marikina", "hsg": "B", "slope_mean": 3.263995443071638, "area_sqm": 5872.761, "site_id": 76, "land_avail": 1, "dist_drain": 889, "gi_type sg": "urban_fores", "objectid": 28391, "gthcode": "8011374020070000", "globalid": "{8E39FAAD-B182-4A5E-8E84-F1919B43A7F8}", "st_area(shape)": 0.00015350276503494912, "reg_name": "National Capital Region (NCR)", "prov_name": "NCR, Second District", "city_name": "City of Marikina", "brgy_name": "Parang", "reg_code": "130000000", "prov_code": "137400000", "city_code": "137402000", "brgy_code": "137402007", "psgc_10d": "1380700007", "geographic_level": "Bgy", "old_names": "", "class": "Highly Urbanized Cities (HUC)", "income_class": "", "urban_rural2015": "U", "bgypop2015": 41661, "bgypop2020": 40240, "bgyarea_sqkm": 1.82952187, "gida": "No", "gida_yr": null, "st_perimeter(shape)": 0.064724510034946864, "created_user": null, "created_date": null, "last_edited_user": "ADMIN2", "last_edited_date": 1748789494000, "gi_type_x": "Bioswale", "flood_attenuation_score_x": 43.094958127630598, "site_cost_x": 32752605.04558, "selected": 0, "gi_type_y": "Bioswale", "flood_attenuation_score_y": 43.094958127630598, "site_cost_y": 32752605.04558, "selected_selection": null }, "geometry": { "type": "MultiPolygon", "coordinates": [ [ [ [ 121.118157387346159, 14.659919985286678 ], [ 121.118158575279836, 14.659896975309005 ], [ 121.118160616173697, 14.659875392886468 ], [ 121.118162783758677, 14.659860822561022 ], [ 121.118167790433006, 14.659840334153465 ], [ 121.118172972837328, 14.659826767867704 ], [ 121.11817892665448, 14.659815264696713 ], [ 121.118185156671061, 14.659805985108923 ], [ 121.118191872164246, 14.659797902363305 ], [ 121.118200211711212, 14.659789435126905 ], [ 121.11823126622042, 14.659761833816461 ], [ 121.11826086424837, 14.659733363982975 ], [ 121.118269901517479, 14.659726023006147 ], [ 121.118278500871043, 14.659720285301054 ], [ 121.118288697484246, 14.659715017808091 ], [ 121.11830127602444, 14.659710405815453 ], [ 121.118315886133985, 14.659707039328207 ], [ 121.118331761905907, 14.659705253753048 ], [ 121.118348210323447, 14.659705110355599 ], [ 121.118364625557945, 14.65970656989054 ], [ 121.118380411371518, 14.659709557041497 ], [ 121.11839488139492, 14.659713898160785 ], [ 121.118407296670441, 14.659719164325654 ], [ 121.118417358658149, 14.659724769315833 ], [ 121.118425864905717, 14.659730585836254 ], [ 121.118456648956581, 14.65975541261839 ], [ 121.118468086687344, 14.659762100555865 ], [ 121.118476380755169, 14.65976515358393 ], [ 121.118485521941736, 14.659766731364632 ], [ 121.118490139627127, 14.659766788621498 ], [ 121.11849462249485, 14.659766327858229 ], [ 121.11850271096425, 14.659763998462434 ], [ 121.118512429727147, 14.659757727575464 ], [ 121.118518571965168, 14.659750681266468 ], [ 121.118521466593791, 14.659746084869528 ], [ 121.118526561755345, 14.659734905499715 ], [ 121.118531392830306, 14.659717909446885 ], [ 121.118535828051691, 14.659687916479335 ], [ 121.118537280409399, 14.659668178300064 ], [ 121.118538459947231, 14.659605816589467 ], [ 121.118535874570512, 14.659428749350948 ], [ 121.118532725786693, 14.659429519141357 ], [ 121.118528410457785, 14.659427971385027 ], [ 121.11851740082669, 14.659419526467019 ], [ 121.118504879357246, 14.659405717472449 ], [ 121.118483285661981, 14.659377800251603 ], [ 121.118461468806629, 14.659351775423758 ], [ 121.118447457092842, 14.65933822728908 ], [ 121.118429966475219, 14.659325191421411 ], [ 121.118419730662112, 14.659319398859978 ], [ 121.118407962030446, 14.659314177695759 ], [ 121.118389841375446, 14.65930872075819 ], [ 121.11836872212541, 14.659305686826453 ], [ 121.118357102011188, 14.659305249356951 ], [ 121.118338401269639, 14.65930586976687 ], [ 121.118253157174962, 14.659315296020893 ], [ 121.118223034122408, 14.659317969396431 ], [ 121.118159883861594, 14.659321528561829 ], [ 121.118027063938015, 14.659327140877592 ], [ 121.117983320343114, 14.659330354633694 ], [ 121.117940544128047, 14.659335293284066 ], [ 121.117915584422363, 14.659339454375774 ], [ 121.117891442768055, 14.659344782466153 ], [ 121.117870155016803, 14.659350934357192 ], [ 121.117844766884659, 14.659360803491591 ], [ 121.117825258951527, 14.659371047379379 ], [ 121.117807295173236, 14.659383196160285 ], [ 121.117784737380958, 14.659402188677822 ], [ 121.117762432421983, 14.659424400487918 ], [ 121.117746973592332, 14.65944268773899 ], [ 121.117735092701508, 14.659460062281552 ], [ 121.117726256010116, 14.659476304708832 ], [ 121.117717654789445, 14.659496277796515 ], [ 121.117712539542225, 14.659510891123283 ], [ 121.117702200049436, 14.659549833705432 ], [ 121.117694593577184, 14.659590710690743 ], [ 121.117689384902192, 14.659626907740027 ], [ 121.117674842331112, 14.659741998185025 ], [ 121.117668153871463, 14.659782662093074 ], [ 121.117658334240545, 14.65982616182758 ], [ 121.117638363316843, 14.659889396160636 ], [ 121.117632762217198, 14.659913068066357 ], [ 121.117630261266356, 14.659936665666367 ], [ 121.117630337812002, 14.659949110528121 ], [ 121.117631483841805, 14.659961433914344 ], [ 121.117633762376641, 14.659973321840312 ], [ 121.117637161221069, 14.659984463327181 ], [ 121.117641544262526, 14.659994492169279 ], [ 121.117646547325904, 14.660003007780331 ], [ 121.117654344284489, 14.660012852796081 ], [ 121.117664511039308, 14.660022165731201 ], [ 121.117678269959455, 14.660031292667847 ], [ 121.117694832064132, 14.660039249390291 ], [ 121.117723288026042, 14.660048202526607 ], [ 121.117759365783598, 14.660054690569813 ], [ 121.117795977595136, 14.660058645282398 ], [ 121.117835951156081, 14.660061242707753 ], [ 121.117891600440871, 14.660062981990423 ], [ 121.117948221108449, 14.660063261480914 ], [ 121.118053722730096, 14.66006118215466 ], [ 121.118152985994442, 14.660057620783027 ], [ 121.118159187537387, 14.66005830539982 ], [ 121.118156870643517, 14.659967003541505 ], [ 121.118157387346159, 14.659919985286678 ] ] ] ] } },
{ "type": "Feature", "properties": { "subcatchme": 5, "class_id": 14.0, "class_name": "Grassland", "nrcs_class": "open_space_poor", "SOILDESC": "Marikina silt loam", "SoilSeries": "Marikina", "hsg": "B", "slope_mean": 2.7114418103144722, "area_sqm": 10824.042, "site_id": 78, "land_avail": 1, "dist_drain": 179, "gi_type sg": "urban_fores", "objectid": 35241, "gthcode": "8011374020080000", "globalid": "{E21B7AF9-BB7E-4E45-BF88-7911169828BE}", "st_area(shape)": 9.3195368711862099e-05, "reg_name": "National Capital Region (NCR)", "prov_name": "NCR, Second District", "city_name": "City of Marikina", "brgy_name": "San Roque", "reg_code": "130000000", "prov_code": "137400000", "city_code": "137402000", "brgy_code": "137402008", "psgc_10d": "1380700008", "geographic_level": "Bgy", "old_names": "", "class": "Highly Urbanized Cities (HUC)", "income_class": "", "urban_rural2015": "U", "bgypop2015": 17945, "bgypop2020": 16949, "bgyarea_sqkm": 1.11092383, "gida": "No", "gida_yr": null, "st_perimeter(shape)": 0.041923406577439148, "created_user": null, "created_date": null, "last_edited_user": "ADMIN2", "last_edited_date": 1748789494000, "gi_type_x": "Bioswale", "flood_attenuation_score_x": 46.870076687376702, "site_cost_x": 60345004.776759997, "selected": 0, "gi_type_y": "Bioswale", "flood_attenuation_score_y": 46.870076687376702, "site_cost_y": 60345004.776759997, "selected_selection": null }, "geometry": { "type": "MultiPolygon", "coordinates": [ [ [ [ 121.099548799500354, 14.628181831652684 ], [ 121.099460592191775, 14.628178082667123 ], [ 121.099370446510491, 14.628176540970195 ], [ 121.099188312747984, 14.628175622196965 ], [ 121.099053169640982, 14.628177058705894 ], [ 121.099013128613407, 14.62817850680406 ], [ 121.098974009083605, 14.62818083359757 ], [ 121.098936208014607, 14.628184394775689 ], [ 121.098896596099877, 14.628190334204138 ], [ 121.098870580059696, 14.628196207471316 ], [ 121.098846564286134, 14.62820389726244 ], [ 121.098834103960641, 14.628209194348607 ], [ 121.09881788066636, 14.628218193061153 ], [ 121.098809218305135, 14.628224455587958 ], [ 121.098799305809322, 14.628233621486679 ], [ 121.098793027750474, 14.628241078304169 ], [ 121.09878692566086, 14.62825019577828 ], [ 121.098779209427263, 14.628266226146891 ], [ 121.098773207780155, 14.628287177682388 ], [ 121.098770601637668, 14.62830916186522 ], [ 121.098771247738014, 14.628331570229827 ], [ 121.098775161057986, 14.628353741379293 ], [ 121.09878106198137, 14.628371654181935 ], [ 121.0987860920591, 14.62838248198144 ], [ 121.098791570591615, 14.62839188918694 ], [ 121.098803068590414, 14.628406950366825 ], [ 121.098819989785241, 14.628423185457423 ], [ 121.098841740657591, 14.62843945996951 ], [ 121.098897662476446, 14.6284754866442 ], [ 121.098957982049896, 14.62851709258943 ], [ 121.09903233201193, 14.628563149059028 ], [ 121.099054737306517, 14.628580171749249 ], [ 121.099067189221458, 14.628591810202622 ], [ 121.09907732277145, 14.62860311162623 ], [ 121.099088191352408, 14.628617545902259 ], [ 121.099095287024255, 14.628628426704298 ], [ 121.099113587909557, 14.628661753250817 ], [ 121.099135328819855, 14.628705928954943 ], [ 121.099145732871065, 14.628725161779299 ], [ 121.099160656758144, 14.628748082499783 ], [ 121.099175066207764, 14.628764994738779 ], [ 121.099186383540498, 14.628775387645749 ], [ 121.099195887682555, 14.628782716620096 ], [ 121.099218034578286, 14.6287965524977 ], [ 121.099248182743096, 14.628811274245038 ], [ 121.099294309544362, 14.62883162278254 ], [ 121.099308765649496, 14.628839342806257 ], [ 121.099319958929755, 14.628847435644348 ], [ 121.099324946467803, 14.628853073957057 ], [ 121.099328220034039, 14.628858569954993 ], [ 121.099331228311129, 14.628868468495147 ], [ 121.09933159464029, 14.6288762651232 ], [ 121.099329454589224, 14.628888098978116 ], [ 121.099325043858244, 14.628898907564135 ], [ 121.099317274861747, 14.628911687761757 ], [ 121.099309883692555, 14.628921439982165 ], [ 121.099266094285028, 14.628970163385295 ], [ 121.099252728933379, 14.628986248883427 ], [ 121.099242563950597, 14.629000052411024 ], [ 121.099233777345958, 14.629013737052166 ], [ 121.099222261559348, 14.629035453327463 ], [ 121.099217495917031, 14.629046410837999 ], [ 121.099211454856345, 14.629063855650056 ], [ 121.099208658116268, 14.629077363245777 ], [ 121.0992093518053, 14.629085730078154 ], [ 121.099210861553132, 14.629087493799259 ], [ 121.099212523053424, 14.629086831380421 ], [ 121.099220434120767, 14.629087091147076 ], [ 121.099234295710744, 14.629089911804483 ], [ 121.099242338249326, 14.629092473501752 ], [ 121.099257000355948, 14.62909890651386 ], [ 121.099273788987446, 14.629109418175002 ], [ 121.099285955575439, 14.62911916552787 ], [ 121.099324603948631, 14.629155528317996 ], [ 121.099357951792641, 14.629184121083455 ], [ 121.099369549222075, 14.629196589392629 ], [ 121.099375385811456, 14.629205162670686 ], [ 121.099380730213667, 14.629215924344807 ], [ 121.099385195038181, 14.629229131523632 ], [ 121.0993884428039, 14.629244203075471 ], [ 121.099390533836214, 14.629260492432731 ], [ 121.099391737779797, 14.629277511982277 ], [ 121.099394122285702, 14.629357398162355 ], [ 121.099395533026055, 14.62937271318542 ], [ 121.0993980826008, 14.629388458633317 ], [ 121.099401974027714, 14.629402722094355 ], [ 121.099407275368421, 14.629414820915219 ], [ 121.099413581143466, 14.629424202328241 ], [ 121.099420432251264, 14.629431151775524 ], [ 121.099429084887461, 14.629437237513066 ], [ 121.099440237098747, 14.629442557415961 ], [ 121.099460696392072, 14.62944834367287 ], [ 121.099476001662779, 14.629450794731925 ], [ 121.099491428927237, 14.629452335840684 ], [ 121.099571893399784, 14.629455746961305 ], [ 121.099589128643331, 14.629457076887888 ], [ 121.099613471687164, 14.629460659031437 ], [ 121.099627904275692, 14.629464431421173 ], [ 121.099640507598494, 14.629469486618918 ], [ 121.099656706644666, 14.629479274089228 ], [ 121.099667642296325, 14.629487865471345 ], [ 121.099703673201333, 14.629519511150308 ], [ 121.099719716120006, 14.629530616767241 ], [ 121.099733551186148, 14.629537709947625 ], [ 121.099748239988472, 14.629542879757434 ], [ 121.09975872176507, 14.629544787169937 ], [ 121.099762113002583, 14.62954470097144 ], [ 121.099763816849347, 14.629543863573657 ], [ 121.0997643308568, 14.629540433649751 ], [ 121.099768213199113, 14.629531921602673 ], [ 121.099791872288932, 14.629489983435182 ], [ 121.099803945424796, 14.629465621983092 ], [ 121.099815249570923, 14.629437650239661 ], [ 121.099823819815384, 14.62941178895789 ], [ 121.099836407966222, 14.629363387457163 ], [ 121.09984635868733, 14.629311494170507 ], [ 121.099852637850645, 14.629267778469929 ], [ 121.099857258864958, 14.629224766790555 ], [ 121.099860706097573, 14.629176757026098 ], [ 121.099864099810745, 14.629048466181496 ], [ 121.099871398839753, 14.628662857996604 ], [ 121.099871846653343, 14.62857770455582 ], [ 121.099871259129785, 14.628535640851734 ], [ 121.099868750103809, 14.628476781285505 ], [ 121.099866412328637, 14.628448067444646 ], [ 121.099861581889911, 14.628410149713131 ], [ 121.099854182411406, 14.628373953386125 ], [ 121.099848123243405, 14.628353279363376 ], [ 121.099840898987978, 14.628334363502709 ], [ 121.099833097306927, 14.628318374583666 ], [ 121.09982543012309, 14.628305631099694 ], [ 121.099815826146354, 14.628292322355808 ], [ 121.099800401961062, 14.628274469241106 ], [ 121.099774078864641, 14.628249046252641 ], [ 121.099755447752628, 14.628234239604124 ], [ 121.099737671216758, 14.62822291200059 ], [ 121.099720933101324, 14.628214515483231 ], [ 121.099707503820682, 14.628209027004861 ], [ 121.099677327664295, 14.628199611709791 ], [ 121.099653495523341, 14.628194463661684 ], [ 121.099583313403571, 14.628194463588502 ], [ 121.099583313403485, 14.628184978712619 ], [ 121.099548799500354, 14.628181831652684 ] ] ] ] } },
{ "type": "Feature", "properties": { "subcatchme": 9, "class_id": 10.0, "class_name": "Brush/Shrubs", "nrcs_class": "open_space_good", "SOILDESC": "Marikina silt loam", "SoilSeries": "Marikina", "hsg": "B", "slope_mean": 2.138594047589736, "area_sqm": 22908.377, "site_id": 103, "land_avail": 1, "dist_drain": 67, "gi_type sg": "urban_fores", "objectid": 35241, "gthcode": "8011374020080000", "globalid": "{E21B7AF9-BB7E-4E45-BF88-7911169828BE}", "st_area(shape)": 9.3195368711862099e-05, "reg_name": "National Capital Region (NCR)", "prov_name": "NCR, Second District", "city_name": "City of Marikina", "brgy_name": "San Roque", "reg_code": "130000000", "prov_code": "137400000", "city_code": "137402000", "brgy_code": "137402008", "psgc_10d": "1380700008", "geographic_level": "Bgy", "old_names": "", "class": "Highly Urbanized Cities (HUC)", "income_class": "", "urban_rural2015": "U", "bgypop2015": 17945, "bgypop2020": 16949, "bgyarea_sqkm": 1.11092383, "gida": "No", "gida_yr": null, "st_perimeter(shape)": 0.041923406577439148, "created_user": null, "created_date": null, "last_edited_user": "ADMIN2", "last_edited_date": 1748789494000, "gi_type_x": "Bioswale", "flood_attenuation_score_x": 52.075827995799699, "site_cost_x": 127688345.17806, "selected": 0, "gi_type_y": "Bioswale", "flood_attenuation_score_y": 52.075827995799699, "site_cost_y": 127688345.17806, "selected_selection": null }, "geometry": { "type": "MultiPolygon", "coordinates": [ [ [ [ 121.095015592762635, 14.628507520975855 ], [ 121.09501028032804, 14.628504592873172 ], [ 121.094998336453003, 14.62849541648195 ], [ 121.09498675935501, 14.628482133003041 ], [ 121.094975199614339, 14.628462749602416 ], [ 121.094968396663333, 14.628447119368845 ], [ 121.094960439573342, 14.628422399186295 ], [ 121.094954583538652, 14.628396093001655 ], [ 121.094950709512389, 14.628369412624208 ], [ 121.094949012325486, 14.62834957489267 ], [ 121.094948345795629, 14.628330763172009 ], [ 121.094949393635147, 14.62823652350607 ], [ 121.09495342953808, 14.628031854657857 ], [ 121.094953672954219, 14.627981261367452 ], [ 121.094953005912259, 14.627946155695007 ], [ 121.09495074588186, 14.62790915004055 ], [ 121.094948462173733, 14.627889950955286 ], [ 121.094945099690221, 14.627871538314285 ], [ 121.094938770623656, 14.627849822738478 ], [ 121.094933213872324, 14.627837239174191 ], [ 121.094926899890098, 14.627826793023905 ], [ 121.094916783021191, 14.62781498731116 ], [ 121.094907941664474, 14.627807562387135 ], [ 121.094890438215671, 14.627796892773823 ], [ 121.094876837591457, 14.627790522414644 ], [ 121.094841005570942, 14.62777574823515 ], [ 121.094821590200937, 14.627766044411311 ], [ 121.094806685466679, 14.627755596672843 ], [ 121.094796055538723, 14.627744737465406 ], [ 121.094789340683462, 14.627735251391478 ], [ 121.094783232348348, 14.627723776687555 ], [ 121.094775877498066, 14.627703807729505 ], [ 121.094756738366428, 14.627620670440104 ], [ 121.094750335940745, 14.627597886072753 ], [ 121.094743825668587, 14.627578995826365 ], [ 121.094736433507464, 14.62756184614728 ], [ 121.094732454931773, 14.62755417180627 ], [ 121.094724219266752, 14.627541090973017 ], [ 121.094716283672497, 14.627531419592184 ], [ 121.09470906831848, 14.627524651406496 ], [ 121.094699673895732, 14.627518185310599 ], [ 121.094689329570343, 14.62751370503512 ], [ 121.094681446634013, 14.627512453074448 ], [ 121.094676566895473, 14.627514132020574 ], [ 121.094675082668047, 14.627512428128902 ], [ 121.094673976123488, 14.627504385068852 ], [ 121.094675987852185, 14.627491313953016 ], [ 121.094681212104987, 14.627474231325666 ], [ 121.094690957650585, 14.627452264060608 ], [ 121.094702948471806, 14.627431894851162 ], [ 121.094713072925529, 14.627417753224032 ], [ 121.094727546607999, 14.627400274514587 ], [ 121.094745544801114, 14.627380919605988 ], [ 121.094785197982446, 14.627340598550935 ], [ 121.094808132254542, 14.627314968863397 ], [ 121.094820656792095, 14.627298788202612 ], [ 121.09482874127967, 14.627287004841394 ], [ 121.094845069324663, 14.627258662391377 ], [ 121.09485227343292, 14.627243495556129 ], [ 121.094863054531032, 14.62721606567111 ], [ 121.094871228329268, 14.627189948340828 ], [ 121.094891937640199, 14.627116681991975 ], [ 121.094909096575861, 14.627061952484544 ], [ 121.094913776495574, 14.627039538911006 ], [ 121.094914945683428, 14.627025689128672 ], [ 121.094914900957448, 14.627015596094466 ], [ 121.094912805025515, 14.626996685925494 ], [ 121.094907179225444, 14.626974141071376 ], [ 121.094888392317415, 14.626918920561922 ], [ 121.094865998078944, 14.626845699308772 ], [ 121.094857174792494, 14.626819938195196 ], [ 121.09484704622848, 14.626794968903058 ], [ 121.094840872176292, 14.626782076642728 ], [ 121.094827555532547, 14.626759255608912 ], [ 121.094821093337018, 14.62675017827581 ], [ 121.094811090643276, 14.626738053583068 ], [ 121.094792600450219, 14.626719556975173 ], [ 121.094748562236219, 14.626681853547693 ], [ 121.094734000726305, 14.626668207667889 ], [ 121.094716137955515, 14.626647990095099 ], [ 121.09470167394332, 14.626626916489711 ], [ 121.09468966776231, 14.626605394864049 ], [ 121.094676323621229, 14.626577265188795 ], [ 121.094659725090338, 14.626538530028617 ], [ 121.094651565892605, 14.626516159651748 ], [ 121.094648550677249, 14.626503757734589 ], [ 121.094647245271076, 14.626492730794773 ], [ 121.09464758668247, 14.626480267769445 ], [ 121.094649015213577, 14.626471752017746 ], [ 121.094652614926233, 14.626460297076136 ], [ 121.094657583810218, 14.626450111302164 ], [ 121.094662315742752, 14.626442647381069 ], [ 121.094674376939636, 14.626427668486089 ], [ 121.094686452742394, 14.626415299633145 ], [ 121.094697101111962, 14.626405617591262 ], [ 121.094714084609734, 14.626392414083762 ], [ 121.094730771331356, 14.62638208918476 ], [ 121.09474690698795, 14.626374210647151 ], [ 121.094759933944246, 14.626368961791322 ], [ 121.094789214704164, 14.626359567695374 ], [ 121.094825929705209, 14.626350500089851 ], [ 121.09490090994727, 14.626333946384939 ], [ 121.094928039817873, 14.6263265373079 ], [ 121.094953718851301, 14.626317534864198 ], [ 121.094973765142441, 14.626308204394034 ], [ 121.09498551391242, 14.626301251512814 ], [ 121.094995435840261, 14.62629411740784 ], [ 121.095010482146691, 14.626279965401249 ], [ 121.095021635649857, 14.626265519481894 ], [ 121.095031886921788, 14.626247641110387 ], [ 121.095045151251767, 14.626213256655213 ], [ 121.095054090387833, 14.626175444289236 ], [ 121.095059735652612, 14.626135582476152 ], [ 121.095062853477998, 14.626094232363899 ], [ 121.095063825040555, 14.62605777547815 ], [ 121.0950633014223, 14.626021100318745 ], [ 121.095061240574722, 14.625984562604918 ], [ 121.095057794660008, 14.625951073537806 ], [ 121.095052607893663, 14.625918302242606 ], [ 121.095045304344936, 14.625886576404071 ], [ 121.095040834614423, 14.625871606894357 ], [ 121.095033428743221, 14.625851313999414 ], [ 121.095026119340829, 14.625835009076219 ], [ 121.095018533177239, 14.625820554501832 ], [ 121.095005781386277, 14.625799178619131 ], [ 121.09497182468705, 14.625745749938437 ], [ 121.094933675322864, 14.625688166034742 ], [ 121.094917622250208, 14.62566033052029 ], [ 121.094901024514513, 14.625624086017833 ], [ 121.09487380628093, 14.625553411749076 ], [ 121.094861875210313, 14.625525875634281 ], [ 121.094849687044203, 14.625502859597505 ], [ 121.094837465569029, 14.625484566093199 ], [ 121.094827813767964, 14.625472762383081 ], [ 121.094814653514447, 14.625459147857045 ], [ 121.094804385988667, 14.625449755639732 ], [ 121.094755446038008, 14.625408673833556 ], [ 121.09473562179106, 14.625389260801132 ], [ 121.094716584485994, 14.625366524924205 ], [ 121.094675846352303, 14.625311780974542 ], [ 121.094664186741937, 14.62529807569218 ], [ 121.094653802562974, 14.625287252841384 ], [ 121.094631453036371, 14.62526739621031 ], [ 121.094577344625236, 14.625224466482628 ], [ 121.094556674180495, 14.625204813359087 ], [ 121.094546043230849, 14.625192795584773 ], [ 121.09453411943089, 14.625177548209336 ], [ 121.094497533758855, 14.625125173395697 ], [ 121.094485636012209, 14.625109488834472 ], [ 121.09446810690504, 14.625089447499125 ], [ 121.094446659597722, 14.625068831885265 ], [ 121.094421520941424, 14.625047381770726 ], [ 121.094400528104302, 14.62503132096986 ], [ 121.094384704056296, 14.625020950654356 ], [ 121.094369953780586, 14.625012846596549 ], [ 121.094351460723061, 14.625004598053843 ], [ 121.094337244804677, 14.62499942639549 ], [ 121.094322084848102, 14.624994809123365 ], [ 121.094285987124806, 14.624986682257202 ], [ 121.094248361461368, 14.62498138235256 ], [ 121.09421855019653, 14.624978920767704 ], [ 121.094188409491963, 14.624977745178722 ], [ 121.09415385694497, 14.624977917981212 ], [ 121.094119513743038, 14.624979751708132 ], [ 121.094081396083951, 14.624984036145891 ], [ 121.094044587168497, 14.624991105683149 ], [ 121.094021599825098, 14.624997525562085 ], [ 121.094001232038892, 14.625004973606934 ], [ 121.093985027823521, 14.625012417758818 ], [ 121.093969254130997, 14.625021166778323 ], [ 121.093946685768842, 14.625036036177445 ], [ 121.093919888518812, 14.625056004062282 ], [ 121.093897113187808, 14.625074851713579 ], [ 121.093882594762661, 14.625088709744599 ], [ 121.093871823275322, 14.62510040241062 ], [ 121.09385168237506, 14.62512565182408 ], [ 121.093837065086731, 14.625146877916578 ], [ 121.093828657244217, 14.625161720381181 ], [ 121.093822930234637, 14.625175115344137 ], [ 121.093818563945305, 14.62519183264444 ], [ 121.093817186057663, 14.625206092801895 ], [ 121.093818181022826, 14.625223296789667 ], [ 121.093820966476713, 14.62523758016898 ], [ 121.09382574209873, 14.625253981868649 ], [ 121.093847857929276, 14.625316931103887 ], [ 121.093864984004568, 14.62536183574435 ], [ 121.093880478300264, 14.625394928158403 ], [ 121.093919736151392, 14.625462438613527 ], [ 121.093958608947119, 14.625537681695475 ], [ 121.093973188419739, 14.625563428472756 ], [ 121.093992335363112, 14.625592057508076 ], [ 121.094084159438296, 14.625713324318871 ], [ 121.094099825912195, 14.62573571997979 ], [ 121.094112202280783, 14.625756062597812 ], [ 121.094122113935441, 14.625774210717282 ], [ 121.094159699145592, 14.625847133353314 ], [ 121.094199994258048, 14.625914598040922 ], [ 121.094214647412031, 14.625943105350252 ], [ 121.094251506756976, 14.626022066070675 ], [ 121.094261800185933, 14.626041363217761 ], [ 121.09428785343394, 14.62608676381118 ], [ 121.094303335719061, 14.626117925779068 ], [ 121.094314573696451, 14.626144355524632 ], [ 121.094337835195262, 14.626203198598562 ], [ 121.094359126640185, 14.626253181820097 ], [ 121.094366075107914, 14.62627237388107 ], [ 121.094370060199765, 14.626286603812087 ], [ 121.094373497399886, 14.626303880195868 ], [ 121.094375642044398, 14.62632294800931 ], [ 121.094376178610403, 14.626336058043863 ], [ 121.094375089225039, 14.626362061605287 ], [ 121.094372634674329, 14.626380200733227 ], [ 121.094369435144586, 14.626395615398074 ], [ 121.094349891354241, 14.626460615024516 ], [ 121.094342903009561, 14.626491972722452 ], [ 121.094339671440181, 14.626514219193881 ], [ 121.094337644437701, 14.626537449722132 ], [ 121.094336897876175, 14.626560938342831 ], [ 121.094337446292613, 14.626584506239793 ], [ 121.094339338531199, 14.62660797849234 ], [ 121.094341347248871, 14.62662322248803 ], [ 121.094346844897487, 14.626651253645299 ], [ 121.094354420299425, 14.626677816096477 ], [ 121.094372817549612, 14.62673214057663 ], [ 121.094381404076614, 14.626765326477852 ], [ 121.094389009473829, 14.626808204806951 ], [ 121.094395102054079, 14.626864740321492 ], [ 121.094398257963434, 14.626916982671684 ], [ 121.094400526106583, 14.627004129996267 ], [ 121.094400394585506, 14.627269878350399 ], [ 121.094401817866867, 14.627357485077072 ], [ 121.094404961799512, 14.6274224082274 ], [ 121.094410276257179, 14.627478124033743 ], [ 121.094415301536912, 14.627511421779975 ], [ 121.094423717921828, 14.62754991469933 ], [ 121.094432564543695, 14.627578990835248 ], [ 121.09443996608681, 14.627599530009226 ], [ 121.094507689433044, 14.627599504464607 ], [ 121.094507862147879, 14.628033450425979 ], [ 121.094511435681255, 14.628046815877976 ], [ 121.094516188037318, 14.628060761090639 ], [ 121.094524261247074, 14.628079761729349 ], [ 121.09452987673221, 14.628090484133152 ], [ 121.09453791566655, 14.628103346473205 ], [ 121.094547871667004, 14.628116584173991 ], [ 121.094556042531522, 14.628126096625502 ], [ 121.094593032723807, 14.628164553990965 ], [ 121.094609286918356, 14.628183505878214 ], [ 121.09461826413505, 14.628196160808344 ], [ 121.094623729909173, 14.628205195657578 ], [ 121.09463227120979, 14.628222333052284 ], [ 121.094637617397225, 14.628235654137193 ], [ 121.094642391749844, 14.628249955591238 ], [ 121.094648405399965, 14.628272619298247 ], [ 121.094653182626047, 14.628296268782323 ], [ 121.094658035714133, 14.628328874682159 ], [ 121.094661787504123, 14.628364016428501 ], [ 121.094666609656102, 14.628427765006714 ], [ 121.0947915868568, 14.628427717726893 ], [ 121.094791713677424, 14.628745310192084 ], [ 121.094794064910843, 14.628746872030218 ], [ 121.094804059866291, 14.628752372452544 ], [ 121.094815877853506, 14.628757745000279 ], [ 121.094835936301365, 14.628764567634686 ], [ 121.09486192342834, 14.628768944515175 ], [ 121.094889794068933, 14.628767581954909 ], [ 121.094914221272631, 14.628761815447007 ], [ 121.094938113162215, 14.628751827832804 ], [ 121.094953099990477, 14.628742978353474 ], [ 121.094966831455736, 14.62873268350868 ], [ 121.094983876627765, 14.628716010248448 ], [ 121.094992417728008, 14.628705419908801 ], [ 121.095000133795224, 14.628694067316532 ], [ 121.095008059846066, 14.628680106518038 ], [ 121.095015583293971, 14.628663969899923 ], [ 121.095025113977584, 14.628637541947356 ], [ 121.095032833977058, 14.628607551206866 ], [ 121.095037828741624, 14.62857898592471 ], [ 121.095040590224414, 14.628553455119205 ], [ 121.095041597309574, 14.628530962707339 ], [ 121.095041027314153, 14.628516129920891 ], [ 121.095039217439336, 14.628511182651984 ], [ 121.095034584451199, 14.628512659382311 ], [ 121.095026465116177, 14.62851158623829 ], [ 121.095015592762635, 14.628507520975855 ] ] ] ] } },
{ "type": "Feature", "properties": { "subcatchme": 10, "class_id": 14.0, "class_name": "Grassland", "nrcs_class": "open_space_poor", "SOILDESC": "Marikina silt loam", "SoilSeries": "Marikina", "hsg": "B", "slope_mean": 2.6474680829135679, "area_sqm": 4.588, "site_id": 113, "land_avail": 1, "dist_drain": 211, "gi_type sg": "bioswale", "objectid": 35241, "gthcode": "8011374020080000", "globalid": "{E21B7AF9-BB7E-4E45-BF88-7911169828BE}", "st_area(shape)": 9.3195368711862099e-05, "reg_name": "National Capital Region (NCR)", "prov_name": "NCR, Second District", "city_name": "City of Marikina", "brgy_name": "San Roque", "reg_code": "130000000", "prov_code": "137400000", "city_code": "137402000", "brgy_code": "137402008", "psgc_10d": "1380700008", "geographic_level": "Bgy", "old_names": "", "class": "Highly Urbanized Cities (HUC)", "income_class": "", "urban_rural2015": "U", "bgypop2015": 17945, "bgypop2020": 16949, "bgyarea_sqkm": 1.11092383, "gida": "No", "gida_yr": null, "st_perimeter(shape)": 0.041923406577439148, "created_user": null, "created_date": null, "last_edited_user": "ADMIN2", "last_edited_date": 1748789494000, "gi_type_x": "Bioswale", "flood_attenuation_score_x": 40.001856798242798, "site_cost_x": 50567.91464, "selected": 1, "gi_type_y": "Bioswale", "flood_attenuation_score_y": 40.001856798242798, "site_cost_y": 50567.91464, "selected_selection": 1.0 }, "geometry": { "type": "MultiPolygon", "coordinates": [ [ [ [ 121.099644718882089, 14.62819256779393 ], [ 121.099610626908742, 14.628187469219398 ], [ 121.099583313403485, 14.628184978712619 ], [ 121.099583313403571, 14.628194463588502 ], [ 121.099653495523341, 14.628194463661684 ], [ 121.099644718882089, 14.62819256779393 ] ] ] ] } },
{ "type": "Feature", "properties": { "subcatchme": 5, "class_id": 14.0, "class_name": "Grassland", "nrcs_class": "open_space_poor", "SOILDESC": "Marikina silt loam", "SoilSeries": "Marikina", "hsg": "B", "slope_mean": 2.5205556690692901, "area_sqm": 20470.928, "site_id": 80, "land_avail": 1, "dist_drain": 0, "gi_type sg": "urban_fores", "objectid": 35988, "gthcode": "8011374020090000", "globalid": "{7A316E26-F422-4536-922F-E9E0A918DB3D}", "st_area(shape)": 4.5073829942639821e-05, "reg_name": "National Capital Region (NCR)", "prov_name": "NCR, Second District", "city_name": "City of Marikina", "brgy_name": "Santa Elena (Pob.)", "reg_code": "130000000", "prov_code": "137400000", "city_code": "137402000", "brgy_code": "137402009", "psgc_10d": "1380700009", "geographic_level": "Bgy", "old_names": "", "class": "Highly Urbanized Cities (HUC)", "income_class": "", "urban_rural2015": "U", "bgypop2015": 6928, "bgypop2020": 7403, "bgyarea_sqkm": 0.53728171, "gida": "No", "gida_yr": null, "st_perimeter(shape)": 0.034527632258534169, "created_user": null, "created_date": null, "last_edited_user": "ADMIN2", "last_edited_date": 1748789495000, "gi_type_x": "Bioswale", "flood_attenuation_score_x": 52.993947105736702, "site_cost_x": 114104978.13984001, "selected": 0, "gi_type_y": "Bioswale", "flood_attenuation_score_y": 52.993947105736702, "site_cost_y": 114104978.13984001, "selected_selection": null }, "geometry": { "type": "MultiPolygon", "coordinates": [ [ [ [ 121.103777533654608, 14.633138572263826 ], [ 121.103765514138274, 14.633132940018468 ], [ 121.103754322242338, 14.633126045694119 ], [ 121.103741939671679, 14.633116540775752 ], [ 121.103713055113943, 14.633089889901255 ], [ 121.103696996024922, 14.633076290121451 ], [ 121.103686007061995, 14.633068894980553 ], [ 121.103672181706401, 14.633062141874824 ], [ 121.103659056958946, 14.633058107431888 ], [ 121.103649381421405, 14.633056429053777 ], [ 121.103639370408118, 14.633055770950403 ], [ 121.103624330658789, 14.633056839560927 ], [ 121.103610034820633, 14.633060339804862 ], [ 121.103597528295751, 14.633065804841513 ], [ 121.103587764008552, 14.633072080252528 ], [ 121.103578215837558, 14.633080425127089 ], [ 121.103567957190734, 14.633092277865165 ], [ 121.103561255270009, 14.633101750262151 ], [ 121.103551661781111, 14.633117530547231 ], [ 121.103520096650129, 14.633175048064755 ], [ 121.103505306081402, 14.633196591493549 ], [ 121.103497346853388, 14.633206022920948 ], [ 121.103489442505975, 14.633214035959817 ], [ 121.103478121182704, 14.633223503262306 ], [ 121.103463536126569, 14.633233009048285 ], [ 121.103451498312438, 14.633239229785451 ], [ 121.103431071106996, 14.633247477003493 ], [ 121.103404944223044, 14.6332551680975 ], [ 121.103377187202767, 14.633261056551216 ], [ 121.103356703884373, 14.633264383471968 ], [ 121.103301524135105, 14.633270740787498 ], [ 121.103196908799006, 14.633279373994721 ], [ 121.103162580739351, 14.633282956830705 ], [ 121.103128976103505, 14.633287682430241 ], [ 121.103104544289735, 14.633292318276588 ], [ 121.103081115468811, 14.633298182308657 ], [ 121.103052591089408, 14.633308147461426 ], [ 121.103030099651932, 14.633319417926815 ], [ 121.10301729868462, 14.633327821223327 ], [ 121.103008110146789, 14.633334923679362 ], [ 121.102988931044308, 14.633352595941755 ], [ 121.102947859433002, 14.63339695009523 ], [ 121.102932387611574, 14.63341221975192 ], [ 121.102910974274053, 14.633430557012533 ], [ 121.102867660498546, 14.633464509178957 ], [ 121.102847956395323, 14.633482247639297 ], [ 121.102833270310342, 14.63349853585226 ], [ 121.102820309598584, 14.63351688413619 ], [ 121.10281353810349, 14.63352850678422 ], [ 121.102803937606112, 14.633547901838041 ], [ 121.102793396553949, 14.633573490528761 ], [ 121.102757385882313, 14.633676940121157 ], [ 121.10272528595641, 14.633753017278114 ], [ 121.102715780874519, 14.633781394235729 ], [ 121.102708808379745, 14.633810892556157 ], [ 121.102704062736777, 14.633842527332932 ], [ 121.102701748960058, 14.633874259645577 ], [ 121.102701790209565, 14.633905526756566 ], [ 121.102704282659261, 14.633935722152426 ], [ 121.102709520524613, 14.633964199362444 ], [ 121.102717971136627, 14.633990040404035 ], [ 121.102723471833869, 14.634001437711051 ], [ 121.102729684665462, 14.634011403912094 ], [ 121.102736211770065, 14.634019577893412 ], [ 121.102745711629865, 14.634028524375488 ], [ 121.102753165823557, 14.634033799559424 ], [ 121.102762320979807, 14.634038792184564 ], [ 121.102778534639498, 14.634044774960634 ], [ 121.10279046078854, 14.634047449538947 ], [ 121.102802904143999, 14.634049018567472 ], [ 121.10281554409346, 14.634049528234293 ], [ 121.102827978798459, 14.634049080096228 ], [ 121.102845042700707, 14.634047066484321 ], [ 121.102859236974567, 14.634044268559926 ], [ 121.102923165361389, 14.634026834410722 ], [ 121.102943311660809, 14.634022447442939 ], [ 121.102966484478927, 14.634018517108737 ], [ 121.102999392318551, 14.634014747422901 ], [ 121.103032746580197, 14.63401292435967 ], [ 121.103065941276867, 14.634013144198107 ], [ 121.103086344287604, 14.634014418381167 ], [ 121.103106269310942, 14.634016662874583 ], [ 121.103129368031091, 14.634020814759914 ], [ 121.103151167494303, 14.634026783372866 ], [ 121.103170936000623, 14.634034712769781 ], [ 121.103187499831037, 14.634044231902637 ], [ 121.103199663584846, 14.634053928465759 ], [ 121.103209869816666, 14.63406492489232 ], [ 121.103216742129504, 14.634074513279687 ], [ 121.103223077038578, 14.634085613725198 ], [ 121.103228592786678, 14.63409785521716 ], [ 121.10323609777457, 14.634121199708316 ], [ 121.103241052885977, 14.634146189879862 ], [ 121.103243990055759, 14.634176054525796 ], [ 121.103244000887329, 14.634214542091449 ], [ 121.103241672298154, 14.634241741254282 ], [ 121.103237346373902, 14.634268716290718 ], [ 121.103233983471441, 14.634283641787173 ], [ 121.103227919615975, 14.634304508000982 ], [ 121.103219310383466, 14.634326927752145 ], [ 121.103209718334398, 14.634346850660849 ], [ 121.103151780032704, 14.634453194310412 ], [ 121.103137303035496, 14.634476683245047 ], [ 121.103123625768418, 14.634495135956422 ], [ 121.103109751872523, 14.634510331878253 ], [ 121.103096157998692, 14.63452286050226 ], [ 121.103058801881573, 14.634553573499568 ], [ 121.103048619498807, 14.634563668191939 ], [ 121.103044290898822, 14.634569675171955 ], [ 121.103041985439063, 14.634574955780746 ], [ 121.103041039324054, 14.634580500505489 ], [ 121.103041731266885, 14.634586602613712 ], [ 121.103044327713178, 14.634592714816792 ], [ 121.103048538529478, 14.634598252757437 ], [ 121.103053723972835, 14.634602920226552 ], [ 121.103061024423567, 14.634607727833121 ], [ 121.103071236174301, 14.634612683872135 ], [ 121.103084372773935, 14.634617399855612 ], [ 121.103108442171575, 14.634623415891852 ], [ 121.103145455568225, 14.634629127095931 ], [ 121.103185393096041, 14.634632629937691 ], [ 121.103225570861909, 14.634634423091011 ], [ 121.103269813449373, 14.634634982341691 ], [ 121.103339836584169, 14.634633826686635 ], [ 121.103337904479716, 14.634629899662011 ], [ 121.103338543858172, 14.634625053720516 ], [ 121.103339833875225, 14.634622152454885 ], [ 121.103346334296731, 14.63461388579538 ], [ 121.103357696098584, 14.634605118315275 ], [ 121.103366717451962, 14.634599979168536 ], [ 121.103377993438485, 14.634594717408275 ], [ 121.103391262093879, 14.634589574903552 ], [ 121.103422721081259, 14.634580089105386 ], [ 121.103459390259673, 14.634571851301768 ], [ 121.103499911158067, 14.634564819698324 ], [ 121.10355356363111, 14.634557580556287 ], [ 121.103608210250428, 14.634551735800269 ], [ 121.103743090975641, 14.634539842554281 ], [ 121.103775924238192, 14.634535795621151 ], [ 121.103823284472966, 14.634527176704742 ], [ 121.10384470637527, 14.634521786080722 ], [ 121.103862696434177, 14.634516336779178 ], [ 121.103928504376753, 14.634492103643177 ], [ 121.10394611255586, 14.634486484940876 ], [ 121.103967779778898, 14.634480628177231 ], [ 121.103999964771447, 14.634473602703444 ], [ 121.104034265779873, 14.634467572277908 ], [ 121.104138540844701, 14.634451724322572 ], [ 121.104172666028646, 14.634445415906736 ], [ 121.104195643124342, 14.634440287337753 ], [ 121.104223331890154, 14.63443274444329 ], [ 121.104245340316695, 14.634425415564545 ], [ 121.104305638527947, 14.634402923196401 ], [ 121.104330385027566, 14.634395486467275 ], [ 121.104352407066628, 14.634390030189978 ], [ 121.104375736592317, 14.634385148475094 ], [ 121.104416672014651, 14.634378045974774 ], [ 121.104499478348174, 14.634365365004788 ], [ 121.104540219693774, 14.634357948215696 ], [ 121.104576301552441, 14.634349463249372 ], [ 121.104611089370081, 14.634338513247034 ], [ 121.1046259632095, 14.634332590536223 ], [ 121.103994682273651, 14.633428635032233 ], [ 121.103885881916483, 14.633272840217593 ], [ 121.103838629327555, 14.633146951562539 ], [ 121.103828759730035, 14.633147522322664 ], [ 121.103810366465069, 14.633146654985358 ], [ 121.103792889314292, 14.633143515933366 ], [ 121.103777533654608, 14.633138572263826 ] ] ] ] } },
{ "type": "Feature", "properties": { "subcatchme": 5, "class_id": 17.0, "class_name": "Perennial Crop", "nrcs_class": "row_crop_good", "SOILDESC": "Marikina silt loam", "SoilSeries": "Marikina", "hsg": "B", "slope_mean": 3.0120141009489689, "area_sqm": 10175.342, "site_id": 79, "land_avail": 1, "dist_drain": 0, "gi_type sg": "urban_fores", "objectid": 36668, "gthcode": "8011374020100000", "globalid": "{0F36E1A3-AAF4-404E-BC66-BA4F5CA57CFC}", "st_area(shape)": 0.00013665094827831963, "reg_name": "National Capital Region (NCR)", "prov_name": "NCR, Second District", "city_name": "City of Marikina", "brgy_name": "Santo Niño", "reg_code": "130000000", "prov_code": "137400000", "city_code": "137402000", "brgy_code": "137402010", "psgc_10d": "1380700010", "geographic_level": "Bgy", "old_names": "", "class": "Highly Urbanized Cities (HUC)", "income_class": "", "urban_rural2015": "U", "bgypop2015": 30759, "bgypop2020": 28849, "bgyarea_sqkm": 1.62883852, "gida": "No", "gida_yr": null, "st_perimeter(shape)": 0.050087313481653843, "created_user": null, "created_date": null, "last_edited_user": "ADMIN2", "last_edited_date": 1748789495000, "gi_type_x": "Urban forest patch", "flood_attenuation_score_x": 39.733605823671603, "site_cost_x": 15048994.21642, "selected": 1, "gi_type_y": "Urban forest patch", "flood_attenuation_score_y": 39.733605823671603, "site_cost_y": 15048994.21642, "selected_selection": 1.0 }, "geometry": { "type": "MultiPolygon", "coordinates": [ [ [ [ 121.103370346944189, 14.634837675330331 ], [ 121.103348754448263, 14.634843579634456 ], [ 121.10328324818812, 14.634868655500789 ], [ 121.103194048394585, 14.63489700316314 ], [ 121.103162765589843, 14.634908986424053 ], [ 121.103143492991734, 14.634918405183399 ], [ 121.103131769422959, 14.634925416492839 ], [ 121.103116708025269, 14.634936657110906 ], [ 121.10310555383127, 14.634947508430027 ], [ 121.103096464933259, 14.63495888446421 ], [ 121.10308725679937, 14.634973874391825 ], [ 121.10308164025372, 14.634985455844937 ], [ 121.103076639639397, 14.634997944225136 ], [ 121.103069956621283, 14.635019246398683 ], [ 121.103064701935565, 14.635041749500223 ], [ 121.103059409685756, 14.635073482854079 ], [ 121.103055183071092, 14.635111899738977 ], [ 121.103052422421356, 14.635151566659331 ], [ 121.103049579283876, 14.635234524533915 ], [ 121.103048418160512, 14.635363681438452 ], [ 121.103048271666765, 14.635623164306018 ], [ 121.103050225229168, 14.635750942210286 ], [ 121.10305392170811, 14.635820534986868 ], [ 121.1030580437412, 14.635861458120724 ], [ 121.103064416694167, 14.635900964493986 ], [ 121.103067742225704, 14.635915986051488 ], [ 121.103073561530422, 14.635936864128375 ], [ 121.103080529417767, 14.635954991614522 ], [ 121.103091388024339, 14.635976593961555 ], [ 121.10310670685412, 14.636001608934487 ], [ 121.103137729341938, 14.636046606506648 ], [ 121.10316291645546, 14.63608015524529 ], [ 121.1031852538419, 14.636106066049411 ], [ 121.103196759108826, 14.636117658677758 ], [ 121.103213741703954, 14.636132467977431 ], [ 121.103228913444653, 14.636143389193769 ], [ 121.103242471981304, 14.636151399951052 ], [ 121.103258433801102, 14.636158949511241 ], [ 121.10326991979575, 14.636163281522483 ], [ 121.103286823599888, 14.636168143873478 ], [ 121.103311598931896, 14.636171958783589 ], [ 121.103325333202733, 14.636170969953172 ], [ 121.103326635088365, 14.636170037079976 ], [ 121.103325333764246, 14.636168204585614 ], [ 121.103323869122576, 14.636155891265547 ], [ 121.103326389512304, 14.636135323332972 ], [ 121.103331302870927, 14.636117654136605 ], [ 121.103339006836251, 14.63609959919552 ], [ 121.103345401358695, 14.636088432556875 ], [ 121.103352182846649, 14.636078787314165 ], [ 121.103359391208485, 14.63607023181601 ], [ 121.103368725448178, 14.636060985123349 ], [ 121.103387514038786, 14.636046443763302 ], [ 121.103402691060865, 14.636037309736819 ], [ 121.103437514368665, 14.636021834425073 ], [ 121.10347589677805, 14.636010512663553 ], [ 121.103500717787824, 14.63600544619856 ], [ 121.103525681552284, 14.636001805150904 ], [ 121.103568438978485, 14.635998627157555 ], [ 121.103689553463113, 14.635998462396682 ], [ 121.1037682432069, 14.635996784416788 ], [ 121.103805836342616, 14.635994357778205 ], [ 121.103838163531734, 14.635990686299836 ], [ 121.103864805329351, 14.635985867783816 ], [ 121.103889229840192, 14.635979091829604 ], [ 121.103901795651282, 14.635974200235349 ], [ 121.103912980960871, 14.635968588882957 ], [ 121.103926380209188, 14.635959382502129 ], [ 121.103935659816315, 14.635950225710129 ], [ 121.103943792785913, 14.635938516520241 ], [ 121.103950379288136, 14.635923366033866 ], [ 121.103953300522605, 14.63591198853579 ], [ 121.103954922801407, 14.63590001485006 ], [ 121.103954421452286, 14.635875614031191 ], [ 121.103951327532045, 14.635858582692586 ], [ 121.103945537451025, 14.635840235273228 ], [ 121.103939560607898, 14.635826124763989 ], [ 121.103913016918014, 14.635770152876697 ], [ 121.103877925169328, 14.63568486167383 ], [ 121.103866992492669, 14.635662257434696 ], [ 121.10383934670304, 14.635610437277922 ], [ 121.103830330451217, 14.635589914542736 ], [ 121.103823332981563, 14.635570254128627 ], [ 121.103813315086143, 14.63553289603097 ], [ 121.103806930794988, 14.635500635571038 ], [ 121.103791830923527, 14.635401837572497 ], [ 121.103786005357634, 14.635369473217125 ], [ 121.103779269720789, 14.635340620522006 ], [ 121.103771316321868, 14.635315117926817 ], [ 121.10376530740956, 14.635299881123235 ], [ 121.10375797062035, 14.635284065970117 ], [ 121.103732044289217, 14.63523381601205 ], [ 121.103719453580865, 14.635207796675365 ], [ 121.103673915797174, 14.635107991634175 ], [ 121.103654253006752, 14.635071216494953 ], [ 121.103622463169316, 14.635019060728462 ], [ 121.103615787068406, 14.635004563150751 ], [ 121.103614598529319, 14.634999866795402 ], [ 121.103615160431545, 14.634997556050395 ], [ 121.103616679703876, 14.634996059218661 ], [ 121.103618349978774, 14.634984765521583 ], [ 121.103615802030575, 14.634965336550072 ], [ 121.103610984268016, 14.634948444800678 ], [ 121.10360633973238, 14.634936777944192 ], [ 121.103597612944483, 14.63492016342531 ], [ 121.103588141460577, 14.634906501608469 ], [ 121.103576221023019, 14.634893109032848 ], [ 121.103559294381228, 14.634878491809912 ], [ 121.103545659904611, 14.634869171877629 ], [ 121.103518447637114, 14.634854953454228 ], [ 121.10348860326026, 14.634844173014264 ], [ 121.103452789809424, 14.634836315366957 ], [ 121.103416725111984, 14.63483339357477 ], [ 121.103399698063356, 14.634833811559156 ], [ 121.103384010084923, 14.634835341177396 ], [ 121.103370346944189, 14.634837675330331 ] ] ] ] } },
{ "type": "Feature", "properties": { "subcatchme": 5, "class_id": 14.0, "class_name": "Grassland", "nrcs_class": "open_space_poor", "SOILDESC": "Marikina silt loam", "SoilSeries": "Marikina", "hsg": "B", "slope_mean": 2.5205556690692901, "area_sqm": 20470.928, "site_id": 80, "land_avail": 1, "dist_drain": 0, "gi_type sg": "urban_fores", "objectid": 36668, "gthcode": "8011374020100000", "globalid": "{0F36E1A3-AAF4-404E-BC66-BA4F5CA57CFC}", "st_area(shape)": 0.00013665094827831963, "reg_name": "National Capital Region (NCR)", "prov_name": "NCR, Second District", "city_name": "City of Marikina", "brgy_name": "Santo Niño", "reg_code": "130000000", "prov_code": "137400000", "city_code": "137402000", "brgy_code": "137402010", "psgc_10d": "1380700010", "geographic_level": "Bgy", "old_names": "", "class": "Highly Urbanized Cities (HUC)", "income_class": "", "urban_rural2015": "U", "bgypop2015": 30759, "bgypop2020": 28849, "bgyarea_sqkm": 1.62883852, "gida": "No", "gida_yr": null, "st_perimeter(shape)": 0.050087313481653843, "created_user": null, "created_date": null, "last_edited_user": "ADMIN2", "last_edited_date": 1748789495000, "gi_type_x": "Bioswale", "flood_attenuation_score_x": 52.993947105736702, "site_cost_x": 114104978.13984001, "selected": 0, "gi_type_y": "Bioswale", "flood_attenuation_score_y": 52.993947105736702, "site_cost_y": 114104978.13984001, "selected_selection": null }, "geometry": { "type": "MultiPolygon", "coordinates": [ [ [ [ 121.103777533654608, 14.633138572263826 ], [ 121.103765514138274, 14.633132940018468 ], [ 121.103754322242338, 14.633126045694119 ], [ 121.103741939671679, 14.633116540775752 ], [ 121.103713055113943, 14.633089889901255 ], [ 121.103696996024922, 14.633076290121451 ], [ 121.103686007061995, 14.633068894980553 ], [ 121.103672181706401, 14.633062141874824 ], [ 121.103659056958946, 14.633058107431888 ], [ 121.103649381421405, 14.633056429053777 ], [ 121.103639370408118, 14.633055770950403 ], [ 121.103624330658789, 14.633056839560927 ], [ 121.103610034820633, 14.633060339804862 ], [ 121.103597528295751, 14.633065804841513 ], [ 121.103587764008552, 14.633072080252528 ], [ 121.103578215837558, 14.633080425127089 ], [ 121.103567957190734, 14.633092277865165 ], [ 121.103561255270009, 14.633101750262151 ], [ 121.103551661781111, 14.633117530547231 ], [ 121.103520096650129, 14.633175048064755 ], [ 121.103505306081402, 14.633196591493549 ], [ 121.103497346853388, 14.633206022920948 ], [ 121.103489442505975, 14.633214035959817 ], [ 121.103478121182704, 14.633223503262306 ], [ 121.103463536126569, 14.633233009048285 ], [ 121.103451498312438, 14.633239229785451 ], [ 121.103431071106996, 14.633247477003493 ], [ 121.103404944223044, 14.6332551680975 ], [ 121.103377187202767, 14.633261056551216 ], [ 121.103356703884373, 14.633264383471968 ], [ 121.103301524135105, 14.633270740787498 ], [ 121.103196908799006, 14.633279373994721 ], [ 121.103162580739351, 14.633282956830705 ], [ 121.103128976103505, 14.633287682430241 ], [ 121.103104544289735, 14.633292318276588 ], [ 121.103081115468811, 14.633298182308657 ], [ 121.103052591089408, 14.633308147461426 ], [ 121.103030099651932, 14.633319417926815 ], [ 121.10301729868462, 14.633327821223327 ], [ 121.103008110146789, 14.633334923679362 ], [ 121.102988931044308, 14.633352595941755 ], [ 121.102947859433002, 14.63339695009523 ], [ 121.102932387611574, 14.63341221975192 ], [ 121.102910974274053, 14.633430557012533 ], [ 121.102867660498546, 14.633464509178957 ], [ 121.102847956395323, 14.633482247639297 ], [ 121.102833270310342, 14.63349853585226 ], [ 121.102820309598584, 14.63351688413619 ], [ 121.10281353810349, 14.63352850678422 ], [ 121.102803937606112, 14.633547901838041 ], [ 121.102793396553949, 14.633573490528761 ], [ 121.102757385882313, 14.633676940121157 ], [ 121.10272528595641, 14.633753017278114 ], [ 121.102715780874519, 14.633781394235729 ], [ 121.102708808379745, 14.633810892556157 ], [ 121.102704062736777, 14.633842527332932 ], [ 121.102701748960058, 14.633874259645577 ], [ 121.102701790209565, 14.633905526756566 ], [ 121.102704282659261, 14.633935722152426 ], [ 121.102709520524613, 14.633964199362444 ], [ 121.102717971136627, 14.633990040404035 ], [ 121.102723471833869, 14.634001437711051 ], [ 121.102729684665462, 14.634011403912094 ], [ 121.102736211770065, 14.634019577893412 ], [ 121.102745711629865, 14.634028524375488 ], [ 121.102753165823557, 14.634033799559424 ], [ 121.102762320979807, 14.634038792184564 ], [ 121.102778534639498, 14.634044774960634 ], [ 121.10279046078854, 14.634047449538947 ], [ 121.102802904143999, 14.634049018567472 ], [ 121.10281554409346, 14.634049528234293 ], [ 121.102827978798459, 14.634049080096228 ], [ 121.102845042700707, 14.634047066484321 ], [ 121.102859236974567, 14.634044268559926 ], [ 121.102923165361389, 14.634026834410722 ], [ 121.102943311660809, 14.634022447442939 ], [ 121.102966484478927, 14.634018517108737 ], [ 121.102999392318551, 14.634014747422901 ], [ 121.103032746580197, 14.63401292435967 ], [ 121.103065941276867, 14.634013144198107 ], [ 121.103086344287604, 14.634014418381167 ], [ 121.103106269310942, 14.634016662874583 ], [ 121.103129368031091, 14.634020814759914 ], [ 121.103151167494303, 14.634026783372866 ], [ 121.103170936000623, 14.634034712769781 ], [ 121.103187499831037, 14.634044231902637 ], [ 121.103199663584846, 14.634053928465759 ], [ 121.103209869816666, 14.63406492489232 ], [ 121.103216742129504, 14.634074513279687 ], [ 121.103223077038578, 14.634085613725198 ], [ 121.103228592786678, 14.63409785521716 ], [ 121.10323609777457, 14.634121199708316 ], [ 121.103241052885977, 14.634146189879862 ], [ 121.103243990055759, 14.634176054525796 ], [ 121.103244000887329, 14.634214542091449 ], [ 121.103241672298154, 14.634241741254282 ], [ 121.103237346373902, 14.634268716290718 ], [ 121.103233983471441, 14.634283641787173 ], [ 121.103227919615975, 14.634304508000982 ], [ 121.103219310383466, 14.634326927752145 ], [ 121.103209718334398, 14.634346850660849 ], [ 121.103151780032704, 14.634453194310412 ], [ 121.103137303035496, 14.634476683245047 ], [ 121.103123625768418, 14.634495135956422 ], [ 121.103109751872523, 14.634510331878253 ], [ 121.103096157998692, 14.63452286050226 ], [ 121.103058801881573, 14.634553573499568 ], [ 121.103048619498807, 14.634563668191939 ], [ 121.103044290898822, 14.634569675171955 ], [ 121.103041985439063, 14.634574955780746 ], [ 121.103041039324054, 14.634580500505489 ], [ 121.103041731266885, 14.634586602613712 ], [ 121.103044327713178, 14.634592714816792 ], [ 121.103048538529478, 14.634598252757437 ], [ 121.103053723972835, 14.634602920226552 ], [ 121.103061024423567, 14.634607727833121 ], [ 121.103071236174301, 14.634612683872135 ], [ 121.103084372773935, 14.634617399855612 ], [ 121.103108442171575, 14.634623415891852 ], [ 121.103145455568225, 14.634629127095931 ], [ 121.103185393096041, 14.634632629937691 ], [ 121.103225570861909, 14.634634423091011 ], [ 121.103269813449373, 14.634634982341691 ], [ 121.103339836584169, 14.634633826686635 ], [ 121.103337904479716, 14.634629899662011 ], [ 121.103338543858172, 14.634625053720516 ], [ 121.103339833875225, 14.634622152454885 ], [ 121.103346334296731, 14.63461388579538 ], [ 121.103357696098584, 14.634605118315275 ], [ 121.103366717451962, 14.634599979168536 ], [ 121.103377993438485, 14.634594717408275 ], [ 121.103391262093879, 14.634589574903552 ], [ 121.103422721081259, 14.634580089105386 ], [ 121.103459390259673, 14.634571851301768 ], [ 121.103499911158067, 14.634564819698324 ], [ 121.10355356363111, 14.634557580556287 ], [ 121.103608210250428, 14.634551735800269 ], [ 121.103743090975641, 14.634539842554281 ], [ 121.103775924238192, 14.634535795621151 ], [ 121.103823284472966, 14.634527176704742 ], [ 121.10384470637527, 14.634521786080722 ], [ 121.103862696434177, 14.634516336779178 ], [ 121.103928504376753, 14.634492103643177 ], [ 121.10394611255586, 14.634486484940876 ], [ 121.103967779778898, 14.634480628177231 ], [ 121.103999964771447, 14.634473602703444 ], [ 121.104034265779873, 14.634467572277908 ], [ 121.104138540844701, 14.634451724322572 ], [ 121.104172666028646, 14.634445415906736 ], [ 121.104195643124342, 14.634440287337753 ], [ 121.104223331890154, 14.63443274444329 ], [ 121.104245340316695, 14.634425415564545 ], [ 121.104305638527947, 14.634402923196401 ], [ 121.104330385027566, 14.634395486467275 ], [ 121.104352407066628, 14.634390030189978 ], [ 121.104375736592317, 14.634385148475094 ], [ 121.104416672014651, 14.634378045974774 ], [ 121.104499478348174, 14.634365365004788 ], [ 121.104540219693774, 14.634357948215696 ], [ 121.104576301552441, 14.634349463249372 ], [ 121.104611089370081, 14.634338513247034 ], [ 121.1046259632095, 14.634332590536223 ], [ 121.103994682273651, 14.633428635032233 ], [ 121.103885881916483, 14.633272840217593 ], [ 121.103838629327555, 14.633146951562539 ], [ 121.103828759730035, 14.633147522322664 ], [ 121.103810366465069, 14.633146654985358 ], [ 121.103792889314292, 14.633143515933366 ], [ 121.103777533654608, 14.633138572263826 ] ] ] ] } },
{ "type": "Feature", "properties": { "subcatchme": 5, "class_id": 14.0, "class_name": "Grassland", "nrcs_class": "open_space_poor", "SOILDESC": "Marikina silt loam", "SoilSeries": "Marikina", "hsg": "B", "slope_mean": 1.8835762659708659, "area_sqm": 14845.881, "site_id": 82, "land_avail": 1, "dist_drain": 367, "gi_type sg": "urban_fores", "objectid": 36668, "gthcode": "8011374020100000", "globalid": "{0F36E1A3-AAF4-404E-BC66-BA4F5CA57CFC}", "st_area(shape)": 0.00013665094827831963, "reg_name": "National Capital Region (NCR)", "prov_name": "NCR, Second District", "city_name": "City of Marikina", "brgy_name": "Santo Niño", "reg_code": "130000000", "prov_code": "137400000", "city_code": "137402000", "brgy_code": "137402010", "psgc_10d": "1380700010", "geographic_level": "Bgy", "old_names": "", "class": "Highly Urbanized Cities (HUC)", "income_class": "", "urban_rural2015": "U", "bgypop2015": 30759, "bgypop2020": 28849, "bgyarea_sqkm": 1.62883852, "gida": "No", "gida_yr": null, "st_perimeter(shape)": 0.050087313481653843, "created_user": null, "created_date": null, "last_edited_user": "ADMIN2", "last_edited_date": 1748789495000, "gi_type_x": "Bioswale", "flood_attenuation_score_x": 49.423151418383803, "site_cost_x": 82757828.719179988, "selected": 0, "gi_type_y": "Bioswale", "flood_attenuation_score_y": 49.423151418383803, "site_cost_y": 82757828.719179988, "selected_selection": null }, "geometry": { "type": "MultiPolygon", "coordinates": [ [ [ [ 121.106075835878372, 14.640402835284151 ], [ 121.106073941223954, 14.640367719484514 ], [ 121.106069472350583, 14.640334050374124 ], [ 121.10606358710551, 14.640311189042137 ], [ 121.10605841320961, 14.640298017733794 ], [ 121.106052694091446, 14.640287160927338 ], [ 121.106046888743222, 14.640278456073789 ], [ 121.106040053747094, 14.640269892858404 ], [ 121.106016038226414, 14.640243028730163 ], [ 121.106009897631026, 14.640234776621355 ], [ 121.106004118571761, 14.6402252803246 ], [ 121.105998605337135, 14.640213579313283 ], [ 121.105993837962984, 14.640199870889283 ], [ 121.105990083424615, 14.640184735604391 ], [ 121.105987316170527, 14.640168663065413 ], [ 121.10598409229577, 14.640134960707897 ], [ 121.105982648515933, 14.640070786835956 ], [ 121.105987116460525, 14.639806567207408 ], [ 121.105984295489918, 14.639805618844937 ], [ 121.105980116157426, 14.639806882573287 ], [ 121.10597447036929, 14.639810299674812 ], [ 121.105966664238053, 14.639816797139032 ], [ 121.105955023813053, 14.639829020079926 ], [ 121.105919525238392, 14.639871739106242 ], [ 121.105908686940452, 14.639883833014204 ], [ 121.105891772335553, 14.639900730434228 ], [ 121.105870902462442, 14.639918090901299 ], [ 121.105852215078272, 14.639930764375565 ], [ 121.10582879848377, 14.639943773499166 ], [ 121.105811544190843, 14.639951800873865 ], [ 121.105775148125161, 14.639965532163712 ], [ 121.105738165873277, 14.639976186037977 ], [ 121.105699486495169, 14.639984724046959 ], [ 121.105628691295323, 14.639997542736069 ], [ 121.105605013471461, 14.64000281388965 ], [ 121.105582623073872, 14.640008729929114 ], [ 121.105552255353885, 14.640018701984587 ], [ 121.105492432186637, 14.640042660590117 ], [ 121.105462363929206, 14.640052779665146 ], [ 121.105432537606916, 14.640060990247477 ], [ 121.10533733489585, 14.640082981707883 ], [ 121.105306753391744, 14.640090933084695 ], [ 121.105274414037851, 14.640101030030578 ], [ 121.105208057633291, 14.64012549206058 ], [ 121.105190154502452, 14.640130925857264 ], [ 121.105168049633676, 14.640136448350496 ], [ 121.105135056888955, 14.640142755189544 ], [ 121.10510051635579, 14.64014760709005 ], [ 121.105065274100198, 14.640151379656345 ], [ 121.104949815991333, 14.640161318542894 ], [ 121.104917612894084, 14.640164842909281 ], [ 121.104886064434424, 14.640169308852107 ], [ 121.104855465030766, 14.640175127248924 ], [ 121.104832201753297, 14.640180976458904 ], [ 121.104806491460494, 14.640189455438328 ], [ 121.104780974833616, 14.640200457361461 ], [ 121.104701890187243, 14.640241443978887 ], [ 121.104678543015311, 14.640255113253492 ], [ 121.104662879589299, 14.640266164674495 ], [ 121.104650026786345, 14.640277531787012 ], [ 121.104640812064076, 14.640288082647002 ], [ 121.104633218678401, 14.640299629953915 ], [ 121.104626288249577, 14.640314607745646 ], [ 121.10462271747754, 14.640325956459424 ], [ 121.104620212200544, 14.64033796091138 ], [ 121.104618812136408, 14.640350319583636 ], [ 121.104618490131813, 14.640362735835977 ], [ 121.104620611464895, 14.640386132262201 ], [ 121.10462605470974, 14.640409429220902 ], [ 121.104651745358581, 14.640483951061302 ], [ 121.104674917973199, 14.640565373056928 ], [ 121.104686376443567, 14.640602435612781 ], [ 121.104699650908742, 14.640637284391614 ], [ 121.104707968880064, 14.64065505774694 ], [ 121.104715635080524, 14.640669286839744 ], [ 121.104724585385313, 14.640684115612768 ], [ 121.104804725347492, 14.6408062042492 ], [ 121.104815959717925, 14.640825488868574 ], [ 121.104824001899971, 14.640841656782017 ], [ 121.104832377127622, 14.640861735078561 ], [ 121.104842409771635, 14.640891793059657 ], [ 121.104851338160231, 14.640925491256821 ], [ 121.10486662178964, 14.640993452306121 ], [ 121.104874956948947, 14.641026408239426 ], [ 121.104886612095086, 14.641057869348151 ], [ 121.104898519398986, 14.641077372722245 ], [ 121.104907969503998, 14.641088912416876 ], [ 121.104922754747633, 14.641102841603141 ], [ 121.104937564876494, 14.641113441698661 ], [ 121.104949994283075, 14.641120573824594 ], [ 121.104972765030084, 14.641130797725271 ], [ 121.10498990952847, 14.64113675545452 ], [ 121.105029704746357, 14.641146704069767 ], [ 121.105070895175075, 14.641153070860504 ], [ 121.105112135437849, 14.641156661831779 ], [ 121.105145809958827, 14.64115798974229 ], [ 121.105175910918248, 14.641158131795313 ], [ 121.105232978625125, 14.641156004559774 ], [ 121.10523163719435, 14.641151055729292 ], [ 121.105232804114934, 14.641141523786642 ], [ 121.105237265812761, 14.641128676723213 ], [ 121.105244066645497, 14.641117115714684 ], [ 121.105251017319318, 14.641108858107419 ], [ 121.105260386243259, 14.641100564157338 ], [ 121.105272968200367, 14.641092312632013 ], [ 121.105280332888768, 14.641088481184967 ], [ 121.105296744544674, 14.64108174473999 ], [ 121.105314701364946, 14.641076445130992 ], [ 121.105338615051409, 14.641071824810018 ], [ 121.105362092328022, 14.641069492759929 ], [ 121.105448655310994, 14.64106885994449 ], [ 121.105490887315781, 14.641067211939713 ], [ 121.105511370304484, 14.641065305550791 ], [ 121.105534354983874, 14.641061644623941 ], [ 121.105548576889234, 14.641058167213187 ], [ 121.105561434966276, 14.641053861739673 ], [ 121.105572443457277, 14.641048980905154 ], [ 121.105572819317544, 14.641048759041173 ], [ 121.105572729349859, 14.640848184577056 ], [ 121.105856312945662, 14.640848063823668 ], [ 121.105856335445878, 14.640898082884485 ], [ 121.105862921690857, 14.640895914893273 ], [ 121.1059071700695, 14.640884817684988 ], [ 121.105922005799911, 14.640880439720345 ], [ 121.105936975971375, 14.640874781377711 ], [ 121.105950793230704, 14.640868269579396 ], [ 121.10596879491321, 14.640857632927004 ], [ 121.106016199493851, 14.640822598414546 ], [ 121.106032532078515, 14.64081241810633 ], [ 121.10604507257375, 14.640806396570834 ], [ 121.106057957516597, 14.640801986454443 ], [ 121.10606696073333, 14.640800391458349 ], [ 121.106071395820223, 14.640801342111855 ], [ 121.106076322002409, 14.64045671163848 ], [ 121.106075835878372, 14.640402835284151 ] ] ] ] } },
{ "type": "Feature", "properties": { "subcatchme": 5, "class_id": 17.0, "class_name": "Perennial Crop", "nrcs_class": "row_crop_good", "SOILDESC": "Marikina silt loam", "SoilSeries": "Marikina", "hsg": "B", "slope_mean": 1.471220771471659, "area_sqm": 4837.16, "site_id": 84, "land_avail": 1, "dist_drain": 364, "gi_type sg": "urban_fores", "objectid": 36668, "gthcode": "8011374020100000", "globalid": "{0F36E1A3-AAF4-404E-BC66-BA4F5CA57CFC}", "st_area(shape)": 0.00013665094827831963, "reg_name": "National Capital Region (NCR)", "prov_name": "NCR, Second District", "city_name": "City of Marikina", "brgy_name": "Santo Niño", "reg_code": "130000000", "prov_code": "137400000", "city_code": "137402000", "brgy_code": "137402010", "psgc_10d": "1380700010", "geographic_level": "Bgy", "old_names": "", "class": "Highly Urbanized Cities (HUC)", "income_class": "", "urban_rural2015": "U", "bgypop2015": 30759, "bgypop2020": 28849, "bgyarea_sqkm": 1.62883852, "gida": "No", "gida_yr": null, "st_perimeter(shape)": 0.050087313481653843, "created_user": null, "created_date": null, "last_edited_user": "ADMIN2", "last_edited_date": 1748789495000, "gi_type_x": "Urban forest patch", "flood_attenuation_score_x": 36.375344764786398, "site_cost_x": 7167115.1115999995, "selected": 1, "gi_type_y": "Urban forest patch", "flood_attenuation_score_y": 36.375344764786398, "site_cost_y": 7167115.1115999995, "selected_selection": 1.0 }, "geometry": { "type": "MultiPolygon", "coordinates": [ [ [ [ 121.106532596710665, 14.640714206102874 ], [ 121.106553078933914, 14.640711303714458 ], [ 121.106568341081456, 14.640707852774201 ], [ 121.106582077958137, 14.640703241702795 ], [ 121.106588186572779, 14.640700515178912 ], [ 121.106598542552788, 14.640694439690364 ], [ 121.106609723107326, 14.640684430700858 ], [ 121.106616065884907, 14.640675725278204 ], [ 121.106618940997677, 14.640670474572353 ], [ 121.106623670242115, 14.640658455646177 ], [ 121.106625424581011, 14.640651851090617 ], [ 121.106627617147751, 14.640637877572098 ], [ 121.106628029952176, 14.640623412411831 ], [ 121.106626676500795, 14.640609044943588 ], [ 121.106623570083158, 14.640595389803462 ], [ 121.106618838641879, 14.640583113168425 ], [ 121.106612893228586, 14.640572879903683 ], [ 121.106606366835067, 14.6405649102435 ], [ 121.106598595602534, 14.64055792996767 ], [ 121.106582306278654, 14.640547932466935 ], [ 121.106568861809478, 14.640542158588685 ], [ 121.106554185577949, 14.640537148270912 ], [ 121.106509839157326, 14.640523557060781 ], [ 121.106492072093957, 14.64051562246746 ], [ 121.10648348713498, 14.640509906194886 ], [ 121.106477110719979, 14.640503821099287 ], [ 121.106471987128003, 14.640496032747921 ], [ 121.106470317639406, 14.640491128245973 ], [ 121.106469471875371, 14.640485633992164 ], [ 121.106470382738237, 14.640473701486865 ], [ 121.106471982082965, 14.640467744540915 ], [ 121.106476684638977, 14.640456672496798 ], [ 121.106486507406075, 14.640441128944067 ], [ 121.106514444546875, 14.640406244998097 ], [ 121.106528624460168, 14.640385591123234 ], [ 121.106537980906012, 14.640366412636483 ], [ 121.106540423113984, 14.64035752727222 ], [ 121.106539336362772, 14.640353290840181 ], [ 121.106534129309026, 14.640354578750431 ], [ 121.106524066799992, 14.640353390736262 ], [ 121.106510532223751, 14.640348924705965 ], [ 121.106498405341938, 14.640342122269303 ], [ 121.106489791089047, 14.640335169473691 ], [ 121.10648119564101, 14.640325809327305 ], [ 121.106472724837232, 14.640313281761047 ], [ 121.106465235540782, 14.640298110672687 ], [ 121.106460515987109, 14.640285423844801 ], [ 121.106456702820026, 14.640272249153817 ], [ 121.10645244764082, 14.64025152663277 ], [ 121.106450006680092, 14.640231498467401 ], [ 121.106445838910972, 14.640176581793479 ], [ 121.106442048049715, 14.640152913315948 ], [ 121.106438379676717, 14.640138225172356 ], [ 121.106433745992277, 14.640124942589379 ], [ 121.10642563971065, 14.640108768776685 ], [ 121.106416694959108, 14.640096092758698 ], [ 121.106392877670487, 14.640069054957618 ], [ 121.106386193163189, 14.640060368262821 ], [ 121.106377817574256, 14.640046265385946 ], [ 121.106372618893303, 14.64003392530141 ], [ 121.106368297091734, 14.640019452348074 ], [ 121.106363810811956, 14.639995160069482 ], [ 121.1063607126531, 14.639962160018195 ], [ 121.106357772978114, 14.639914479461607 ], [ 121.106353920885084, 14.639882373378857 ], [ 121.106350421596105, 14.6398669112208 ], [ 121.106345599429247, 14.63985320416371 ], [ 121.106339599525981, 14.639841969132677 ], [ 121.106332976432682, 14.639833481754756 ], [ 121.106325000709973, 14.639826322680838 ], [ 121.106319991037324, 14.639822891173301 ], [ 121.106307886681549, 14.639816712478655 ], [ 121.106300935637606, 14.639814100210316 ], [ 121.106277493122519, 14.639808288352389 ], [ 121.106260405469371, 14.639805879182507 ], [ 121.106242644783649, 14.639804346563562 ], [ 121.106185862889859, 14.639802951915057 ], [ 121.105987116460525, 14.639806567207408 ], [ 121.105982648515933, 14.640070786835956 ], [ 121.10598409229577, 14.640134960707897 ], [ 121.105987316170527, 14.640168663065413 ], [ 121.105990083424615, 14.640184735604391 ], [ 121.105993837962984, 14.640199870889283 ], [ 121.105998605337135, 14.640213579313283 ], [ 121.106004118571761, 14.6402252803246 ], [ 121.106009897631026, 14.640234776621355 ], [ 121.106016038226414, 14.640243028730163 ], [ 121.106040053747094, 14.640269892858404 ], [ 121.106046888743222, 14.640278456073789 ], [ 121.106052694091446, 14.640287160927338 ], [ 121.10605841320961, 14.640298017733794 ], [ 121.10606358710551, 14.640311189042137 ], [ 121.106069472350583, 14.640334050374124 ], [ 121.106073941223954, 14.640367719484514 ], [ 121.106075835878372, 14.640402835284151 ], [ 121.106076322002409, 14.64045671163848 ], [ 121.106071395820223, 14.640801342111855 ], [ 121.106164208384499, 14.640802097376802 ], [ 121.10616280966606, 14.640797223995552 ], [ 121.106163030057985, 14.640793175327776 ], [ 121.106165779624178, 14.640781682535218 ], [ 121.10616843213694, 14.640775224466028 ], [ 121.106175209301782, 14.640763818670049 ], [ 121.106186375701455, 14.640751568369238 ], [ 121.106197308394499, 14.64074318769131 ], [ 121.106211288313474, 14.640735242096044 ], [ 121.106227678639343, 14.640728389729629 ], [ 121.106249529456605, 14.640721975814341 ], [ 121.106272234622537, 14.640717676317603 ], [ 121.106294680607107, 14.640715348428479 ], [ 121.106336406479912, 14.640715022800642 ], [ 121.106466756012239, 14.640717070218559 ], [ 121.10651119192724, 14.640715911691418 ], [ 121.106532596710665, 14.640714206102874 ] ] ] ] } },
{ "type": "Feature", "properties": { "subcatchme": 9, "class_id": 10.0, "class_name": "Brush/Shrubs", "nrcs_class": "open_space_good", "SOILDESC": "Quingua silt loam", "SoilSeries": "Quingua", "hsg": "B", "slope_mean": 4.0993032455444336, "area_sqm": 7111.181, "site_id": 105, "land_avail": 1, "dist_drain": 10, "gi_type sg": "urban_fores", "objectid": 36668, "gthcode": "8011374020100000", "globalid": "{0F36E1A3-AAF4-404E-BC66-BA4F5CA57CFC}", "st_area(shape)": 0.00013665094827831963, "reg_name": "National Capital Region (NCR)", "prov_name": "NCR, Second District", "city_name": "City of Marikina", "brgy_name": "Santo Niño", "reg_code": "130000000", "prov_code": "137400000", "city_code": "137402000", "brgy_code": "137402010", "psgc_10d": "1380700010", "geographic_level": "Bgy", "old_names": "", "class": "Highly Urbanized Cities (HUC)", "income_class": "", "urban_rural2015": "U", "bgypop2015": 30759, "bgypop2020": 28849, "bgyarea_sqkm": 1.62883852, "gida": "No", "gida_yr": null, "st_perimeter(shape)": 0.050087313481653843, "created_user": null, "created_date": null, "last_edited_user": "ADMIN2", "last_edited_date": 1748789495000, "gi_type_x": "Bioswale", "flood_attenuation_score_x": 43.747830842191597, "site_cost_x": 39654047.253179997, "selected": 0, "gi_type_y": "Bioswale", "flood_attenuation_score_y": 43.747830842191597, "site_cost_y": 39654047.253179997, "selected_selection": null }, "geometry": { "type": "MultiPolygon", "coordinates": [ [ [ [ 121.091749592533901, 14.639538566807685 ], [ 121.091735957453565, 14.639569061895722 ], [ 121.091723266248252, 14.639607614976926 ], [ 121.091711322464761, 14.639651827799664 ], [ 121.09168991342554, 14.639739037486345 ], [ 121.091678608186811, 14.639781321599793 ], [ 121.091670546453599, 14.639807670966475 ], [ 121.091658415844876, 14.639840750342408 ], [ 121.091634533099821, 14.63989373428414 ], [ 121.091623973718555, 14.639920287289053 ], [ 121.091610576138649, 14.639962272282396 ], [ 121.091590113390396, 14.640037291421859 ], [ 121.091577120679247, 14.640078824260922 ], [ 121.091566137198299, 14.640107190242107 ], [ 121.091539668419287, 14.640163722619487 ], [ 121.091528468019803, 14.640190982484546 ], [ 121.091516775557608, 14.640226089752046 ], [ 121.091491588389985, 14.640317300777705 ], [ 121.091480261141783, 14.64035342861462 ], [ 121.091469256062496, 14.64038235651859 ], [ 121.091443941050031, 14.6404402719788 ], [ 121.091433232677815, 14.640470736813604 ], [ 121.091423041934164, 14.640509068174621 ], [ 121.091416236574844, 14.640541462807006 ], [ 121.091398555445735, 14.640640301231 ], [ 121.091393473640636, 14.640664929546856 ], [ 121.091393652322594, 14.641129888331363 ], [ 121.09126468219138, 14.641129935279775 ], [ 121.091249964693375, 14.641166610981148 ], [ 121.091241822717535, 14.641191063676038 ], [ 121.09123579332865, 14.641212829795526 ], [ 121.091230354335778, 14.641235874988757 ], [ 121.091222525484724, 14.641275308347639 ], [ 121.091208458728417, 14.641355135200692 ], [ 121.09120045164633, 14.641394462265334 ], [ 121.091197631872191, 14.641406066225718 ], [ 121.091393758432517, 14.641405994857529 ], [ 121.09139381609215, 14.64155602719568 ], [ 121.091394110405716, 14.641552260548428 ], [ 121.091397723117765, 14.641464046459138 ], [ 121.091401184068644, 14.641285548633979 ], [ 121.091404913460963, 14.641198114497387 ], [ 121.091408398775698, 14.641155737366402 ], [ 121.091411326468275, 14.641130715941921 ], [ 121.091415047751084, 14.641106339045077 ], [ 121.091420675516417, 14.641078744306498 ], [ 121.091428004923401, 14.641052511858559 ], [ 121.091435808082792, 14.64103170736616 ], [ 121.091444664312036, 14.641013633485523 ], [ 121.091453352281206, 14.640999666492837 ], [ 121.091463269869664, 14.640986691013017 ], [ 121.091471756230021, 14.640977145125687 ], [ 121.091522204243432, 14.640928937385221 ], [ 121.091538405750427, 14.64091101229695 ], [ 121.091547164669208, 14.640899357573113 ], [ 121.091556260163003, 14.640885061351501 ], [ 121.091570981813078, 14.640855907268543 ], [ 121.091580968704406, 14.640831377505938 ], [ 121.091613805252877, 14.640739180896199 ], [ 121.091625360833376, 14.640711638369996 ], [ 121.091651724264835, 14.640654844857625 ], [ 121.091658063143726, 14.640638604737575 ], [ 121.091664738312758, 14.640618575404567 ], [ 121.091674723406939, 14.640580836984524 ], [ 121.091682912429604, 14.640541278222699 ], [ 121.091697335546016, 14.640460892124633 ], [ 121.091705451261802, 14.640421222506934 ], [ 121.09171109302649, 14.640398225948848 ], [ 121.091723320704148, 14.64035897141072 ], [ 121.091745291051538, 14.64030474454592 ], [ 121.091746513599972, 14.640301439789411 ], [ 121.091676917021431, 14.640301465237282 ], [ 121.091676810566199, 14.640025358687286 ], [ 121.091786124411627, 14.640025318708327 ], [ 121.091786897495581, 14.639999985681587 ], [ 121.091788564970088, 14.639850756934026 ], [ 121.091788484672989, 14.639509849438825 ], [ 121.091782357771535, 14.639507702598298 ], [ 121.091773863902915, 14.639510398316217 ], [ 121.091763963830914, 14.639518139670724 ], [ 121.091749592533901, 14.639538566807685 ] ] ], [ [ [ 121.090962609204112, 14.64224272021143 ], [ 121.090950139543239, 14.642276011818872 ], [ 121.090939577095341, 14.642310293270739 ], [ 121.090915874982983, 14.642395972990002 ], [ 121.090904923282423, 14.642429434291346 ], [ 121.090892282191447, 14.642460759820645 ], [ 121.090865723060617, 14.642518126346845 ], [ 121.090854309787574, 14.642548184099439 ], [ 121.09084310220382, 14.642584182721942 ], [ 121.090820341692933, 14.642666909592633 ], [ 121.090808555007953, 14.642703539672711 ], [ 121.090797631216716, 14.642731412649999 ], [ 121.090776213387144, 14.642779972209862 ], [ 121.090764574972425, 14.64281190963189 ], [ 121.090753330768067, 14.64285342238496 ], [ 121.090745185065884, 14.642892659713224 ], [ 121.090731040422327, 14.642972437057074 ], [ 121.090723173533007, 14.643011846568351 ], [ 121.090717674404345, 14.643034855093566 ], [ 121.090711538720385, 14.643056555245632 ], [ 121.090709315362531, 14.643062882480692 ], [ 121.09082722200958, 14.643062839838208 ], [ 121.090827360349181, 14.643425175956247 ], [ 121.090845498525894, 14.643369678341807 ], [ 121.09085850950899, 14.643337985337476 ], [ 121.09086799624933, 14.643318826796282 ], [ 121.090900885775369, 14.643258029321119 ], [ 121.090930893823028, 14.643192123925632 ], [ 121.090946035505823, 14.643160692395464 ], [ 121.090956499860312, 14.643141505720598 ], [ 121.090983286311129, 14.643096384523529 ], [ 121.090997135327385, 14.643070171250915 ], [ 121.09103744586136, 14.642980071272847 ], [ 121.091073272789629, 14.642907822544453 ], [ 121.091082193937098, 14.642885371652001 ], [ 121.091091139861476, 14.642857054074955 ], [ 121.091097029639627, 14.642834054162533 ], [ 121.09110534556703, 14.642794552520021 ], [ 121.091119862887638, 14.642714273922476 ], [ 121.091131726961464, 14.642659255758058 ], [ 121.091137779657217, 14.642637271142535 ], [ 121.091145966616878, 14.642612563984011 ], [ 121.09117003196917, 14.642553443647101 ], [ 121.091177762755052, 14.642532110813978 ], [ 121.091184004657165, 14.642511750811943 ], [ 121.091191667384791, 14.642481441768384 ], [ 121.091199757009775, 14.642441808127469 ], [ 121.091213865178005, 14.642361285772402 ], [ 121.091221679665395, 14.642321481782485 ], [ 121.091227103098973, 14.642298201502195 ], [ 121.09123311702443, 14.642276189452074 ], [ 121.091241239330657, 14.642251441993221 ], [ 121.091248089798967, 14.642234367538869 ], [ 121.090966209627695, 14.64223446988921 ], [ 121.090962609204112, 14.64224272021143 ] ] ], [ [ [ 121.090524745497405, 14.643649295009169 ], [ 121.090513862761782, 14.643690105810567 ], [ 121.090505005584376, 14.643718451191003 ], [ 121.090495953852056, 14.643743322920542 ], [ 121.090487724391906, 14.643762846012073 ], [ 121.090477666053545, 14.643783586755141 ], [ 121.090457321624868, 14.643821890733577 ], [ 121.090452695196163, 14.643832218320034 ], [ 121.090451583460194, 14.643836693405316 ], [ 121.090543930445932, 14.643838212918277 ], [ 121.090543825763191, 14.643563114123213 ], [ 121.090524745497405, 14.643649295009169 ] ] ] ] } },
{ "type": "Feature", "properties": { "subcatchme": 9, "class_id": 14.0, "class_name": "Grassland", "nrcs_class": "open_space_poor", "SOILDESC": "Marikina silt loam", "SoilSeries": "Marikina", "hsg": "B", "slope_mean": 2.958870339393616, "area_sqm": 9662.438, "site_id": 109, "land_avail": 1, "dist_drain": 0, "gi_type sg": "urban_fores", "objectid": 36668, "gthcode": "8011374020100000", "globalid": "{0F36E1A3-AAF4-404E-BC66-BA4F5CA57CFC}", "st_area(shape)": 0.00013665094827831963, "reg_name": "National Capital Region (NCR)", "prov_name": "NCR, Second District", "city_name": "City of Marikina", "brgy_name": "Santo Niño", "reg_code": "130000000", "prov_code": "137400000", "city_code": "137402000", "brgy_code": "137402010", "psgc_10d": "1380700010", "geographic_level": "Bgy", "old_names": "", "class": "Highly Urbanized Cities (HUC)", "income_class": "", "urban_rural2015": "U", "bgypop2015": 30759, "bgypop2020": 28849, "bgyarea_sqkm": 1.62883852, "gida": "No", "gida_yr": null, "st_perimeter(shape)": 0.050087313481653843, "created_user": null, "created_date": null, "last_edited_user": "ADMIN2", "last_edited_date": 1748789495000, "gi_type_x": "Bioswale", "flood_attenuation_score_x": 46.132687194700097, "site_cost_x": 53871641.237640001, "selected": 0, "gi_type_y": "Bioswale", "flood_attenuation_score_y": 46.132687194700097, "site_cost_y": 53871641.237640001, "selected_selection": null }, "geometry": { "type": "MultiPolygon", "coordinates": [ [ [ [ 121.093648416270327, 14.639505579496705 ], [ 121.093645125261503, 14.639437541006489 ], [ 121.093645491416339, 14.63943469550618 ], [ 121.093644869096579, 14.639427871000574 ], [ 121.093652919989481, 14.639277806928801 ], [ 121.093654603832832, 14.63922311001247 ], [ 121.093655125730805, 14.639166785935108 ], [ 121.093653928138238, 14.639111487042911 ], [ 121.093651998733108, 14.639078151389032 ], [ 121.093648958803442, 14.639047013503747 ], [ 121.093642833198146, 14.63900990753759 ], [ 121.0936339559819, 14.638979412279054 ], [ 121.09362837951052, 14.638965874190003 ], [ 121.093622096612705, 14.638953420191362 ], [ 121.093612011585719, 14.638937672652578 ], [ 121.093602279573389, 14.638925864573064 ], [ 121.093594601590894, 14.63891814182675 ], [ 121.093579977121308, 14.638905908694007 ], [ 121.093556584228594, 14.638890231090194 ], [ 121.093525157880691, 14.638872523015747 ], [ 121.093452390079975, 14.638833709019643 ], [ 121.093430533934495, 14.638823977763119 ], [ 121.093412283774086, 14.638817359506008 ], [ 121.09339790413317, 14.638812994275062 ], [ 121.09336616849312, 14.638805410640616 ], [ 121.093336768479404, 14.638800259044286 ], [ 121.093306577541497, 14.638796302901858 ], [ 121.093262650276714, 14.638792268572102 ], [ 121.093218227778195, 14.638789690575139 ], [ 121.093173470494463, 14.638788261155689 ], [ 121.093128736668831, 14.638787876610339 ], [ 121.09308439341045, 14.638788588747047 ], [ 121.093053029268162, 14.638789895213584 ], [ 121.093022264153191, 14.638792019923891 ], [ 121.092992309827977, 14.638795161622232 ], [ 121.092953113841034, 14.63880161109434 ], [ 121.092916785727482, 14.638811411522306 ], [ 121.092903936707913, 14.638816276659094 ], [ 121.092892005971521, 14.638821749383332 ], [ 121.092881312197051, 14.638827685904955 ], [ 121.092872211018843, 14.638833747535163 ], [ 121.092861193646101, 14.638842759445337 ], [ 121.09285369225384, 14.638850262046534 ], [ 121.092845932903273, 14.638859474163187 ], [ 121.092834826244868, 14.638875809017197 ], [ 121.092824923357455, 14.638894192506637 ], [ 121.092810822662955, 14.638927463681457 ], [ 121.092781987931403, 14.639007894495332 ], [ 121.092773568157568, 14.639028437351959 ], [ 121.092749806524139, 14.639081626682749 ], [ 121.092742202209052, 14.639101679178227 ], [ 121.092736238919429, 14.639120441968482 ], [ 121.09272731598054, 14.639156027492414 ], [ 121.092719755205877, 14.639196061400002 ], [ 121.092705229100318, 14.639286380371043 ], [ 121.092695405605809, 14.639337666821772 ], [ 121.09268837265067, 14.639368608294056 ], [ 121.09268065654436, 14.639398047621835 ], [ 121.092672963096945, 14.639423684317803 ], [ 121.092644192707567, 14.639505138626967 ], [ 121.092634907574549, 14.639534838014626 ], [ 121.092626033898512, 14.639572343416157 ], [ 121.092622672307314, 14.639594644765047 ], [ 121.092622453715038, 14.639606080342938 ], [ 121.092623004930658, 14.639607060868219 ], [ 121.092627917227645, 14.639606266095042 ], [ 121.092631849335035, 14.639607192992425 ], [ 121.09264883688374, 14.63961459984897 ], [ 121.092663385659151, 14.63962345434625 ], [ 121.092696783241919, 14.639647524554491 ], [ 121.09271472106775, 14.639659569810469 ], [ 121.092732472083085, 14.639669603680606 ], [ 121.092747029347635, 14.639676403203516 ], [ 121.092772397281806, 14.639685653613503 ], [ 121.092790397026363, 14.639690536556106 ], [ 121.09281435415889, 14.639695166473739 ], [ 121.092836719324083, 14.639697665045022 ], [ 121.092880938455082, 14.639700058918731 ], [ 121.092923477118021, 14.639701110559242 ], [ 121.093175460834871, 14.639703299814919 ], [ 121.093427689669639, 14.639706880714163 ], [ 121.093489249489323, 14.639706434271032 ], [ 121.093529120473818, 14.63970427565479 ], [ 121.093548233503412, 14.639702133168329 ], [ 121.093566517612146, 14.639698922933135 ], [ 121.0935815259988, 14.639694980970397 ], [ 121.093594849033536, 14.639689938940794 ], [ 121.093605875765206, 14.63968403584262 ], [ 121.093614375283565, 14.639677784900535 ], [ 121.093621655224638, 14.639670238890925 ], [ 121.093628822031732, 14.639659028307237 ], [ 121.093635209748953, 14.639643990448944 ], [ 121.093640331188396, 14.639625757538873 ], [ 121.093645178898754, 14.639596986915642 ], [ 121.093647776292855, 14.639566222347097 ], [ 121.093648683008396, 14.639535189084162 ], [ 121.093648416270327, 14.639505579496705 ] ] ] ] } },
{ "type": "Feature", "properties": { "subcatchme": 9, "class_id": 13.0, "class_name": "Open/Barren", "nrcs_class": "open_space_poor", "SOILDESC": "Marikina clay loam", "SoilSeries": "Marikina", "hsg": "D", "slope_mean": 1.5955274858069759, "area_sqm": 430.586, "site_id": 104, "land_avail": 1, "dist_drain": 61, "gi_type sg": "permeable_p", "objectid": 39368, "gthcode": "8011374020110000", "globalid": "{04DE2EC3-ED48-40ED-9E3D-2997D47C5A9B}", "st_area(shape)": 3.3722488463434902e-05, "reg_name": "National Capital Region (NCR)", "prov_name": "NCR, Second District", "city_name": "City of Marikina", "brgy_name": "Tañong", "reg_code": "130000000", "prov_code": "137400000", "city_code": "137402000", "brgy_code": "137402011", "psgc_10d": "1380700011", "geographic_level": "Bgy", "old_names": "", "class": "Highly Urbanized Cities (HUC)", "income_class": "", "urban_rural2015": "U", "bgypop2015": 8270, "bgypop2020": 8902, "bgyarea_sqkm": 0.4019742, "gida": "No", "gida_yr": null, "st_perimeter(shape)": 0.025829371219363514, "created_user": null, "created_date": null, "last_edited_user": "ADMIN2", "last_edited_date": 1748789495000, "gi_type_x": "Bioswale", "flood_attenuation_score_x": 40.296066245381802, "site_cost_x": 2424561.0490799998, "selected": 1, "gi_type_y": "Bioswale", "flood_attenuation_score_y": 40.296066245381802, "site_cost_y": 2424561.0490799998, "selected_selection": 1.0 }, "geometry": { "type": "MultiPolygon", "coordinates": [ [ [ [ 121.087451683799458, 14.62751345943885 ], [ 121.087445149525095, 14.627522706765653 ], [ 121.087439131692932, 14.627533086162416 ], [ 121.087436004425342, 14.627542135536565 ], [ 121.087436904411035, 14.627545170353772 ], [ 121.087558609648298, 14.627544087506317 ], [ 121.087581164911157, 14.627545593920098 ], [ 121.087593529747593, 14.627548126419962 ], [ 121.087598857677506, 14.627549999272874 ], [ 121.087607393159615, 14.627554878895559 ], [ 121.087613434676769, 14.627561162288227 ], [ 121.087615933347294, 14.627565216963378 ], [ 121.087619870071521, 14.627575443130976 ], [ 121.087625854867227, 14.627606603379441 ], [ 121.087629314013711, 14.62761742568919 ], [ 121.087634149759808, 14.62762543972679 ], [ 121.08764072999432, 14.627631355213643 ], [ 121.0876451652546, 14.627633849718691 ], [ 121.087651630804189, 14.627636181958257 ], [ 121.087666946305887, 14.627638590471989 ], [ 121.087685524345872, 14.627639156898626 ], [ 121.087714539863114, 14.627637820853534 ], [ 121.087713936534826, 14.627635789782953 ], [ 121.087716272034214, 14.627628570241894 ], [ 121.087727212716146, 14.627609714691834 ], [ 121.08781652925633, 14.627490097161482 ], [ 121.087500664486669, 14.627455001075562 ], [ 121.087493870860058, 14.627462657672186 ], [ 121.087451683799458, 14.62751345943885 ] ] ] ] } },
{ "type": "Feature", "properties": { "subcatchme": 9, "class_id": 13.0, "class_name": "Open/Barren", "nrcs_class": "open_space_poor", "SOILDESC": "Marikina silt loam", "SoilSeries": "Marikina", "hsg": "B", "slope_mean": 3.0819866903896989, "area_sqm": 30443.005, "site_id": 108, "land_avail": 1, "dist_drain": 0, "gi_type sg": "urban_fores", "objectid": 39368, "gthcode": "8011374020110000", "globalid": "{04DE2EC3-ED48-40ED-9E3D-2997D47C5A9B}", "st_area(shape)": 3.3722488463434902e-05, "reg_name": "National Capital Region (NCR)", "prov_name": "NCR, Second District", "city_name": "City of Marikina", "brgy_name": "Tañong", "reg_code": "130000000", "prov_code": "137400000", "city_code": "137402000", "brgy_code": "137402011", "psgc_10d": "1380700011", "geographic_level": "Bgy", "old_names": "", "class": "Highly Urbanized Cities (HUC)", "income_class": "", "urban_rural2015": "U", "bgypop2015": 8270, "bgypop2020": 8902, "bgyarea_sqkm": 0.4019742, "gida": "No", "gida_yr": null, "st_perimeter(shape)": 0.025829371219363514, "created_user": null, "created_date": null, "last_edited_user": "ADMIN2", "last_edited_date": 1748789495000, "gi_type_x": "Bioswale", "flood_attenuation_score_x": 59.324249687306299, "site_cost_x": 169677169.4039, "selected": 0, "gi_type_y": "Bioswale", "flood_attenuation_score_y": 59.324249687306299, "site_cost_y": 169677169.4039, "selected_selection": null }, "geometry": { "type": "MultiPolygon", "coordinates": [ [ [ [ 121.087927612128667, 14.627325411589966 ], [ 121.087941320403047, 14.627308275911611 ], [ 121.08795614144951, 14.627292539272482 ], [ 121.087977910589871, 14.627272389917199 ], [ 121.088002058968101, 14.627251866071886 ], [ 121.088030037869103, 14.627231109782597 ], [ 121.088054052958086, 14.627217082511304 ], [ 121.088085958902056, 14.62720241872743 ], [ 121.088140645077956, 14.627181068298764 ], [ 121.088173303489043, 14.627166967363141 ], [ 121.088195878503953, 14.627154717601453 ], [ 121.088214100344658, 14.627141855541494 ], [ 121.088230812260051, 14.627125868709781 ], [ 121.088241223572325, 14.62711294073508 ], [ 121.088247935932884, 14.627103165268002 ], [ 121.088254288243789, 14.627092846426999 ], [ 121.088283461019373, 14.627037740843223 ], [ 121.088298535045155, 14.627013468000436 ], [ 121.088304998067073, 14.627005369578004 ], [ 121.088311512619356, 14.626998609069199 ], [ 121.088323509031497, 14.626989448110221 ], [ 121.088333587436949, 14.626984419438992 ], [ 121.088341303044047, 14.626981833082331 ], [ 121.08834911036567, 14.626980124076903 ], [ 121.08835980545318, 14.626979015337701 ], [ 121.088375185865132, 14.626979282540352 ], [ 121.088405253333377, 14.62698207414266 ], [ 121.088423918220585, 14.62698300270109 ], [ 121.088447694066232, 14.626982348330035 ], [ 121.088460502821903, 14.626981094263995 ], [ 121.088479927480932, 14.626977882830637 ], [ 121.088492557602578, 14.626974856024926 ], [ 121.088504452217762, 14.626971235771132 ], [ 121.088519812010233, 14.626965306957844 ], [ 121.088537395357946, 14.626956616577475 ], [ 121.088557045528077, 14.626944828970503 ], [ 121.08858871215287, 14.626923600401554 ], [ 121.088615212315204, 14.62690446941915 ], [ 121.088641051722689, 14.626883292433501 ], [ 121.088724167618253, 14.626809658719123 ], [ 121.088766470255166, 14.626768511052566 ], [ 121.088813726201892, 14.626723939191672 ], [ 121.088897028055555, 14.626639420831676 ], [ 121.088919524729462, 14.626614977485088 ], [ 121.088961083716612, 14.626566660864306 ], [ 121.088980549558329, 14.626543025866031 ], [ 121.088997188959397, 14.626519962319426 ], [ 121.089008784128652, 14.626501712121989 ], [ 121.089048252730265, 14.626435399915305 ], [ 121.089059084688415, 14.626419435262985 ], [ 121.089072214221957, 14.626402128470078 ], [ 121.089119453534295, 14.62634714248588 ], [ 121.0891193032448, 14.625944833860233 ], [ 121.089452837421234, 14.625944715494011 ], [ 121.089462166636565, 14.625933582898554 ], [ 121.089512083316848, 14.62587976783654 ], [ 121.089527961268161, 14.625864569314505 ], [ 121.089550900757388, 14.625844602888463 ], [ 121.089585021342913, 14.625816262193288 ], [ 121.089609023271976, 14.62579750460122 ], [ 121.089627118005069, 14.625785044419878 ], [ 121.089644757122429, 14.62577429032136 ], [ 121.089713321319749, 14.625736912996878 ], [ 121.089740816562568, 14.625719884819111 ], [ 121.089773905147638, 14.625695394473796 ], [ 121.089841254137568, 14.625641413201837 ], [ 121.089940920193129, 14.625550942962407 ], [ 121.089983128955069, 14.625509756292189 ], [ 121.090030556077508, 14.625465507246203 ], [ 121.090076581363405, 14.625419797142563 ], [ 121.090123809670501, 14.625375244603465 ], [ 121.090169755099723, 14.625329427184189 ], [ 121.090217018734535, 14.625284970704529 ], [ 121.090266957474753, 14.625235972401658 ], [ 121.090350162536026, 14.625159405250125 ], [ 121.090375345012944, 14.625137843083344 ], [ 121.09044024301123, 14.625086919548965 ], [ 121.090458509203785, 14.625074153433994 ], [ 121.090473064918953, 14.625065128994134 ], [ 121.090497575675997, 14.625051803152031 ], [ 121.090575896282331, 14.625014057258335 ], [ 121.090636105035912, 14.624980885685977 ], [ 121.090663621328488, 14.624967416367182 ], [ 121.090756517081971, 14.624929126537433 ], [ 121.090820905344216, 14.624898503289433 ], [ 121.090853103247966, 14.624885224135889 ], [ 121.090888874082225, 14.62487359190065 ], [ 121.090996986290122, 14.624844100484857 ], [ 121.091031531098366, 14.624832250325849 ], [ 121.091057419592474, 14.62482123294196 ], [ 121.091100739785418, 14.62480014102724 ], [ 121.091127145191834, 14.624788269344347 ], [ 121.091217418042064, 14.624752976217529 ], [ 121.091288398510471, 14.624721504934953 ], [ 121.091315769902323, 14.624711370846812 ], [ 121.091337381365122, 14.624705108058619 ], [ 121.091353256077682, 14.624701323238689 ], [ 121.091386762792638, 14.624695107292936 ], [ 121.091421307266486, 14.624690595207106 ], [ 121.091456638384486, 14.62468741801667 ], [ 121.091490087396664, 14.624685409264547 ], [ 121.091557920086473, 14.624683533969499 ], [ 121.091626201361947, 14.624683986675903 ], [ 121.091660227990658, 14.62468505525081 ], [ 121.09172745818438, 14.624689213573294 ], [ 121.091762761914723, 14.624692859135976 ], [ 121.091797259681869, 14.624697835585446 ], [ 121.091830688431401, 14.624704511289368 ], [ 121.091846511592166, 14.624708519623882 ], [ 121.091868029794583, 14.624715092344564 ], [ 121.091890170868595, 14.624723479396279 ], [ 121.091959521286611, 14.624755742386245 ], [ 121.092034955860854, 14.62478742981788 ], [ 121.092060543143504, 14.624799136398066 ], [ 121.092080375347649, 14.624809319177849 ], [ 121.092126878197746, 14.624835585946018 ], [ 121.092146619357493, 14.624845887265222 ], [ 121.09222737578061, 14.624882521765455 ], [ 121.092251455150631, 14.62489430634964 ], [ 121.092325176710631, 14.624936502492487 ], [ 121.092411436511298, 14.624980386394549 ], [ 121.092441788212497, 14.624999038118528 ], [ 121.092456295493747, 14.625009583938542 ], [ 121.092477480117836, 14.625026631515418 ], [ 121.092508093639367, 14.625052581947902 ], [ 121.092521736434179, 14.625064866837766 ], [ 121.09252164865562, 14.624839176291507 ], [ 121.092805211803849, 14.624839071556996 ], [ 121.092805157697654, 14.624700412690586 ], [ 121.092732380094546, 14.624624661538311 ], [ 121.092655280992304, 14.624551849021115 ], [ 121.092625925852843, 14.624526349927145 ], [ 121.092575095901054, 14.624488178474317 ], [ 121.092554579478531, 14.624474149358139 ], [ 121.092539820924259, 14.624465190216046 ], [ 121.09252601146828, 14.624457885407665 ], [ 121.092509007567045, 14.624450243566447 ], [ 121.092489233741858, 14.624442866425007 ], [ 121.092467953182251, 14.624436288478615 ], [ 121.092428530803815, 14.62442658877206 ], [ 121.092306782350761, 14.624402968329324 ], [ 121.092283037784952, 14.624397557668134 ], [ 121.092240898486551, 14.624385641470536 ], [ 121.092179136780018, 14.624362682076319 ], [ 121.092151154505302, 14.624353504368726 ], [ 121.092113147152389, 14.624344278900342 ], [ 121.092082231573343, 14.624338916131821 ], [ 121.092050557395964, 14.624334881025645 ], [ 121.092018312259043, 14.624331940153047 ], [ 121.091953102122005, 14.624328703989915 ], [ 121.091887395076469, 14.624328411647175 ], [ 121.091854671920785, 14.624329343761261 ], [ 121.091792871285747, 14.62433345916007 ], [ 121.091763987821636, 14.6243367452506 ], [ 121.091735698345403, 14.624341106197638 ], [ 121.091696333370919, 14.624349692548066 ], [ 121.091666626227223, 14.624358723101327 ], [ 121.091599391416395, 14.624383040693575 ], [ 121.091572131293177, 14.624390829697081 ], [ 121.091540831650534, 14.62439801626768 ], [ 121.091499974073898, 14.624405549279762 ], [ 121.091417070176192, 14.624418554117167 ], [ 121.091376093737153, 14.624425771641153 ], [ 121.091336785739969, 14.624434528292001 ], [ 121.091298672523521, 14.624445935370007 ], [ 121.091232663882707, 14.624470338806216 ], [ 121.091214183405611, 14.624476014523655 ], [ 121.091192230565412, 14.624481723241532 ], [ 121.09116855707309, 14.624486886476664 ], [ 121.091127716557594, 14.624494161098266 ], [ 121.091044807542048, 14.624506679557914 ], [ 121.091003861101584, 14.624513752665026 ], [ 121.09096464417091, 14.62452249372889 ], [ 121.09092672066825, 14.624534068579507 ], [ 121.090866690991376, 14.624557600920712 ], [ 121.090835585964442, 14.62456814537012 ], [ 121.090804862739148, 14.624576824068789 ], [ 121.090715934093566, 14.624599094727563 ], [ 121.090692475229361, 14.624605839357969 ], [ 121.090670704260788, 14.624613053289824 ], [ 121.090637579976161, 14.624626565216385 ], [ 121.090589687802819, 14.624649707144918 ], [ 121.090567994458894, 14.624659428597647 ], [ 121.090478961291367, 14.624696038392816 ], [ 121.090453075194205, 14.624708602884136 ], [ 121.09040634934729, 14.624734031682864 ], [ 121.090386555577965, 14.624743998230004 ], [ 121.09029345816721, 14.624785434790688 ], [ 121.090267839596862, 14.624798829251356 ], [ 121.090210324921358, 14.624832888568934 ], [ 121.090134723406976, 14.624873890110004 ], [ 121.090113962629232, 14.624887385828506 ], [ 121.090094616143332, 14.624902724058298 ], [ 121.090077935394774, 14.624918684205083 ], [ 121.090033819386022, 14.62496557214833 ], [ 121.090020775525005, 14.624977499022542 ], [ 121.090005114238039, 14.624989549030003 ], [ 121.089985172114311, 14.625001748295478 ], [ 121.089966710781781, 14.62501089069727 ], [ 121.089925942727021, 14.6250271594179 ], [ 121.089856186669905, 14.625052780628623 ], [ 121.08982620646573, 14.625066538711211 ], [ 121.089803253767073, 14.625079674822082 ], [ 121.089773290119552, 14.625100317502447 ], [ 121.089718108200444, 14.625141932756915 ], [ 121.089697546457941, 14.625159344939833 ], [ 121.089622832413426, 14.625226376824466 ], [ 121.089567685611684, 14.625279483910559 ], [ 121.089520214000558, 14.62532372164743 ], [ 121.089474119360503, 14.625369393105867 ], [ 121.089423046557457, 14.625417499892103 ], [ 121.089380739004412, 14.625459583929336 ], [ 121.089333402917973, 14.625504025161606 ], [ 121.08928731472912, 14.625549693011846 ], [ 121.089239929965174, 14.625594070561489 ], [ 121.089197539772371, 14.625636043626526 ], [ 121.089146325569345, 14.625683959398188 ], [ 121.089100070228099, 14.625729414362713 ], [ 121.089052447112209, 14.625773441077447 ], [ 121.089005938915633, 14.625818402325917 ], [ 121.088957907578504, 14.625861549068697 ], [ 121.088918658066561, 14.625897941215733 ], [ 121.08889363858367, 14.625919518994225 ], [ 121.08882109047579, 14.625978590374775 ], [ 121.088794803442966, 14.625997347201624 ], [ 121.088737406063018, 14.626033879604824 ], [ 121.088726460753264, 14.626041493028433 ], [ 121.088707675536384, 14.626056300727765 ], [ 121.088693060601599, 14.626070222665051 ], [ 121.088680842349703, 14.626084005212972 ], [ 121.088668178046859, 14.626100318103919 ], [ 121.088631722199366, 14.626152354650198 ], [ 121.088614394028298, 14.626174893788823 ], [ 121.08853922816968, 14.626261665798545 ], [ 121.088486488878189, 14.626320185663374 ], [ 121.088447455636683, 14.626369424823164 ], [ 121.088425834284592, 14.626398357707124 ], [ 121.088411752212892, 14.626420410156594 ], [ 121.088397369613659, 14.626448231231803 ], [ 121.088386295203748, 14.626473865364279 ], [ 121.088363916517409, 14.626530779928657 ], [ 121.088351869779927, 14.62655808878719 ], [ 121.088342754188929, 14.626575517036652 ], [ 121.088336447223199, 14.626585960966784 ], [ 121.088321422064624, 14.626606308500836 ], [ 121.088310104512303, 14.626618534996076 ], [ 121.088300913048016, 14.626627250854884 ], [ 121.088248889141965, 14.626669907369131 ], [ 121.088224908870188, 14.626692250895157 ], [ 121.08820456189666, 14.62671580809811 ], [ 121.088165386714024, 14.626766417860987 ], [ 121.088152875799494, 14.626780548609768 ], [ 121.088142130249295, 14.62679123986749 ], [ 121.088120734285425, 14.626809351731659 ], [ 121.08806343566701, 14.626852342652041 ], [ 121.088050603328824, 14.626863611417278 ], [ 121.088040457583261, 14.62687373825519 ], [ 121.088026010317137, 14.626890580498291 ], [ 121.088014420698116, 14.62690614123939 ], [ 121.087982246927183, 14.626953781003179 ], [ 121.087963750063935, 14.626978898709423 ], [ 121.087949804103161, 14.626995618541844 ], [ 121.087895584226899, 14.627056376316016 ], [ 121.087872990326929, 14.627080347010127 ], [ 121.087834851856016, 14.627117863224663 ], [ 121.087789631614044, 14.627163866774952 ], [ 121.087742490690843, 14.62720830558748 ], [ 121.087700136864655, 14.627250296679991 ], [ 121.087642816782918, 14.627305068057384 ], [ 121.087531361804722, 14.627420404387209 ], [ 121.087500664486669, 14.627455001075562 ], [ 121.08781652925633, 14.627490097161482 ], [ 121.08784821049656, 14.627447667935026 ], [ 121.087866728401636, 14.627420448388309 ], [ 121.087911133093826, 14.627349549962945 ], [ 121.087927612128667, 14.627325411589966 ] ] ], [ [ [ 121.092813885674971, 14.625463227356352 ], [ 121.092824178546536, 14.625482141372235 ], [ 121.092863262541854, 14.625564695549674 ], [ 121.092895422965015, 14.625625946766077 ], [ 121.09290745928817, 14.625650615433321 ], [ 121.092923968885046, 14.625689503582079 ], [ 121.092956428893757, 14.625779050671559 ], [ 121.092971434020086, 14.62581772407073 ], [ 121.092983221851256, 14.625842473843097 ], [ 121.092994025291631, 14.625859552075942 ], [ 121.093003017565323, 14.625869367708676 ], [ 121.093008791989604, 14.625873492529939 ], [ 121.093014211468656, 14.625875514217917 ], [ 121.093016354653443, 14.625875604059583 ], [ 121.093020098609315, 14.62587389415855 ], [ 121.093021620727143, 14.625872711911247 ], [ 121.093025182629233, 14.625872630816861 ], [ 121.093036650550417, 14.62587520448222 ], [ 121.093052818178407, 14.625881682700827 ], [ 121.093067928876437, 14.625890180196906 ], [ 121.093085161414706, 14.625903067221961 ], [ 121.093126510778831, 14.62594169418997 ], [ 121.093135813917485, 14.625948399977748 ], [ 121.09314461667114, 14.625952755631801 ], [ 121.093154099588915, 14.625954978669588 ], [ 121.093159122322092, 14.625955224023171 ], [ 121.093168973597514, 14.625953804499792 ], [ 121.093173498103496, 14.625952202201411 ], [ 121.093181227548541, 14.625947681842211 ], [ 121.093187678153299, 14.625941428538797 ], [ 121.093190801864409, 14.625937168703802 ], [ 121.093196456477372, 14.625926146319983 ], [ 121.093198832323196, 14.625919498177177 ], [ 121.093202552996445, 14.625904467361327 ], [ 121.093205035452627, 14.625887835876034 ], [ 121.093207171461501, 14.625859516553113 ], [ 121.093208205220975, 14.625799227513445 ], [ 121.093207986628201, 14.625560197396004 ], [ 121.09320926320018, 14.625509623443824 ], [ 121.093210843422796, 14.625493002646698 ], [ 121.093214780240629, 14.625476155328977 ], [ 121.093221300399236, 14.625460231061219 ], [ 121.093230554278392, 14.625446409515121 ], [ 121.093242590118251, 14.625435768310421 ], [ 121.093255141162956, 14.625429523364625 ], [ 121.093268364025676, 14.625425767318823 ], [ 121.09328095605575, 14.625423912942283 ], [ 121.093291650515752, 14.625423405832207 ], [ 121.093302415987651, 14.625424348857697 ], [ 121.093302368471484, 14.625420607098999 ], [ 121.09330059600363, 14.625415096212196 ], [ 121.093293130294953, 14.625398959868651 ], [ 121.093259612196988, 14.625339076650265 ], [ 121.093209976936748, 14.625242041830441 ], [ 121.093193481302663, 14.625213358534314 ], [ 121.09317862581392, 14.62519035493956 ], [ 121.093155650328171, 14.625158630929194 ], [ 121.093110370565512, 14.625100861904555 ], [ 121.093088867979475, 14.625076590280115 ], [ 121.093088883045837, 14.625115073373934 ], [ 121.09280531954559, 14.625115178455726 ], [ 121.09280545008734, 14.62544970594379 ], [ 121.092813885674971, 14.625463227356352 ] ] ] ] } },
{ "type": "Feature", "properties": { "subcatchme": 1, "class_id": 14.0, "class_name": "Grassland", "nrcs_class": "open_space_poor", "SOILDESC": "Marikina clay loam", "SoilSeries": "Marikina", "hsg": "D", "slope_mean": 2.1599665000325161, "area_sqm": 40788.736, "site_id": 1, "land_avail": 1, "dist_drain": 42, "gi_type sg": "urban_fores", "objectid": 40744, "gthcode": "8011374020160000", "globalid": "{D94B6835-001D-4822-B49D-83C41C3216DF}", "st_area(shape)": 0.00016002800101577228, "reg_name": "National Capital Region (NCR)", "prov_name": "NCR, Second District", "city_name": "City of Marikina", "brgy_name": "Tumana", "reg_code": "130000000", "prov_code": "137400000", "city_code": "137402000", "brgy_code": "137402016", "psgc_10d": "1380700016", "geographic_level": "Bgy", "old_names": "", "class": "Highly Urbanized Cities (HUC)", "income_class": "", "urban_rural2015": "U", "bgypop2015": 43239, "bgypop2020": 47468, "bgyarea_sqkm": 1.90731445, "gida": "No", "gida_yr": null, "st_perimeter(shape)": 0.05754354711643371, "created_user": null, "created_date": null, "last_edited_user": "ADMIN2", "last_edited_date": 1748789495000, "gi_type_x": "Bioswale", "flood_attenuation_score_x": 68.144837722530795, "site_cost_x": 227331652.20607996, "selected": 0, "gi_type_y": "Bioswale", "flood_attenuation_score_y": 68.144837722530795, "site_cost_y": 227331652.20607996, "selected_selection": null }, "geometry": { "type": "MultiPolygon", "coordinates": [ [ [ [ 121.093550434067254, 14.657089454063268 ], [ 121.093536669643029, 14.65709871448111 ], [ 121.093519883616281, 14.657112282508628 ], [ 121.093463050554661, 14.65716816100613 ], [ 121.09344942535931, 14.657179674605779 ], [ 121.093437228533801, 14.657188530357173 ], [ 121.093416666746464, 14.657200766069945 ], [ 121.093391020891403, 14.657212896828485 ], [ 121.093299520388811, 14.657248271366436 ], [ 121.093279600025014, 14.65725739452531 ], [ 121.09326747018811, 14.65726376380511 ], [ 121.093247898397152, 14.657275942553017 ], [ 121.093230991251716, 14.657288914921235 ], [ 121.09321346012014, 14.657304806576892 ], [ 121.09319442454246, 14.657324473989824 ], [ 121.093194424542617, 14.657361130283634 ], [ 121.093165933944974, 14.65736113029887 ], [ 121.09315904091018, 14.657371889099892 ], [ 121.093147764431237, 14.657395708786282 ], [ 121.093137927555404, 14.657424154623616 ], [ 121.09312932072352, 14.657458594917951 ], [ 121.093122648064863, 14.657494357840459 ], [ 121.093105720489646, 14.657606980346145 ], [ 121.093100379536594, 14.657635379914192 ], [ 121.093093883755401, 14.657662822921537 ], [ 121.093085776757391, 14.657688951370366 ], [ 121.093077920010501, 14.65770836549718 ], [ 121.093066858564484, 14.657729215540787 ], [ 121.093058474547263, 14.657741659543696 ], [ 121.093051348339969, 14.657750775557819 ], [ 121.093033878125254, 14.657769919242577 ], [ 121.092991915615841, 14.657811617447063 ], [ 121.092981322727582, 14.657823909578596 ], [ 121.092972463722859, 14.657835783958639 ], [ 121.092962818143292, 14.657851022724875 ], [ 121.092950499244708, 14.657874620569325 ], [ 121.092927343589338, 14.657927854352181 ], [ 121.092919997198152, 14.657943211384016 ], [ 121.092909772185394, 14.65795975938839 ], [ 121.092904600511531, 14.657965699525505 ], [ 121.092899722764272, 14.657969854535056 ], [ 121.092895335339747, 14.6579724844892 ], [ 121.092890632397271, 14.657974246100764 ], [ 121.092885353078572, 14.657975034206922 ], [ 121.092879943264393, 14.657974597619001 ], [ 121.092874908855379, 14.657973043509999 ], [ 121.09287053727823, 14.657970732107003 ], [ 121.092863365169194, 14.657964772045611 ], [ 121.092855554555854, 14.65795493525229 ], [ 121.092847835435037, 14.657941820549224 ], [ 121.092818632856392, 14.657880967348724 ], [ 121.092812215027479, 14.657869690621691 ], [ 121.092801589762061, 14.657853976503626 ], [ 121.09279040899365, 14.657840990647312 ], [ 121.092779905583171, 14.657831467941934 ], [ 121.092766986778287, 14.657822382698519 ], [ 121.092750542933317, 14.657813671590894 ], [ 121.092738267613257, 14.6578086384385 ], [ 121.092715229758738, 14.657801606548917 ], [ 121.092691156421978, 14.657796774829405 ], [ 121.092670169458955, 14.65779420420669 ], [ 121.092649172886297, 14.657792958342108 ], [ 121.092616651043244, 14.657793541014675 ], [ 121.092596372149359, 14.657795496551792 ], [ 121.09255919207483, 14.657800718601171 ], [ 121.092546961369024, 14.657801684631817 ], [ 121.092533920520751, 14.657801552333305 ], [ 121.092519641995196, 14.65779963318564 ], [ 121.092503400986544, 14.657794621706961 ], [ 121.092489058728347, 14.657787089996084 ], [ 121.092473555543393, 14.657775660999175 ], [ 121.092447572096788, 14.657753431627144 ], [ 121.092440483611412, 14.657748215090347 ], [ 121.092430742006584, 14.657742481551447 ], [ 121.092422035722521, 14.657738963366583 ], [ 121.092415417670352, 14.657737307691141 ], [ 121.092408313522569, 14.657736474017865 ], [ 121.092398074220469, 14.657736977414439 ], [ 121.092389287736466, 14.657739077838317 ], [ 121.092379874174654, 14.657743166700481 ], [ 121.092367070314779, 14.657753188614036 ], [ 121.092356801180628, 14.657765179723491 ], [ 121.092349226210231, 14.657776699513473 ], [ 121.092340155090653, 14.657796130754372 ], [ 121.092335934576241, 14.657810575362147 ], [ 121.092333435137704, 14.657825867312512 ], [ 121.092332666381196, 14.657837894804615 ], [ 121.092332831805152, 14.657850524603168 ], [ 121.092333820007539, 14.657862685801643 ], [ 121.092336276402293, 14.657879171550681 ], [ 121.092340243752147, 14.65789772292657 ], [ 121.092356451797585, 14.657958867179318 ], [ 121.092364157219478, 14.657991574212307 ], [ 121.092370789863836, 14.658027679428722 ], [ 121.092371401300639, 14.658039828498579 ], [ 121.092370714386206, 14.658040686808757 ], [ 121.092372083550359, 14.658041117364707 ], [ 121.092373789477051, 14.658040605403393 ], [ 121.092383201816759, 14.658036337598455 ], [ 121.092424821790814, 14.658013529670299 ], [ 121.092445318248537, 14.658003386516913 ], [ 121.092463994317285, 14.657995503966658 ], [ 121.092479695453861, 14.657989858087834 ], [ 121.092497336095931, 14.657984490197094 ], [ 121.092516245338729, 14.657979803266217 ], [ 121.092545961722976, 14.657974536257314 ], [ 121.092575985539725, 14.657971822036236 ], [ 121.092610181441728, 14.657972267069532 ], [ 121.092642020219714, 14.657977034182093 ], [ 121.092658178527159, 14.65798173590556 ], [ 121.092672229195998, 14.657987674686192 ], [ 121.092683627133098, 14.657994338167301 ], [ 121.092696004015494, 14.658004582948514 ], [ 121.09270330247999, 14.658013103357989 ], [ 121.092706746882186, 14.658018185162055 ], [ 121.092712782560042, 14.658029749751242 ], [ 121.092720305561954, 14.658049649711272 ], [ 121.092727685688345, 14.658079192892108 ], [ 121.092732590424575, 14.658110956965851 ], [ 121.092735366145504, 14.658139885805531 ], [ 121.092737108190136, 14.6581697333715 ], [ 121.09273829863605, 14.658213332685612 ], [ 121.092738440600243, 14.658257845182165 ], [ 121.092733546013292, 14.658529687981224 ], [ 121.092733822233271, 14.658574024450907 ], [ 121.092735187066666, 14.658617422763577 ], [ 121.092738142771225, 14.658659446029386 ], [ 121.092740974891726, 14.658683896544821 ], [ 121.092744831962762, 14.658707471640742 ], [ 121.092750977855943, 14.658733758570174 ], [ 121.092759315753355, 14.658758178344074 ], [ 121.092765204304683, 14.658770978001987 ], [ 121.092771863341099, 14.658782594698636 ], [ 121.09278262464187, 14.658796967024777 ], [ 121.092793152382768, 14.658807437022183 ], [ 121.092801665066617, 14.658814131054218 ], [ 121.092818031438071, 14.658824079613282 ], [ 121.092830782644327, 14.658830013152025 ], [ 121.092856676990706, 14.658838960844795 ], [ 121.092884674027275, 14.658845635783429 ], [ 121.09291423778933, 14.658850615559539 ], [ 121.092950866040979, 14.65885500984305 ], [ 121.093064131961853, 14.658864603747311 ], [ 121.093101161701938, 14.658868621742796 ], [ 121.093141807465045, 14.658875055187851 ], [ 121.093165044337837, 14.658880342713113 ], [ 121.093187012064817, 14.658887049495679 ], [ 121.093200643610871, 14.65889240824708 ], [ 121.093218804975038, 14.658901639498323 ], [ 121.093228768340936, 14.658908142984265 ], [ 121.093236775139971, 14.658914408109089 ], [ 121.093244315236234, 14.658921399603553 ], [ 121.093252288798595, 14.658930218340283 ], [ 121.093260193100036, 14.65894071198743 ], [ 121.093267617700178, 14.658952468701539 ], [ 121.093274431941765, 14.658965140386266 ], [ 121.09328780447089, 14.658995818968451 ], [ 121.093319905191322, 14.659084148814552 ], [ 121.093328770854455, 14.659104977945377 ], [ 121.093348574672277, 14.659147853331774 ], [ 121.093358957243169, 14.659173495411935 ], [ 121.09337007877032, 14.659207712532828 ], [ 121.093395824790662, 14.659307183609108 ], [ 121.093404608975263, 14.659336572013471 ], [ 121.093413855643917, 14.659362074641999 ], [ 121.093422443691466, 14.659381840538352 ], [ 121.093452738225324, 14.659444410664971 ], [ 121.093490703901267, 14.659538631991218 ], [ 121.093500326890435, 14.659560016785585 ], [ 121.093522960461726, 14.659606071127993 ], [ 121.093534369086612, 14.659633182014828 ], [ 121.093545641315288, 14.65966876135537 ], [ 121.093570558086498, 14.659762380424858 ], [ 121.093583822709448, 14.659803071223008 ], [ 121.093598431479421, 14.659839254492935 ], [ 121.09361567947866, 14.659872307265237 ], [ 121.093630243832848, 14.659893777766335 ], [ 121.093645253142981, 14.659911027973919 ], [ 121.093662737095485, 14.659926145836986 ], [ 121.093671779347972, 14.659932258582982 ], [ 121.093682106024602, 14.659938083637572 ], [ 121.093693068098474, 14.659943104177978 ], [ 121.093704010671672, 14.659947052757593 ], [ 121.093721697319694, 14.659951297029115 ], [ 121.093735669625957, 14.659952470758286 ], [ 121.093744584669409, 14.659951078048008 ], [ 121.093746583453452, 14.659949764177364 ], [ 121.093745575338161, 14.659927128810926 ], [ 121.093746819494143, 14.65990338589104 ], [ 121.093749257908527, 14.659890634652555 ], [ 121.09375093941506, 14.659885329202559 ], [ 121.093755066141142, 14.659877000107905 ], [ 121.093759723156992, 14.659871753399161 ], [ 121.093768972880909, 14.659866439521689 ], [ 121.093777432039161, 14.659863664009295 ], [ 121.093810836071498, 14.659856213013708 ], [ 121.093818793963138, 14.659853008645369 ], [ 121.093827327441019, 14.659847007494379 ], [ 121.093833299450338, 14.659838904997601 ], [ 121.093836466975887, 14.659831361493236 ], [ 121.09383879839163, 14.659822500752608 ], [ 121.093842944681228, 14.659797854421429 ], [ 121.093846323148981, 14.659785992910878 ], [ 121.093850729471754, 14.659779036131459 ], [ 121.093855676729291, 14.659775326300496 ], [ 121.093861791092237, 14.659772764714594 ], [ 121.093868767937977, 14.659771047036649 ], [ 121.093892807094164, 14.659768914387671 ], [ 121.093919004927017, 14.659768874355665 ], [ 121.094026606799261, 14.659771318239411 ], [ 121.094028545556654, 14.65976932428352 ], [ 121.094030242771211, 14.659760807172319 ], [ 121.094028250882076, 14.659747589437806 ], [ 121.094022513896036, 14.659730778569871 ], [ 121.094014685089846, 14.659714984395436 ], [ 121.094008243823097, 14.659704580482307 ], [ 121.093997933343971, 14.659690766774681 ], [ 121.093986701948964, 14.659678357111607 ], [ 121.093964681610501, 14.659658726902615 ], [ 121.093943884260838, 14.659643442722574 ], [ 121.093913120620627, 14.659623811308361 ], [ 121.093851231985795, 14.65958683370118 ], [ 121.09383744118594, 14.65957766544013 ], [ 121.093819576100287, 14.659564006669745 ], [ 121.093810181193092, 14.659555310041892 ], [ 121.093803108270862, 14.659547425911814 ], [ 121.093797871911363, 14.659540240046562 ], [ 121.093793346428185, 14.659532215944928 ], [ 121.093789548375511, 14.659522835012973 ], [ 121.093786711226869, 14.659512256410828 ], [ 121.093785065369872, 14.659500888697385 ], [ 121.093784675607523, 14.659489074006558 ], [ 121.093785512379327, 14.65947711755005 ], [ 121.093787483748059, 14.659465345717081 ], [ 121.093793892323916, 14.659444119502766 ], [ 121.093799489482308, 14.659431489957457 ], [ 121.093806703713383, 14.659418212155856 ], [ 121.09384714974918, 14.659356330574818 ], [ 121.093887138087695, 14.659298960168377 ], [ 121.093904186954802, 14.659270694533628 ], [ 121.093919446373121, 14.659239074110815 ], [ 121.093958454027643, 14.659143119860174 ], [ 121.093973534606036, 14.659113928946548 ], [ 121.093984884350945, 14.659096880422824 ], [ 121.093996580529932, 14.659082706730739 ], [ 121.09403967629116, 14.659039428922581 ], [ 121.094046906110407, 14.659029818495188 ], [ 121.094052452575184, 14.659018753751637 ], [ 121.094054684813059, 14.659009659035904 ], [ 121.094054838267937, 14.658999645373802 ], [ 121.094052906275792, 14.658990556280155 ], [ 121.094049332487231, 14.658982183924081 ], [ 121.094040419408998, 14.65896897451201 ], [ 121.094013827236736, 14.658939602787271 ], [ 121.094001589932503, 14.658924047198209 ], [ 121.093993123429456, 14.658909648548377 ], [ 121.09398581535298, 14.658890748073253 ], [ 121.09398298945699, 14.658879189942891 ], [ 121.093981078371328, 14.658866825973538 ], [ 121.093980164378635, 14.658854016516562 ], [ 121.093980248346099, 14.658841090529712 ], [ 121.093981264645009, 14.658828445107519 ], [ 121.093985245044721, 14.658806230196662 ], [ 121.093990460491341, 14.658788039693722 ], [ 121.094006360679117, 14.658743289983471 ], [ 121.094013689212289, 14.658720227730141 ], [ 121.094044739760164, 14.658601619059286 ], [ 121.094053749043468, 14.658572369321147 ], [ 121.094067456368251, 14.658536559204002 ], [ 121.094094423742078, 14.658478978961352 ], [ 121.094106183929185, 14.658450102411811 ], [ 121.09411851759161, 14.658414056907771 ], [ 121.094137320435209, 14.658353525078633 ], [ 121.094147472815393, 14.65832368825577 ], [ 121.094155777983715, 14.658302434191958 ], [ 121.09416719539405, 14.65827776973337 ], [ 121.094177686076279, 14.6582588308172 ], [ 121.094218445159456, 14.658195809406356 ], [ 121.094262029973635, 14.658126224905367 ], [ 121.094275143396487, 14.658101440592315 ], [ 121.094285473412555, 14.658076497905439 ], [ 121.094292789443671, 14.658054015716139 ], [ 121.094299722880493, 14.658027257645939 ], [ 121.094305454708604, 14.657999799290632 ], [ 121.094322485858669, 14.657893705890725 ], [ 121.094329376867279, 14.65785575230182 ], [ 121.094337823824247, 14.657820674421844 ], [ 121.094349067286288, 14.657788317943902 ], [ 121.09435521780361, 14.657775235633414 ], [ 121.094362047525266, 14.657763366247492 ], [ 121.094372919577651, 14.657748732106382 ], [ 121.094383443787379, 14.657738147352573 ], [ 121.094391945421592, 14.657731415709614 ], [ 121.094408174362286, 14.657721620563908 ], [ 121.094420706180969, 14.65771599736893 ], [ 121.094444711308341, 14.657708434863183 ], [ 121.09447021790524, 14.657703715083441 ], [ 121.094488989800666, 14.657701916925827 ], [ 121.09450802958844, 14.657701342779411 ], [ 121.094538563985267, 14.657702914264261 ], [ 121.094568583781268, 14.657707639093363 ], [ 121.094597220334862, 14.657715815602218 ], [ 121.09461046346685, 14.657721218076682 ], [ 121.094622509495736, 14.657727331900812 ], [ 121.094632860698908, 14.657733748133166 ], [ 121.094644992433331, 14.657743047335904 ], [ 121.094657010418899, 14.657754659105807 ], [ 121.094665392054992, 14.657764381236797 ], [ 121.094681505922452, 14.657787003045874 ], [ 121.094728937406089, 14.657868769121052 ], [ 121.094748517591512, 14.657905110554763 ], [ 121.094758659195108, 14.657928254562094 ], [ 121.094769212360475, 14.657957478494346 ], [ 121.094798483603995, 14.658052971314252 ], [ 121.094803947435821, 14.658068418939697 ], [ 121.09480978044823, 14.658083253259621 ], [ 121.094818961335335, 14.658103389072235 ], [ 121.094833270859297, 14.658128569857082 ], [ 121.09485114891794, 14.658153929900884 ], [ 121.094871751263682, 14.658179952095907 ], [ 121.094891786656433, 14.658203480823536 ], [ 121.094911026993955, 14.658223413494685 ], [ 121.094938349344375, 14.658247357994842 ], [ 121.09496001633201, 14.658264371679715 ], [ 121.094989460140667, 14.658285266363803 ], [ 121.095004254312258, 14.658294119246923 ], [ 121.095023406337432, 14.658303546449854 ], [ 121.095048173696384, 14.65831272505396 ], [ 121.095069031866146, 14.6583183941438 ], [ 121.095095438832928, 14.65832345802596 ], [ 121.095122161256583, 14.658326606815077 ], [ 121.095152732875491, 14.658328071896342 ], [ 121.095189837866911, 14.658326819726236 ], [ 121.095217547742905, 14.658323336125845 ], [ 121.09524287516345, 14.658317445397294 ], [ 121.095263536369316, 14.658309497544346 ], [ 121.095275309583556, 14.658302720376261 ], [ 121.095286565647442, 14.658293271215159 ], [ 121.095294299259635, 14.658283466050634 ], [ 121.095300136643161, 14.658271704178508 ], [ 121.0953032252567, 14.658259213083586 ], [ 121.095303672997332, 14.658251014669304 ], [ 121.095302880260263, 14.658243283251373 ], [ 121.095299729667275, 14.658233305771423 ], [ 121.095293673250467, 14.658224123246555 ], [ 121.095284940220139, 14.658216925030972 ], [ 121.095274086998714, 14.658211880158563 ], [ 121.095263617069662, 14.658209099511339 ], [ 121.095234552955262, 14.658203661431584 ], [ 121.095217972777931, 14.658197926192379 ], [ 121.095210682125483, 14.65819428776202 ], [ 121.095200815077291, 14.658188020111943 ], [ 121.095191783495267, 14.658180674853417 ], [ 121.095184941481165, 14.658173996399158 ], [ 121.095166601956933, 14.658151759436079 ], [ 121.09512698425587, 14.658096416895424 ], [ 121.095078630056207, 14.658037931955024 ], [ 121.09502184951512, 14.657964266105662 ], [ 121.095006088089733, 14.657941350785846 ], [ 121.094989102608039, 14.657911634950395 ], [ 121.094949691845144, 14.657829144797036 ], [ 121.094919970862932, 14.657771815636819 ], [ 121.094911284008646, 14.657752730373883 ], [ 121.094904517564842, 14.657735488150987 ], [ 121.094893568394525, 14.657701711697293 ], [ 121.094868230642049, 14.657603478534856 ], [ 121.0948599319387, 14.657574822537169 ], [ 121.094849897377813, 14.657545846860609 ], [ 121.09482617340106, 14.657486858822766 ], [ 121.094814665682975, 14.657450907076594 ], [ 121.094805686330645, 14.657414012693211 ], [ 121.094785787622925, 14.657315632511668 ], [ 121.094777440194804, 14.657283166068002 ], [ 121.094766805862093, 14.657252703388888 ], [ 121.094758100985501, 14.65723431021819 ], [ 121.094748443804875, 14.657218591457585 ], [ 121.094735678947231, 14.657202966519714 ], [ 121.094727721830154, 14.657195250495258 ], [ 121.09471798531078, 14.657187205397211 ], [ 121.094694774900333, 14.657171892490021 ], [ 121.0946710534581, 14.6571593208668 ], [ 121.094608488324099, 14.65712924774785 ], [ 121.094589866115825, 14.657118785597778 ], [ 121.094569563322054, 14.657105047276794 ], [ 121.094554258591273, 14.657092235552879 ], [ 121.094541613489042, 14.657079832413665 ], [ 121.094498300346245, 14.657031620519193 ], [ 121.094485643671973, 14.657018946169513 ], [ 121.094470485399683, 14.657005837416976 ], [ 121.094451120890682, 14.656992014599048 ], [ 121.09442688598233, 14.656977638554068 ], [ 121.094320663354381, 14.656922660951865 ], [ 121.09429800615618, 14.656912080760213 ], [ 121.094274667158516, 14.65690327167353 ], [ 121.094244962143648, 14.656894791769917 ], [ 121.094228877836599, 14.656891196910237 ], [ 121.094187148777095, 14.656884265001118 ], [ 121.094144124850942, 14.656879796830482 ], [ 121.094106476807951, 14.656877539818511 ], [ 121.094068611611149, 14.656876564289549 ], [ 121.094030842543347, 14.656876816781596 ], [ 121.094027757875764, 14.656876945750168 ], [ 121.094027757876233, 14.657083352506532 ], [ 121.093561208445109, 14.657083352873869 ], [ 121.093550434067254, 14.657089454063268 ] ] ] ] } },
{ "type": "Feature", "properties": { "subcatchme": 1, "class_id": 14.0, "class_name": "Grassland", "nrcs_class": "open_space_poor", "SOILDESC": "Marikina clay loam", "SoilSeries": "Marikina", "hsg": "D", "slope_mean": 2.633549571037292, "area_sqm": 1697.347, "site_id": 2, "land_avail": 1, "dist_drain": 324, "gi_type sg": "bioswale", "objectid": 40744, "gthcode": "8011374020160000", "globalid": "{D94B6835-001D-4822-B49D-83C41C3216DF}", "st_area(shape)": 0.00016002800101577228, "reg_name": "National Capital Region (NCR)", "prov_name": "NCR, Second District", "city_name": "City of Marikina", "brgy_name": "Tumana", "reg_code": "130000000", "prov_code": "137400000", "city_code": "137402000", "brgy_code": "137402016", "psgc_10d": "1380700016", "geographic_level": "Bgy", "old_names": "", "class": "Highly Urbanized Cities (HUC)", "income_class": "", "urban_rural2015": "U", "bgypop2015": 43239, "bgypop2020": 47468, "bgyarea_sqkm": 1.90731445, "gida": "No", "gida_yr": null, "st_perimeter(shape)": 0.05754354711643371, "created_user": null, "created_date": null, "last_edited_user": "ADMIN2", "last_edited_date": 1748789495000, "gi_type_x": "Bioswale", "flood_attenuation_score_x": 41.170183062063501, "site_cost_x": 9483941.4146599993, "selected": 1, "gi_type_y": "Bioswale", "flood_attenuation_score_y": 41.170183062063501, "site_cost_y": 9483941.4146599993, "selected_selection": 1.0 }, "geometry": { "type": "MultiPolygon", "coordinates": [ [ [ [ 121.092504492157943, 14.662651840999921 ], [ 121.092536312528125, 14.662575944738895 ], [ 121.092545360874269, 14.662556704917082 ], [ 121.092558094484701, 14.662533497328099 ], [ 121.09257058259783, 14.662514949057478 ], [ 121.092583656500153, 14.662499075151651 ], [ 121.092596709707308, 14.662485483845527 ], [ 121.092640062476022, 14.662443943645942 ], [ 121.092655105726308, 14.662426298358685 ], [ 121.092662990384156, 14.662414625682343 ], [ 121.092667978729224, 14.662405643981314 ], [ 121.092675036936484, 14.66238928692094 ], [ 121.092678871070547, 14.662377130956385 ], [ 121.09268371057658, 14.662351353492655 ], [ 121.092684570318042, 14.662325283101353 ], [ 121.092682014361145, 14.662302924230538 ], [ 121.092676176041792, 14.66228163552733 ], [ 121.092671393363759, 14.66227050956897 ], [ 121.09266572920842, 14.662260518665876 ], [ 121.092659599714736, 14.662252060250472 ], [ 121.092653507679387, 14.662245279427477 ], [ 121.092646442646199, 14.662238839451508 ], [ 121.092637368345066, 14.662232133562645 ], [ 121.09262639201431, 14.662225641606778 ], [ 121.092613926976881, 14.662219764607928 ], [ 121.092582165432432, 14.66220933179857 ], [ 121.092547122367108, 14.662202445322349 ], [ 121.09251432014598, 14.662198776363569 ], [ 121.0924804361036, 14.66219708126056 ], [ 121.092450351390454, 14.662197112693724 ], [ 121.09242017549461, 14.662198562198636 ], [ 121.092391522376928, 14.662201358073041 ], [ 121.09236333865536, 14.662205690487797 ], [ 121.092335896194356, 14.662211787601805 ], [ 121.092312874054983, 14.66221875602119 ], [ 121.092293008502651, 14.662226529344673 ], [ 121.092277587838126, 14.662233945132472 ], [ 121.092262223203988, 14.662242608498122 ], [ 121.092240850378261, 14.662256355616531 ], [ 121.092215197592296, 14.662274317918556 ], [ 121.092455627410331, 14.662735857300866 ], [ 121.092467927617761, 14.662718700984062 ], [ 121.092486058186608, 14.662689497301368 ], [ 121.092495323697378, 14.662671658207445 ], [ 121.092504492157943, 14.662651840999921 ] ] ] ] } },
{ "type": "Feature", "properties": { "subcatchme": 1, "class_id": 10.0, "class_name": "Brush/Shrubs", "nrcs_class": "open_space_good", "SOILDESC": "Marikina clay loam", "SoilSeries": "Marikina", "hsg": "D", "slope_mean": 4.1789839665095032, "area_sqm": 5961.024, "site_id": 5, "land_avail": 1, "dist_drain": 347, "gi_type sg": "urban_fores", "objectid": 40744, "gthcode": "8011374020160000", "globalid": "{D94B6835-001D-4822-B49D-83C41C3216DF}", "st_area(shape)": 0.00016002800101577228, "reg_name": "National Capital Region (NCR)", "prov_name": "NCR, Second District", "city_name": "City of Marikina", "brgy_name": "Tumana", "reg_code": "130000000", "prov_code": "137400000", "city_code": "137402000", "brgy_code": "137402016", "psgc_10d": "1380700016", "geographic_level": "Bgy", "old_names": "", "class": "Highly Urbanized Cities (HUC)", "income_class": "", "urban_rural2015": "U", "bgypop2015": 43239, "bgypop2020": 47468, "bgyarea_sqkm": 1.90731445, "gida": "No", "gida_yr": null, "st_perimeter(shape)": 0.05754354711643371, "created_user": null, "created_date": null, "last_edited_user": "ADMIN2", "last_edited_date": 1748789495000, "gi_type_x": "Bioswale", "flood_attenuation_score_x": 43.816807805987203, "site_cost_x": 33244475.326719999, "selected": 0, "gi_type_y": "Bioswale", "flood_attenuation_score_y": 43.816807805987203, "site_cost_y": 33244475.326719999, "selected_selection": null }, "geometry": { "type": "MultiPolygon", "coordinates": [ [ [ [ 121.092296235199981, 14.661732163457323 ], [ 121.092313393664966, 14.661710477893839 ], [ 121.09232700077159, 14.661690697119512 ], [ 121.092376613565818, 14.661607469602471 ], [ 121.092391195141246, 14.661585782763606 ], [ 121.092426384017784, 14.661536904335744 ], [ 121.092451262222042, 14.661496642199166 ], [ 121.092461332923762, 14.661478323511959 ], [ 121.092468248018903, 14.661463268429928 ], [ 121.09247267050678, 14.661449951510434 ], [ 121.092475379327368, 14.661433641900203 ], [ 121.092475525154654, 14.661424519244356 ], [ 121.092473984095122, 14.661411455222565 ], [ 121.092470824894079, 14.661399803975023 ], [ 121.092465036011177, 14.66138610322194 ], [ 121.092456951899251, 14.661371714887254 ], [ 121.092446257519953, 14.661355607963799 ], [ 121.092437531314729, 14.661343654375189 ], [ 121.092420206995513, 14.661322750371854 ], [ 121.092398648455955, 14.661301676061056 ], [ 121.092376377467957, 14.661283335949149 ], [ 121.092351068446689, 14.661264437713239 ], [ 121.092335810825318, 14.661254212632642 ], [ 121.092321126939666, 14.661245588211099 ], [ 121.092306337329305, 14.661238238958992 ], [ 121.092294025965302, 14.661233060874792 ], [ 121.092279960790947, 14.661228025641154 ], [ 121.092248651600727, 14.661219400320151 ], [ 121.092215142733224, 14.661212989103444 ], [ 121.092180357340482, 14.661208418201705 ], [ 121.092153780147939, 14.661205940784489 ], [ 121.09208124698489, 14.661202083031593 ], [ 121.092035122064829, 14.661201024831009 ], [ 121.091848963973689, 14.661200176270437 ], [ 121.09175718140564, 14.661198235309078 ], [ 121.091712308536756, 14.661195806455687 ], [ 121.09166834374517, 14.661191743913038 ], [ 121.091649840823322, 14.661189034836228 ], [ 121.092056879896006, 14.661970404484009 ], [ 121.092132019070149, 14.661902599898765 ], [ 121.092213436790786, 14.66182330074955 ], [ 121.092233418474208, 14.661802863796975 ], [ 121.092296235199981, 14.661732163457323 ] ] ], [ [ [ 121.091260236796032, 14.659880284822838 ], [ 121.091270384553496, 14.659846750165064 ], [ 121.091275268319734, 14.659833872646653 ], [ 121.091283311685459, 14.659816090434166 ], [ 121.091294232612512, 14.659797028700069 ], [ 121.091302953978229, 14.659784775524319 ], [ 121.091314816804129, 14.659770675656679 ], [ 121.091360848849874, 14.659722947363727 ], [ 121.091371179418573, 14.659709561493802 ], [ 121.091380316147422, 14.659693828829038 ], [ 121.091384293974215, 14.659684480986908 ], [ 121.091387696593316, 14.659673810813823 ], [ 121.09139017104161, 14.659662272688664 ], [ 121.091391546987339, 14.659650241156081 ], [ 121.091391760523834, 14.659638021145129 ], [ 121.091390823037912, 14.659625905551101 ], [ 121.091388823368348, 14.659614247550046 ], [ 121.09138268048855, 14.659594167301847 ], [ 121.091376682622041, 14.659581028731377 ], [ 121.091371121597319, 14.659571040463183 ], [ 121.091351721685797, 14.65954234023337 ], [ 121.091328074692385, 14.659511958572816 ], [ 121.091310336798699, 14.659492318116394 ], [ 121.09128465097956, 14.659467979986449 ], [ 121.091250999411486, 14.659438859085792 ], [ 121.091222450840093, 14.659416664539073 ], [ 121.091198055958529, 14.659401146358741 ], [ 121.091172470085624, 14.659387668009076 ], [ 121.091144950882182, 14.65937501965346 ], [ 121.091052959088515, 14.659335607193272 ], [ 121.091033362731082, 14.659329373346514 ], [ 121.091012166950321, 14.659325392866338 ], [ 121.090993898016904, 14.659324407815184 ], [ 121.090975378601669, 14.659325869757311 ], [ 121.090971905510486, 14.659326670453364 ], [ 121.091225400414089, 14.660071704543308 ], [ 121.091227912744372, 14.660059758120784 ], [ 121.091245174543388, 14.659953815250084 ], [ 121.091252164310092, 14.659915678279585 ], [ 121.091260236796032, 14.659880284822838 ] ] ] ] } },
{ "type": "Feature", "properties": { "subcatchme": 1, "class_id": 10.0, "class_name": "Brush/Shrubs", "nrcs_class": "open_space_good", "SOILDESC": "Novaliches clay loam adobe phase", "SoilSeries": "Novaliches", "hsg": "C", "slope_mean": 3.6876046891921992, "area_sqm": 224.342, "site_id": 6, "land_avail": 1, "dist_drain": 445, "gi_type sg": "bioswale", "objectid": 40744, "gthcode": "8011374020160000", "globalid": "{D94B6835-001D-4822-B49D-83C41C3216DF}", "st_area(shape)": 0.00016002800101577228, "reg_name": "National Capital Region (NCR)", "prov_name": "NCR, Second District", "city_name": "City of Marikina", "brgy_name": "Tumana", "reg_code": "130000000", "prov_code": "137400000", "city_code": "137402000", "brgy_code": "137402016", "psgc_10d": "1380700016", "geographic_level": "Bgy", "old_names": "", "class": "Highly Urbanized Cities (HUC)", "income_class": "", "urban_rural2015": "U", "bgypop2015": 43239, "bgypop2020": 47468, "bgyarea_sqkm": 1.90731445, "gida": "No", "gida_yr": null, "st_perimeter(shape)": 0.05754354711643371, "created_user": null, "created_date": null, "last_edited_user": "ADMIN2", "last_edited_date": 1748789495000, "gi_type_x": "Bioswale", "flood_attenuation_score_x": 40.134889242409699, "site_cost_x": 1275208.6107600001, "selected": 1, "gi_type_y": "Bioswale", "flood_attenuation_score_y": 40.134889242409699, "site_cost_y": 1275208.6107600001, "selected_selection": 1.0 }, "geometry": { "type": "MultiPolygon", "coordinates": [ [ [ [ 121.091431968897524, 14.660876436556149 ], [ 121.09144591747561, 14.660899104053412 ], [ 121.091458744245557, 14.660916681685903 ], [ 121.091474568876308, 14.660935811201263 ], [ 121.091504212266472, 14.660969128544716 ], [ 121.091521294084785, 14.660987151395357 ], [ 121.091540813192012, 14.661005535858548 ], [ 121.091564288201354, 14.661024804356771 ], [ 121.09152219686105, 14.660944004016029 ], [ 121.09140113612608, 14.660588201057461 ], [ 121.091401224216199, 14.660817057761308 ], [ 121.091431968897524, 14.660876436556149 ] ] ] ] } },
{ "type": "Feature", "properties": { "subcatchme": 1, "class_id": 16.0, "class_name": "Annual Crop", "nrcs_class": "row_crop_good", "SOILDESC": "Quingua silt loam", "SoilSeries": "Quingua", "hsg": "B", "slope_mean": 2.5428094905719418, "area_sqm": 51483.815, "site_id": 8, "land_avail": 1, "dist_drain": 0, "gi_type sg": "urban_fores", "objectid": 40744, "gthcode": "8011374020160000", "globalid": "{D94B6835-001D-4822-B49D-83C41C3216DF}", "st_area(shape)": 0.00016002800101577228, "reg_name": "National Capital Region (NCR)", "prov_name": "NCR, Second District", "city_name": "City of Marikina", "brgy_name": "Tumana", "reg_code": "130000000", "prov_code": "137400000", "city_code": "137402000", "brgy_code": "137402016", "psgc_10d": "1380700016", "geographic_level": "Bgy", "old_names": "", "class": "Highly Urbanized Cities (HUC)", "income_class": "", "urban_rural2015": "U", "bgypop2015": 43239, "bgypop2020": 47468, "bgyarea_sqkm": 1.90731445, "gida": "No", "gida_yr": null, "st_perimeter(shape)": 0.05754354711643371, "created_user": null, "created_date": null, "last_edited_user": "ADMIN2", "last_edited_date": 1748789495000, "gi_type_x": "Bioswale", "flood_attenuation_score_x": 59.054182806230997, "site_cost_x": 286932974.5557, "selected": 0, "gi_type_y": "Bioswale", "flood_attenuation_score_y": 59.054182806230997, "site_cost_y": 286932974.5557, "selected_selection": null }, "geometry": { "type": "MultiPolygon", "coordinates": [ [ [ [ 121.099244467023354, 14.666255461661333 ], [ 121.099251736383152, 14.666281717940704 ], [ 121.09926558860505, 14.666340525566683 ], [ 121.099274014710915, 14.666371181542926 ], [ 121.099284483054603, 14.666399795567457 ], [ 121.099289990915793, 14.666411270776143 ], [ 121.099299117738354, 14.666426133782851 ], [ 121.099308384517954, 14.666437149926541 ], [ 121.099317266812633, 14.66644485172252 ], [ 121.099324529741182, 14.666449590554718 ], [ 121.099332992418255, 14.666453746365013 ], [ 121.099342306429648, 14.666456924092079 ], [ 121.099344662537277, 14.666457402521095 ], [ 121.099344576253529, 14.666252521656697 ], [ 121.099243364043346, 14.666252562031161 ], [ 121.099244467023354, 14.666255461661333 ] ] ], [ [ [ 121.099217335862988, 14.665689504895861 ], [ 121.099216565373723, 14.665676168834613 ], [ 121.099217809554759, 14.665667640736494 ], [ 121.099222020555089, 14.665656208877994 ], [ 121.099228004330001, 14.665647388789896 ], [ 121.0992381889141, 14.66563842774282 ], [ 121.099249775809042, 14.665632194725355 ], [ 121.099259135236792, 14.665628815485686 ], [ 121.099274806697295, 14.665625261947207 ], [ 121.0992858732683, 14.665623924600864 ], [ 121.099302498348834, 14.665623352074721 ], [ 121.099317666451483, 14.665624126813801 ], [ 121.099334519162738, 14.665626220291681 ], [ 121.099372484541504, 14.665632448328573 ], [ 121.099399614578289, 14.665634410777766 ], [ 121.099428070771395, 14.665632866821079 ], [ 121.099477095390554, 14.665625376565284 ], [ 121.099496264629209, 14.665623546983415 ], [ 121.099520646534742, 14.665623402981321 ], [ 121.09954041563546, 14.665625209419009 ], [ 121.099553564064308, 14.665627456943408 ], [ 121.09957243920644, 14.665632384720409 ], [ 121.099583895609214, 14.665636539698381 ], [ 121.099598279506324, 14.665643315887509 ], [ 121.099609976290395, 14.665650380977448 ], [ 121.099618246292806, 14.665656315512935 ], [ 121.099634447868837, 14.665670182635283 ], [ 121.099651100746613, 14.665687259819933 ], [ 121.099658426425208, 14.665695805590889 ], [ 121.099668878826932, 14.665709918497765 ], [ 121.099676699220055, 14.665723205575832 ], [ 121.09968241433873, 14.665735944053996 ], [ 121.099687498086524, 14.665751925312186 ], [ 121.099690036061403, 14.665763864230028 ], [ 121.099691716652757, 14.665776407046094 ], [ 121.099692549677229, 14.665795731620483 ], [ 121.099690757638371, 14.665820955852794 ], [ 121.099686779190336, 14.665842554583854 ], [ 121.099681029594763, 14.665863395978601 ], [ 121.099664732816223, 14.665914564663778 ], [ 121.099658699445243, 14.665938707710112 ], [ 121.099654628968693, 14.665959459812207 ], [ 121.099652253478723, 14.66597629273009 ], [ 121.099911691918507, 14.665976188694961 ], [ 121.099911765503563, 14.666149858748513 ], [ 121.099945463927313, 14.66613746202985 ], [ 121.099974003069946, 14.666125343444486 ], [ 121.100028206166101, 14.666100274833781 ], [ 121.100049994075334, 14.666091784569501 ], [ 121.100070894807146, 14.666084984221813 ], [ 121.100110247968331, 14.666074871715786 ], [ 121.100151469832511, 14.666066690352464 ], [ 121.100235219179865, 14.666052751190536 ], [ 121.100276592950934, 14.666045145807365 ], [ 121.100300623357938, 14.666039912758396 ], [ 121.100341778057484, 14.66602864734207 ], [ 121.100414976203965, 14.666003645356295 ], [ 121.10044988490634, 14.665994904441288 ], [ 121.100483211885404, 14.665989058739367 ], [ 121.100493728541437, 14.665987752140893 ], [ 121.099868754488796, 14.665384311648907 ], [ 121.098930338958809, 14.663547534912114 ], [ 121.099116788076586, 14.662663234932488 ], [ 121.098775841428832, 14.66266337039673 ], [ 121.098775725896004, 14.662387264430702 ], [ 121.099175007877776, 14.662387105741805 ], [ 121.099197367766138, 14.662281055418633 ], [ 121.099279917577149, 14.662110957918541 ], [ 121.098491999361542, 14.662111270756551 ], [ 121.098491884189144, 14.661835164775157 ], [ 121.098302036212544, 14.661835239752408 ], [ 121.097999552823907, 14.662263889279474 ], [ 121.097740153410328, 14.662905712094867 ], [ 121.097610872165333, 14.66304240007797 ], [ 121.097652656224383, 14.663079895705021 ], [ 121.09766519198989, 14.663092655702282 ], [ 121.097675241932237, 14.663104220526661 ], [ 121.097690214108837, 14.663124112678194 ], [ 121.097728779994142, 14.663183285292885 ], [ 121.09774906509621, 14.663211197089534 ], [ 121.097819842704453, 14.663293979836077 ], [ 121.097867250429658, 14.66334553240508 ], [ 121.097885196640263, 14.663366309222177 ], [ 121.097940315336146, 14.663434773696135 ], [ 121.097952421233515, 14.663452061375665 ], [ 121.097964665388261, 14.663472258331606 ], [ 121.09797433210457, 14.663490366500019 ], [ 121.098009693935367, 14.663563916222419 ], [ 121.098038773059287, 14.663619418002924 ], [ 121.098052317863804, 14.663650352662454 ], [ 121.098061705828528, 14.663677416141416 ], [ 121.098068185236485, 14.663699348036632 ], [ 121.098087756088162, 14.663774510879092 ], [ 121.098098810532264, 14.663812193960311 ], [ 121.098109760635054, 14.663842395258825 ], [ 121.098136653385865, 14.663905244393732 ], [ 121.098147308510221, 14.663935636671765 ], [ 121.098157735489551, 14.663971917477967 ], [ 121.098179415959152, 14.66405400917156 ], [ 121.098190361408484, 14.664087331851821 ], [ 121.098203408106016, 14.664118334727764 ], [ 121.098237212060383, 14.664183756348242 ], [ 121.098273868269033, 14.664261048972179 ], [ 121.098287389813635, 14.664285438751 ], [ 121.098302424667708, 14.664308407625438 ], [ 121.098361294559396, 14.664387879219666 ], [ 121.09839599793176, 14.664433215049096 ], [ 121.098408295859429, 14.664450634419573 ], [ 121.098425115689935, 14.664477812926267 ], [ 121.098461026064214, 14.664541941379355 ], [ 121.098477269609361, 14.664567380040758 ], [ 121.098577343059532, 14.664700023369791 ], [ 121.098592874748064, 14.664722437802208 ], [ 121.098612436315705, 14.664756337047809 ], [ 121.098651046081841, 14.664832635267915 ], [ 121.09868527943307, 14.664891139731413 ], [ 121.098701494137487, 14.664922828220348 ], [ 121.098738433967597, 14.66500944942981 ], [ 121.098770051936924, 14.665077144930844 ], [ 121.098777926656467, 14.665097786886399 ], [ 121.098785953267125, 14.665124598824633 ], [ 121.09879116708953, 14.665147010167843 ], [ 121.098796799357658, 14.665178156602725 ], [ 121.098801217766365, 14.665210016076365 ], [ 121.098814108866179, 14.665336162297713 ], [ 121.098819254119491, 14.665377485970785 ], [ 121.098826107800406, 14.665417798811395 ], [ 121.09883082015503, 14.665438942661948 ], [ 121.098837623894255, 14.665463534114719 ], [ 121.098844339603815, 14.665483483380875 ], [ 121.098861133775102, 14.665528488287709 ], [ 121.098869479605995, 14.665554885321596 ], [ 121.098877678253046, 14.665588977165241 ], [ 121.098884433952989, 14.665627629988006 ], [ 121.09888959136525, 14.665667224054936 ], [ 121.098901114589665, 14.66578042153936 ], [ 121.098906016500536, 14.665820579239774 ], [ 121.098912362749914, 14.665859886615101 ], [ 121.098918840032624, 14.6658898217584 ], [ 121.09892609253636, 14.665915767028027 ], [ 121.098933066107151, 14.665936172066532 ], [ 121.098948310866689, 14.665976573553111 ], [ 121.099060844001272, 14.665976528803546 ], [ 121.099060728082122, 14.665700422918048 ], [ 121.099220581037329, 14.665700359259047 ], [ 121.099217335862988, 14.665689504895861 ] ], [ [ 121.099344111160079, 14.665148098111143 ], [ 121.099627726066061, 14.665147984748739 ], [ 121.099627842691035, 14.665424090642517 ], [ 121.099344227429555, 14.665424204007321 ], [ 121.099344111160079, 14.665148098111143 ] ] ], [ [ [ 121.0994242317079, 14.661813591631338 ], [ 121.09941603941968, 14.66181222363452 ], [ 121.09925849303464, 14.661793003853679 ], [ 121.099230067118029, 14.661788299823186 ], [ 121.099202437065543, 14.661782481694106 ], [ 121.099181226493442, 14.661776826313481 ], [ 121.099156926659887, 14.661768584544916 ], [ 121.099132429307332, 14.661757845104232 ], [ 121.099061430248668, 14.661719214530494 ], [ 121.099032288285585, 14.661702181595462 ], [ 121.099015618156912, 14.661691012732414 ], [ 121.099005377200413, 14.66168318596484 ], [ 121.098996208552634, 14.661675234217565 ], [ 121.098985126358485, 14.661663883319418 ], [ 121.098975885553003, 14.661652245641267 ], [ 121.098969330436802, 14.661642307219321 ], [ 121.098962875587503, 14.661630753779175 ], [ 121.098954070019587, 14.661611385687555 ], [ 121.098943361957751, 14.6615805610337 ], [ 121.098917814565866, 14.661483466860686 ], [ 121.098907775462948, 14.661452573573097 ], [ 121.098899551290884, 14.661432957196224 ], [ 121.098890236456384, 14.661415592987483 ], [ 121.098880767828689, 14.661401851408172 ], [ 121.098868062164428, 14.661387696563384 ], [ 121.098855254420172, 14.661376550246029 ], [ 121.098840200921103, 14.661365864527172 ], [ 121.09881287832782, 14.661350135146483 ], [ 121.098757093367496, 14.661322963303212 ], [ 121.098742704667885, 14.661316778082927 ], [ 121.098729381405747, 14.66131201679061 ], [ 121.098711541906056, 14.661307599922461 ], [ 121.098690519163725, 14.66130535665075 ], [ 121.098675615552466, 14.661305837227426 ], [ 121.09849692839127, 14.661559056747503 ], [ 121.098775379312769, 14.661558946493571 ], [ 121.098775494837966, 14.661835052479121 ], [ 121.099413939905787, 14.661834798419919 ], [ 121.0994242317079, 14.661813591631338 ] ] ], [ [ [ 121.099065427570409, 14.666960732619302 ], [ 121.099068304713754, 14.666987146364175 ], [ 121.099070647510871, 14.667026531238701 ], [ 121.09907042336593, 14.667037764356191 ], [ 121.099069321224832, 14.667042310049384 ], [ 121.099162144457352, 14.667043069432886 ], [ 121.099162680761637, 14.666583563199183 ], [ 121.099164307129072, 14.666447840712241 ], [ 121.099167458401098, 14.666362481937467 ], [ 121.099169637969908, 14.666330117944817 ], [ 121.09917259219651, 14.666299851479426 ], [ 121.099175844153066, 14.66627649723441 ], [ 121.09917998268584, 14.666255610146797 ], [ 121.099180870621439, 14.666252586938345 ], [ 121.099060959923079, 14.666252634682536 ], [ 121.099061245030626, 14.666931686135278 ], [ 121.099065427570409, 14.666960732619302 ] ] ] ] } },
{ "type": "Feature", "properties": { "subcatchme": 1, "class_id": 10.0, "class_name": "Brush/Shrubs", "nrcs_class": "open_space_good", "SOILDESC": "Novaliches clay loam adobe phase", "SoilSeries": "Novaliches", "hsg": "C", "slope_mean": 4.1273684978485106, "area_sqm": 7819.599, "site_id": 9, "land_avail": 1, "dist_drain": 384, "gi_type sg": "urban_fores", "objectid": 40744, "gthcode": "8011374020160000", "globalid": "{D94B6835-001D-4822-B49D-83C41C3216DF}", "st_area(shape)": 0.00016002800101577228, "reg_name": "National Capital Region (NCR)", "prov_name": "NCR, Second District", "city_name": "City of Marikina", "brgy_name": "Tumana", "reg_code": "130000000", "prov_code": "137400000", "city_code": "137402000", "brgy_code": "137402016", "psgc_10d": "1380700016", "geographic_level": "Bgy", "old_names": "", "class": "Highly Urbanized Cities (HUC)", "income_class": "", "urban_rural2015": "U", "bgypop2015": 43239, "bgypop2020": 47468, "bgyarea_sqkm": 1.90731445, "gida": "No", "gida_yr": null, "st_perimeter(shape)": 0.05754354711643371, "created_user": null, "created_date": null, "last_edited_user": "ADMIN2", "last_edited_date": 1748789495000, "gi_type_x": "Bioswale", "flood_attenuation_score_x": 44.737400593015003, "site_cost_x": 43601904.91522, "selected": 0, "gi_type_y": "Bioswale", "flood_attenuation_score_y": 44.737400593015003, "site_cost_y": 43601904.91522, "selected_selection": null }, "geometry": { "type": "MultiPolygon", "coordinates": [ [ [ [ 121.093104765293901, 14.6656156610259 ], [ 121.093104675479111, 14.665387001533448 ], [ 121.093039035222972, 14.665357945447607 ], [ 121.093008097596581, 14.665342252587591 ], [ 121.092988800798437, 14.665330622539619 ], [ 121.092970486700551, 14.665317854651038 ], [ 121.092905836217611, 14.665266492227964 ], [ 121.09287661554977, 14.665240661170195 ], [ 121.092791278272855, 14.665159601139278 ], [ 121.092749541825867, 14.665117122234278 ], [ 121.092702984978644, 14.665071943238891 ], [ 121.092657789412087, 14.665025432496893 ], [ 121.092611305865063, 14.664980154680661 ], [ 121.092566099734782, 14.66493368902354 ], [ 121.092519569016687, 14.664888502984068 ], [ 121.092474300832293, 14.664842132596872 ], [ 121.092427723777362, 14.664797049185481 ], [ 121.092378698328432, 14.664747096363859 ], [ 121.092335787387299, 14.664705731974045 ], [ 121.092290446694648, 14.664659489290392 ], [ 121.092243805814363, 14.664614495697011 ], [ 121.092198449207686, 14.664568272750293 ], [ 121.09215179806128, 14.664523289902615 ], [ 121.092106436851537, 14.664477066904075 ], [ 121.092059783052434, 14.664432073175563 ], [ 121.092014426615663, 14.664385839357692 ], [ 121.09196777120188, 14.664340822104929 ], [ 121.091949918924072, 14.66432261346873 ], [ 121.09184657944553, 14.664322651398678 ], [ 121.093104765293901, 14.6656156610259 ] ] ], [ [ [ 121.092017918342407, 14.662003905350575 ], [ 121.092044382814734, 14.661981681682931 ], [ 121.092056879896006, 14.661970404484009 ], [ 121.091649840823322, 14.661189034836228 ], [ 121.091630613808846, 14.661186219742506 ], [ 121.091594522348416, 14.661178222010687 ], [ 121.091580391050456, 14.661174071828997 ], [ 121.09156098923458, 14.661167113022618 ], [ 121.091535440881557, 14.661155064665317 ], [ 121.091507525593684, 14.661137641490408 ], [ 121.091469978498367, 14.661109835134884 ], [ 121.091446567065432, 14.661090496922412 ], [ 121.091423105521955, 14.661067942899296 ], [ 121.091401311449403, 14.661043683992139 ], [ 121.091401617157061, 14.661837859736901 ], [ 121.091968838575781, 14.661837652097175 ], [ 121.09196891779925, 14.662042085614415 ], [ 121.092017918342407, 14.662003905350575 ] ] ], [ [ [ 121.091201663474948, 14.660163449247618 ], [ 121.09121015313373, 14.660137549974406 ], [ 121.091216396604665, 14.660114518703216 ], [ 121.091225400414089, 14.6600717045433 ], [ 121.0909719055105, 14.659326670453359 ], [ 121.090957724935734, 14.659329939682378 ], [ 121.090952214947706, 14.659331848252405 ], [ 121.090942043007601, 14.659336353753011 ], [ 121.090929619659846, 14.659344009167933 ], [ 121.090919546270314, 14.659352567708231 ], [ 121.090912430358557, 14.659360264901073 ], [ 121.090905292488614, 14.659369639197296 ], [ 121.090898489231122, 14.659380355538087 ], [ 121.090889141432527, 14.659398269809509 ], [ 121.090876729887583, 14.659427809536265 ], [ 121.090854796637799, 14.659487297699853 ], [ 121.090841704445879, 14.659518791074666 ], [ 121.09083235403557, 14.659538183788957 ], [ 121.090802845443505, 14.659595073921881 ], [ 121.090767611946688, 14.659675350203571 ], [ 121.090750037507405, 14.65971108672227 ], [ 121.090739282672331, 14.659729723239584 ], [ 121.090708528834497, 14.659779160179555 ], [ 121.090677250946712, 14.659832724566616 ], [ 121.090662838521993, 14.659854813930869 ], [ 121.090650255509686, 14.659871248450536 ], [ 121.090638758890776, 14.659883896315304 ], [ 121.090626921826626, 14.659894911092129 ], [ 121.090613660515217, 14.659905403126354 ], [ 121.091117264981719, 14.659905220573981 ], [ 121.091117370897777, 14.660181326659773 ], [ 121.091194516899591, 14.660181298598095 ], [ 121.091201663474948, 14.660163449247618 ] ] ], [ [ [ 121.08970010385174, 14.662238777728328 ], [ 121.089699952844057, 14.661838474352887 ], [ 121.089613272437688, 14.661838505327204 ], [ 121.08970010385174, 14.662238777728328 ] ] ] ] } },
{ "type": "Feature", "properties": { "subcatchme": 1, "class_id": 14.0, "class_name": "Grassland", "nrcs_class": "open_space_poor", "SOILDESC": "Marikina clay loam", "SoilSeries": "Marikina", "hsg": "D", "slope_mean": 2.2754053310914468, "area_sqm": 9314.232, "site_id": 13, "land_avail": 1, "dist_drain": 0, "gi_type sg": "urban_fores", "objectid": 40744, "gthcode": "8011374020160000", "globalid": "{D94B6835-001D-4822-B49D-83C41C3216DF}", "st_area(shape)": 0.00016002800101577228, "reg_name": "National Capital Region (NCR)", "prov_name": "NCR, Second District", "city_name": "City of Marikina", "brgy_name": "Tumana", "reg_code": "130000000", "prov_code": "137400000", "city_code": "137402000", "brgy_code": "137402016", "psgc_10d": "1380700016", "geographic_level": "Bgy", "old_names": "", "class": "Highly Urbanized Cities (HUC)", "income_class": "", "urban_rural2015": "U", "bgypop2015": 43239, "bgypop2020": 47468, "bgyarea_sqkm": 1.90731445, "gida": "No", "gida_yr": null, "st_perimeter(shape)": 0.05754354711643371, "created_user": null, "created_date": null, "last_edited_user": "ADMIN2", "last_edited_date": 1748789495000, "gi_type_x": "Bioswale", "flood_attenuation_score_x": 46.426144738521003, "site_cost_x": 51931165.804959998, "selected": 0, "gi_type_y": "Bioswale", "flood_attenuation_score_y": 46.426144738521003, "site_cost_y": 51931165.804959998, "selected_selection": null }, "geometry": { "type": "MultiPolygon", "coordinates": [ [ [ [ 121.097131539176715, 14.663162094972483 ], [ 121.097084586820628, 14.663117278656451 ], [ 121.097038879704215, 14.6630712344438 ], [ 121.096991882847746, 14.663026415941196 ], [ 121.096946212391472, 14.662980323213997 ], [ 121.096899329564877, 14.662935418873969 ], [ 121.096853906231956, 14.662889199829097 ], [ 121.096803834306158, 14.662840377977679 ], [ 121.096718087112649, 14.662751768163261 ], [ 121.09666180738671, 14.662687637186465 ], [ 121.096636043231456, 14.662656672892503 ], [ 121.096619737159187, 14.662633890537823 ], [ 121.096586766410383, 14.662582774100775 ], [ 121.096575582706052, 14.662566853100676 ], [ 121.0965648880087, 14.662553318288383 ], [ 121.096554943199308, 14.662542273016156 ], [ 121.096542031277238, 14.662529762927683 ], [ 121.096526210623026, 14.662516229511796 ], [ 121.096483480696477, 14.662482113284103 ], [ 121.096470083173926, 14.662470154094169 ], [ 121.096456343257117, 14.662456030421641 ], [ 121.096438585622053, 14.662433758514426 ], [ 121.09639489662942, 14.66236679354679 ], [ 121.096372504401344, 14.662336755137389 ], [ 121.096304860052555, 14.662258008373104 ], [ 121.096226578646778, 14.662177112197655 ], [ 121.096183822193424, 14.662135874464092 ], [ 121.096096611612865, 14.66205650287587 ], [ 121.096059679832692, 14.662024966280308 ], [ 121.096009604399043, 14.661985184994492 ], [ 121.095986878452294, 14.66196842114887 ], [ 121.095977282194454, 14.661962378043414 ], [ 121.095967001446553, 14.661957234848932 ], [ 121.095959424934705, 14.661955186425235 ], [ 121.095957081968535, 14.661956045639025 ], [ 121.095955648097615, 14.661961271802975 ], [ 121.095955043949218, 14.661974141123761 ], [ 121.095955506557189, 14.661993542170931 ], [ 121.095958584264054, 14.66202860607468 ], [ 121.095965521746209, 14.662070542691582 ], [ 121.095971957283567, 14.662097307307519 ], [ 121.095977152622197, 14.662114838487041 ], [ 121.095985676706675, 14.662138712069446 ], [ 121.095994018212807, 14.662158148741373 ], [ 121.096004118762167, 14.662178449311591 ], [ 121.096020292508399, 14.662206864351244 ], [ 121.096042681302819, 14.662242447932082 ], [ 121.096060035304859, 14.662268130778378 ], [ 121.096083193084411, 14.662298732169772 ], [ 121.096115397685821, 14.662336011988529 ], [ 121.096128760870343, 14.662352585264475 ], [ 121.096146998152861, 14.662377246918053 ], [ 121.096168774551174, 14.662408507541638 ], [ 121.096181789439512, 14.662429292871801 ], [ 121.096189381891662, 14.662443461996636 ], [ 121.096196580099488, 14.662459532915349 ], [ 121.096203740676145, 14.662479635885497 ], [ 121.096207988909455, 14.662494515045278 ], [ 121.096215308800453, 14.662528836506354 ], [ 121.096220366205088, 14.662564478735147 ], [ 121.096223852410645, 14.662601044338849 ], [ 121.096226250564698, 14.662636870831436 ], [ 121.096231751699065, 14.662745334135773 ], [ 121.096234189322203, 14.662781104921386 ], [ 121.096238333283665, 14.662823193973846 ], [ 121.096244532276742, 14.662864014782063 ], [ 121.096247731635714, 14.662879637238021 ], [ 121.096253217141722, 14.662901405582783 ], [ 121.09626073674508, 14.662924757624506 ], [ 121.096291339207696, 14.66299909815962 ], [ 121.096319100403463, 14.66307986249627 ], [ 121.096327924560327, 14.663103608396158 ], [ 121.096337860809001, 14.663126278951392 ], [ 121.09634802032447, 14.663145027420624 ], [ 121.096359023499573, 14.663161107814373 ], [ 121.096369553576992, 14.663173283914603 ], [ 121.096384389607337, 14.663186680952894 ], [ 121.096393906652281, 14.663193733748646 ], [ 121.096409973546969, 14.663203912810355 ], [ 121.096427915410061, 14.663213680676455 ], [ 121.096433701298935, 14.663216499493837 ], [ 121.096507173025415, 14.663216471083595 ], [ 121.096507188524484, 14.663254443881181 ], [ 121.096527703005876, 14.663268975504682 ], [ 121.096536094958125, 14.66327635345395 ], [ 121.096546450161867, 14.663287176163333 ], [ 121.096561024278429, 14.663306714477228 ], [ 121.096571421788781, 14.663324458154168 ], [ 121.096582930825562, 14.663348066984128 ], [ 121.096609876189532, 14.663411429981744 ], [ 121.096619102319423, 14.663431202836849 ], [ 121.096631584733458, 14.663454320788516 ], [ 121.096646241599942, 14.663476746230932 ], [ 121.096677802324834, 14.663517559659054 ], [ 121.096711453480381, 14.663558596249972 ], [ 121.096762452356998, 14.663613279968748 ], [ 121.09684472398331, 14.663703976023887 ], [ 121.096870238464064, 14.663736241416641 ], [ 121.096896169347531, 14.663772206397352 ], [ 121.096912454779584, 14.663797818998786 ], [ 121.096925083827358, 14.663823202841675 ], [ 121.096926011468113, 14.663825659510545 ], [ 121.09700773153574, 14.663680095639862 ], [ 121.097318267734209, 14.663351768304812 ], [ 121.097313083222886, 14.663345728018415 ], [ 121.097223594790933, 14.663253234293682 ], [ 121.097177069361493, 14.663208208211712 ], [ 121.097131539176715, 14.663162094972483 ] ] ] ] } },
{ "type": "Feature", "properties": { "subcatchme": 1, "class_id": 14.0, "class_name": "Grassland", "nrcs_class": "open_space_poor", "SOILDESC": "Quingua silt loam", "SoilSeries": "Quingua", "hsg": "B", "slope_mean": 0.95278418064117398, "area_sqm": 6553.466, "site_id": 15, "land_avail": 1, "dist_drain": 0, "gi_type sg": "urban_fores", "objectid": 40744, "gthcode": "8011374020160000", "globalid": "{D94B6835-001D-4822-B49D-83C41C3216DF}", "st_area(shape)": 0.00016002800101577228, "reg_name": "National Capital Region (NCR)", "prov_name": "NCR, Second District", "city_name": "City of Marikina", "brgy_name": "Tumana", "reg_code": "130000000", "prov_code": "137400000", "city_code": "137402000", "brgy_code": "137402016", "psgc_10d": "1380700016", "geographic_level": "Bgy", "old_names": "", "class": "Highly Urbanized Cities (HUC)", "income_class": "", "urban_rural2015": "U", "bgypop2015": 43239, "bgypop2020": 47468, "bgyarea_sqkm": 1.90731445, "gida": "No", "gida_yr": null, "st_perimeter(shape)": 0.05754354711643371, "created_user": null, "created_date": null, "last_edited_user": "ADMIN2", "last_edited_date": 1748789495000, "gi_type_x": "Bioswale", "flood_attenuation_score_x": 44.159103007812298, "site_cost_x": 36546024.255479999, "selected": 0, "gi_type_y": "Bioswale", "flood_attenuation_score_y": 44.159103007812298, "site_cost_y": 36546024.255479999, "selected_selection": null }, "geometry": { "type": "MultiPolygon", "coordinates": [ [ [ [ 121.097633382801178, 14.663825226146431 ], [ 121.097601941237372, 14.66375822965283 ], [ 121.097586461534121, 14.663729063061975 ], [ 121.097575084974622, 14.66371073664463 ], [ 121.09756428954428, 14.663695202031311 ], [ 121.097507545045048, 14.663618084681149 ], [ 121.097476255735245, 14.66357688678058 ], [ 121.097464023277482, 14.663559424531078 ], [ 121.097447250353298, 14.663532210209446 ], [ 121.097414658611044, 14.663474255861439 ], [ 121.097394371012115, 14.663442982209929 ], [ 121.097369030253816, 14.663410909878385 ], [ 121.097318267734209, 14.663351768304812 ], [ 121.09700773153574, 14.663680095639862 ], [ 121.096926011468113, 14.663825659510545 ], [ 121.096932765058511, 14.663843545028186 ], [ 121.096937360080545, 14.663858584267077 ], [ 121.096944315756616, 14.663887802189047 ], [ 121.096949523271647, 14.663918010722989 ], [ 121.096953448241536, 14.663948931723729 ], [ 121.096964842482663, 14.664085431247031 ], [ 121.096971171471807, 14.664139049670766 ], [ 121.096974553285904, 14.664158917446485 ], [ 121.096980608118713, 14.664185819912255 ], [ 121.096988598232713, 14.664211133233735 ], [ 121.096997232944233, 14.664230924733705 ], [ 121.097007163670298, 14.664247800628115 ], [ 121.097017021648043, 14.664260526083121 ], [ 121.097027916540057, 14.664271530324756 ], [ 121.097042500531657, 14.664283168453501 ], [ 121.097059694621208, 14.66429418993372 ], [ 121.097084847476879, 14.664307508749488 ], [ 121.097137020555238, 14.664332468108507 ], [ 121.097161513742861, 14.664346070703212 ], [ 121.097181808005203, 14.664360244401982 ], [ 121.097196674684426, 14.664373654304471 ], [ 121.097212334209701, 14.664391889288305 ], [ 121.097227425949427, 14.664414170057967 ], [ 121.097247058618237, 14.664449266489269 ], [ 121.0972759148584, 14.664506270304488 ], [ 121.097281536345164, 14.664520264216485 ], [ 121.097285724508041, 14.664533619217098 ], [ 121.097290112305814, 14.664556316615823 ], [ 121.097291177992972, 14.664569102016515 ], [ 121.097291285183928, 14.664582268165432 ], [ 121.097290398538121, 14.664595500281617 ], [ 121.097287278697252, 14.664614826818813 ], [ 121.0972806572926, 14.664637491915917 ], [ 121.09727742046914, 14.664644756624217 ], [ 121.097706011634941, 14.664003518074972 ], [ 121.097689210441246, 14.663944991171164 ], [ 121.097677164978251, 14.663912107713042 ], [ 121.097665849775481, 14.663887320260882 ], [ 121.097633382801178, 14.663825226146431 ] ] ] ] } },
{ "type": "Feature", "properties": { "subcatchme": 1, "class_id": 10.0, "class_name": "Brush/Shrubs", "nrcs_class": "open_space_good", "SOILDESC": "Marikina clay loam", "SoilSeries": "Marikina", "hsg": "D", "slope_mean": 2.3808572292327881, "area_sqm": 7135.043, "site_id": 16, "land_avail": 1, "dist_drain": 361, "gi_type sg": "urban_fores", "objectid": 40744, "gthcode": "8011374020160000", "globalid": "{D94B6835-001D-4822-B49D-83C41C3216DF}", "st_area(shape)": 0.00016002800101577228, "reg_name": "National Capital Region (NCR)", "prov_name": "NCR, Second District", "city_name": "City of Marikina", "brgy_name": "Tumana", "reg_code": "130000000", "prov_code": "137400000", "city_code": "137402000", "brgy_code": "137402016", "psgc_10d": "1380700016", "geographic_level": "Bgy", "old_names": "", "class": "Highly Urbanized Cities (HUC)", "income_class": "", "urban_rural2015": "U", "bgypop2015": 43239, "bgypop2020": 47468, "bgyarea_sqkm": 1.90731445, "gida": "No", "gida_yr": null, "st_perimeter(shape)": 0.05754354711643371, "created_user": null, "created_date": null, "last_edited_user": "ADMIN2", "last_edited_date": 1748789495000, "gi_type_x": "Bioswale", "flood_attenuation_score_x": 44.568733023623402, "site_cost_x": 39787024.929539993, "selected": 0, "gi_type_y": "Bioswale", "flood_attenuation_score_y": 44.568733023623402, "site_cost_y": 39787024.929539993, "selected_selection": null }, "geometry": { "type": "MultiPolygon", "coordinates": [ [ [ [ 121.091836082529269, 14.660390677659754 ], [ 121.091804272898727, 14.660364075212671 ], [ 121.091750658732693, 14.660321561990804 ], [ 121.091730294655079, 14.660306532411399 ], [ 121.091721387878124, 14.66030085990915 ], [ 121.091711153590708, 14.66029562655581 ], [ 121.09170366651766, 14.660293553434146 ], [ 121.091701414981017, 14.660294467578323 ], [ 121.091702833573294, 14.66029165784353 ], [ 121.09170233581132, 14.660283751722451 ], [ 121.091698010413893, 14.660271282979762 ], [ 121.091694518344042, 14.660264845204864 ], [ 121.091690700289277, 14.660259176521581 ], [ 121.091683373813197, 14.660250565476895 ], [ 121.091667560335495, 14.66023711678686 ], [ 121.091653083411245, 14.660227865050324 ], [ 121.091636337783328, 14.660219044734903 ], [ 121.091567008882436, 14.660188663992248 ], [ 121.091554211755792, 14.660182026916816 ], [ 121.09154398999614, 14.66017556280792 ], [ 121.091527015516462, 14.660161443062684 ], [ 121.091489251482827, 14.660122906108919 ], [ 121.091447817078461, 14.660088015304348 ], [ 121.091416234727703, 14.660058011310712 ], [ 121.091404639796465, 14.66004932906417 ], [ 121.091392905790656, 14.660043949636302 ], [ 121.091383586197651, 14.660042213905964 ], [ 121.091374003172803, 14.66004281300436 ], [ 121.091365394051778, 14.660045751668704 ], [ 121.091361735969073, 14.660047870653507 ], [ 121.091355550514876, 14.66005306318686 ], [ 121.091349776611949, 14.66006046776458 ], [ 121.091344484903857, 14.660070609118002 ], [ 121.091340072422483, 14.660083089260297 ], [ 121.091336595495093, 14.660097299553975 ], [ 121.091333423260991, 14.660115877264813 ], [ 121.091326599464097, 14.660175787763043 ], [ 121.091325788073178, 14.660181250789702 ], [ 121.091400979478678, 14.660181223371941 ], [ 121.09140113612608, 14.660588201057474 ], [ 121.09152219686105, 14.660944004016054 ], [ 121.091564288201354, 14.661024804356762 ], [ 121.091564543666465, 14.661025014044807 ], [ 121.091600544847907, 14.66105168167082 ], [ 121.091621541436794, 14.661065389815306 ], [ 121.091640984288588, 14.661075969212179 ], [ 121.091665892429518, 14.661086483225271 ], [ 121.091696613312152, 14.661095935202905 ], [ 121.091729940939643, 14.661103225215797 ], [ 121.091764563237206, 14.661108617218749 ], [ 121.091817994098079, 14.661114120245941 ], [ 121.091860366074926, 14.661116884608369 ], [ 121.091903269810032, 14.661118700818651 ], [ 121.091989702482806, 14.661120135104117 ], [ 121.092032758478936, 14.66111980532683 ], [ 121.092108337583255, 14.661116980761369 ], [ 121.092140618538849, 14.661114471337026 ], [ 121.092171936064986, 14.661110876778652 ], [ 121.092204813481018, 14.661105306858078 ], [ 121.092228241580287, 14.661099682873093 ], [ 121.092250216373074, 14.661092516073557 ], [ 121.092263742567297, 14.66108679093297 ], [ 121.092276023568004, 14.661080359715406 ], [ 121.092286648727537, 14.661073477511591 ], [ 121.092298850190431, 14.661063367541797 ], [ 121.092309514141093, 14.661051576704608 ], [ 121.092320072085911, 14.661035626125159 ], [ 121.092328961880369, 14.661016679612603 ], [ 121.092335720686236, 14.660995873850142 ], [ 121.092340452997462, 14.660973898322302 ], [ 121.092342993945934, 14.660954999111386 ], [ 121.092344354815381, 14.660935699812846 ], [ 121.092344173533846, 14.660904428164685 ], [ 121.092341169449568, 14.660873899695488 ], [ 121.092335144726434, 14.660844020603278 ], [ 121.092329150320793, 14.660824469353376 ], [ 121.092322094186187, 14.660807145167388 ], [ 121.092312468561872, 14.660788968480471 ], [ 121.092303344566275, 14.660775037923102 ], [ 121.092288618575793, 14.660755950007539 ], [ 121.092267705323678, 14.660732079487545 ], [ 121.092246228759208, 14.660710443735187 ], [ 121.092229960734514, 14.660696523224235 ], [ 121.092203519991926, 14.66067786692315 ], [ 121.092126653234217, 14.660632489752938 ], [ 121.092093533230738, 14.660609484191355 ], [ 121.092009478215559, 14.66054275478357 ], [ 121.091948856440752, 14.660488777457541 ], [ 121.091894618134418, 14.660442331618244 ], [ 121.091836082529269, 14.660390677659754 ] ] ] ] } },
{ "type": "Feature", "properties": { "subcatchme": 1, "class_id": 14.0, "class_name": "Grassland", "nrcs_class": "open_space_poor", "SOILDESC": "Novaliches clay loam adobe phase", "SoilSeries": "Novaliches", "hsg": "C", "slope_mean": 3.5941633284091949, "area_sqm": 7792.898, "site_id": 17, "land_avail": 1, "dist_drain": 351, "gi_type sg": "urban_fores", "objectid": 40744, "gthcode": "8011374020160000", "globalid": "{D94B6835-001D-4822-B49D-83C41C3216DF}", "st_area(shape)": 0.00016002800101577228, "reg_name": "National Capital Region (NCR)", "prov_name": "NCR, Second District", "city_name": "City of Marikina", "brgy_name": "Tumana", "reg_code": "130000000", "prov_code": "137400000", "city_code": "137402000", "brgy_code": "137402016", "psgc_10d": "1380700016", "geographic_level": "Bgy", "old_names": "", "class": "Highly Urbanized Cities (HUC)", "income_class": "", "urban_rural2015": "U", "bgypop2015": 43239, "bgypop2020": 47468, "bgyarea_sqkm": 1.90731445, "gida": "No", "gida_yr": null, "st_perimeter(shape)": 0.05754354711643371, "created_user": null, "created_date": null, "last_edited_user": "ADMIN2", "last_edited_date": 1748789495000, "gi_type_x": "Bioswale", "flood_attenuation_score_x": 45.249827591751298, "site_cost_x": 43453106.116439998, "selected": 0, "gi_type_y": "Bioswale", "flood_attenuation_score_y": 45.249827591751298, "site_cost_y": 43453106.116439998, "selected_selection": null }, "geometry": { "type": "MultiPolygon", "coordinates": [ [ [ [ 121.092288664806063, 14.663328101076464 ], [ 121.092296479214653, 14.663309004773252 ], [ 121.092301335073159, 14.663294424420874 ], [ 121.092305658302479, 14.663278963098129 ], [ 121.092312624487164, 14.663246549998654 ], [ 121.092317740882308, 14.663213033648862 ], [ 121.092321124546388, 14.663183226358965 ], [ 121.092332470796038, 14.663036394406475 ], [ 121.092336226581693, 14.662998346532035 ], [ 121.092341246193598, 14.662961319378008 ], [ 121.092348128174677, 14.662925764289627 ], [ 121.09235758258238, 14.662892225705615 ], [ 121.092370472540239, 14.662861366803169 ], [ 121.092382430225996, 14.662840723009557 ], [ 121.092432959436735, 14.662767474567294 ], [ 121.092455627410303, 14.662735857300893 ], [ 121.092215197592296, 14.662274317918563 ], [ 121.092208504369182, 14.662279004571133 ], [ 121.092188026286422, 14.662294264608152 ], [ 121.092166684434901, 14.662311722603839 ], [ 121.09207738054576, 14.662392444480469 ], [ 121.092030585104695, 14.662438548954013 ], [ 121.091982882142617, 14.66248364827041 ], [ 121.09196909427385, 14.662497460389337 ], [ 121.091969159579349, 14.662665970178626 ], [ 121.091794941445244, 14.662666034104772 ], [ 121.091748718842553, 14.662711604146434 ], [ 121.091700804814181, 14.662756087135568 ], [ 121.091685588306049, 14.662770927411906 ], [ 121.09168593532678, 14.663669293899932 ], [ 121.091692022557481, 14.66368236210563 ], [ 121.091707927469699, 14.663713247733321 ], [ 121.091725284984804, 14.663742008919399 ], [ 121.091740418875887, 14.663762672686552 ], [ 121.09175553152798, 14.663779466595983 ], [ 121.09176883986278, 14.663791409038124 ], [ 121.09178209980324, 14.663801008668099 ], [ 121.091797962354079, 14.663809998878053 ], [ 121.09181439902224, 14.66381690261802 ], [ 121.09183195746985, 14.663821722576978 ], [ 121.091845760994616, 14.663823224010391 ], [ 121.091854552587023, 14.663821741814981 ], [ 121.091856528266703, 14.663820207271476 ], [ 121.091855392404909, 14.663817701900582 ], [ 121.09185742749527, 14.663810273853477 ], [ 121.091862856145426, 14.663800408350649 ], [ 121.091868789061579, 14.663791911588813 ], [ 121.091888192900782, 14.663768446137304 ], [ 121.09193913915874, 14.663711610826734 ], [ 121.091962772132717, 14.663687084793445 ], [ 121.092061567903215, 14.663588191451508 ], [ 121.092128151952437, 14.663524809670562 ], [ 121.092194845256628, 14.663456740318505 ], [ 121.092210080481195, 14.663440307619725 ], [ 121.092236011553055, 14.663408523748053 ], [ 121.09226222234625, 14.663372952011359 ], [ 121.092278610412862, 14.663347524209287 ], [ 121.092288664806063, 14.663328101076464 ] ], [ [ 121.092252771351227, 14.662665865833221 ], [ 121.092252878712571, 14.662941971845131 ], [ 121.091969266585295, 14.662942076192731 ], [ 121.091969159579349, 14.662665970178626 ], [ 121.092252771351227, 14.662665865833221 ] ] ] ] } },
{ "type": "Feature", "properties": { "subcatchme": 1, "class_id": 16.0, "class_name": "Annual Crop", "nrcs_class": "row_crop_good", "SOILDESC": "Marikina clay loam", "SoilSeries": "Marikina", "hsg": "D", "slope_mean": 3.0694882683007112, "area_sqm": 80474.622, "site_id": 20, "land_avail": 1, "dist_drain": 2, "gi_type sg": "urban_fores", "objectid": 40744, "gthcode": "8011374020160000", "globalid": "{D94B6835-001D-4822-B49D-83C41C3216DF}", "st_area(shape)": 0.00016002800101577228, "reg_name": "National Capital Region (NCR)", "prov_name": "NCR, Second District", "city_name": "City of Marikina", "brgy_name": "Tumana", "reg_code": "130000000", "prov_code": "137400000", "city_code": "137402000", "brgy_code": "137402016", "psgc_10d": "1380700016", "geographic_level": "Bgy", "old_names": "", "class": "Highly Urbanized Cities (HUC)", "income_class": "", "urban_rural2015": "U", "bgypop2015": 43239, "bgypop2020": 47468, "bgyarea_sqkm": 1.90731445, "gida": "No", "gida_yr": null, "st_perimeter(shape)": 0.05754354711643371, "created_user": null, "created_date": null, "last_edited_user": "ADMIN2", "last_edited_date": 1748789495000, "gi_type_x": "Bioswale", "flood_attenuation_score_x": 82.196386255244093, "site_cost_x": 448492363.98916, "selected": 0, "gi_type_y": "Bioswale", "flood_attenuation_score_y": 82.196386255244093, "site_cost_y": 448492363.98916, "selected_selection": null }, "geometry": { "type": "MultiPolygon", "coordinates": [ [ [ [ 121.097638868991609, 14.658750019179674 ], [ 121.097361091213671, 14.658750019179337 ], [ 121.097361091213344, 14.658472241401208 ], [ 121.097083313435391, 14.658472241400871 ], [ 121.097083313435007, 14.658362753077094 ], [ 121.097082289992713, 14.658362201185598 ], [ 121.097060745200778, 14.658347675695115 ], [ 121.097044294507214, 14.658334892686407 ], [ 121.097027070440632, 14.658319115674558 ], [ 121.097008331147492, 14.658298860114204 ], [ 121.096991914780588, 14.65827952366449 ], [ 121.096981648083911, 14.658266964784939 ], [ 121.096966291316051, 14.658246383813738 ], [ 121.096788750950381, 14.658246452753449 ], [ 121.09678863794548, 14.657970346666897 ], [ 121.096534104407979, 14.657970445264992 ], [ 121.096529525350888, 14.657993046365744 ], [ 121.096523569323381, 14.658015219872611 ], [ 121.096517306565389, 14.65803453875351 ], [ 121.096509498435452, 14.658054911361017 ], [ 121.096489081054258, 14.658103734403205 ], [ 121.096477754002734, 14.658137740510691 ], [ 121.096468861145382, 14.658173001018207 ], [ 121.096461937350071, 14.658207160659801 ], [ 121.09644334359065, 14.658310935260126 ], [ 121.096431905769848, 14.65836033970298 ], [ 121.096421090208693, 14.658394877760353 ], [ 121.09639255837341, 14.658464170287873 ], [ 121.096385011824594, 14.658485313184327 ], [ 121.096379121756087, 14.658504790548079 ], [ 121.09637195090356, 14.658533160791016 ], [ 121.096365049806067, 14.658566086141585 ], [ 121.096346856420027, 14.658666377481852 ], [ 121.096339902670508, 14.658699271673107 ], [ 121.096334237975242, 14.658721993397078 ], [ 121.096322073889468, 14.658760796765771 ], [ 121.096300375529282, 14.658815082164418 ], [ 121.096291445729051, 14.658840428638438 ], [ 121.096286016161713, 14.658859356696848 ], [ 121.096281028950202, 14.658880482589153 ], [ 121.096274344241223, 14.658917904766763 ], [ 121.096269516326416, 14.658956477211058 ], [ 121.096265493823651, 14.659003681273722 ], [ 121.096261422343844, 14.659083519766606 ], [ 121.096257498022169, 14.659204662696174 ], [ 121.096253933312141, 14.659284828865751 ], [ 121.096251199104316, 14.659324311320411 ], [ 121.09624696422425, 14.659367300537875 ], [ 121.096242961408194, 14.659396860694716 ], [ 121.0962378579556, 14.659425743091131 ], [ 121.096230594282389, 14.659456791163063 ], [ 121.096220861004028, 14.659487887691526 ], [ 121.096201487185368, 14.659537413277766 ], [ 121.09619404380426, 14.659558318425207 ], [ 121.096188051142448, 14.659578382349656 ], [ 121.096182428546427, 14.659601382751999 ], [ 121.096176685382403, 14.659631353396973 ], [ 121.096172199771431, 14.659662104302962 ], [ 121.09616871125786, 14.659693483320863 ], [ 121.096163618516869, 14.659763126802735 ], [ 121.09616048460893, 14.659841771025956 ], [ 121.09615800852427, 14.659972873855921 ], [ 121.09615316728393, 14.660455547287318 ], [ 121.096222437298067, 14.660455520590963 ], [ 121.096222643325731, 14.66096198891476 ], [ 121.096231031538267, 14.660999950746794 ], [ 121.09624695550302, 14.66107832088783 ], [ 121.096254597597948, 14.661108977724814 ], [ 121.096263950696141, 14.661138215288961 ], [ 121.096269452569985, 14.6611519642305 ], [ 121.09628180389609, 14.661176163759068 ], [ 121.096293861640959, 14.661193624617813 ], [ 121.096309075036316, 14.661210603435407 ], [ 121.096323537712763, 14.661224008251052 ], [ 121.096369840562559, 14.661262607233091 ], [ 121.096392347979886, 14.661284675841229 ], [ 121.09640800997137, 14.661303239822693 ], [ 121.09644883652048, 14.661357146193513 ], [ 121.09646716787644, 14.661378007578458 ], [ 121.096483561676067, 14.661393741702645 ], [ 121.096531379845914, 14.661434990098938 ], [ 121.096545633859634, 14.661449342091997 ], [ 121.096553471509509, 14.661458553643918 ], [ 121.096562471489236, 14.661471080490864 ], [ 121.096571115234937, 14.661486160116592 ], [ 121.096576765957508, 14.661498370348095 ], [ 121.096584252356251, 14.661518797697873 ], [ 121.096591207034933, 14.66154457608781 ], [ 121.096596496389708, 14.66157164399233 ], [ 121.096601001773706, 14.661603605400797 ], [ 121.096605101970326, 14.661644537346717 ], [ 121.096615218333227, 14.661769052231172 ], [ 121.09662051296344, 14.661809261951932 ], [ 121.096625663793574, 14.661836462471259 ], [ 121.096632446161834, 14.661862416577412 ], [ 121.096642473394368, 14.661889382301275 ], [ 121.096653748970141, 14.661910675709402 ], [ 121.096665668537554, 14.661927376306426 ], [ 121.096677952222237, 14.661941256689875 ], [ 121.09673181559269, 14.661991515767889 ], [ 121.096750055593887, 14.662011033474942 ], [ 121.09676838060723, 14.662035001752884 ], [ 121.096807143766455, 14.662093962816012 ], [ 121.096824597157706, 14.662117714292505 ], [ 121.096850907853394, 14.662148055862033 ], [ 121.096900749523741, 14.662201488348277 ], [ 121.096916469565457, 14.662216783152855 ], [ 121.096939065346533, 14.662237021527137 ], [ 121.096984542458827, 14.662276466762229 ], [ 121.096999174485248, 14.662288333009023 ], [ 121.097027924601548, 14.662308804315584 ], [ 121.097088111079401, 14.662347406610422 ], [ 121.097103700362226, 14.662358928241535 ], [ 121.097119551560041, 14.66237258296834 ], [ 121.097140114957881, 14.662394266892717 ], [ 121.097178813706478, 14.662442111728597 ], [ 121.097191215098988, 14.662456235249561 ], [ 121.097202197610542, 14.662467404668375 ], [ 121.097213852324529, 14.662477914458142 ], [ 121.09722857282263, 14.662489750691282 ], [ 121.097283535529456, 14.662530338107656 ], [ 121.097297177687665, 14.662541923314532 ], [ 121.097307874340174, 14.662552228248096 ], [ 121.097327256459948, 14.662574404952808 ], [ 121.097363849665896, 14.662623356745874 ], [ 121.097382675857872, 14.662645951833316 ], [ 121.097401277073615, 14.662664501871213 ], [ 121.097456204716238, 14.662712812089028 ], [ 121.097468858158877, 14.662726238188856 ], [ 121.097481191137689, 14.662742267969954 ], [ 121.097489884236026, 14.66275648222061 ], [ 121.0974957190369, 14.662767916752532 ], [ 121.097506231447824, 14.662793644725083 ], [ 121.097516134399143, 14.662825558134923 ], [ 121.097541207131684, 14.662924880683448 ], [ 121.09755157129878, 14.66295648879855 ], [ 121.097556825981329, 14.662969422357632 ], [ 121.097565445824372, 14.662987068304883 ], [ 121.097574121541456, 14.66300136193821 ], [ 121.097583216393275, 14.663013665413711 ], [ 121.097595636539396, 14.663027666167675 ], [ 121.097610606116177, 14.663042161334285 ], [ 121.097610872165333, 14.66304240007797 ], [ 121.097740153410328, 14.662905712094867 ], [ 121.097999552823907, 14.662263889279474 ], [ 121.098302036212544, 14.661835239752408 ], [ 121.098208273537836, 14.661835276725212 ], [ 121.098208158723438, 14.661559170734957 ], [ 121.09849692839127, 14.661559056747503 ], [ 121.098675615552466, 14.661305837227426 ], [ 121.098668343037374, 14.661306071734408 ], [ 121.098631012072175, 14.661310640990148 ], [ 121.098613404998915, 14.661311883256104 ], [ 121.098597027917023, 14.661311723983477 ], [ 121.098573396381852, 14.661308875562323 ], [ 121.09855598928371, 14.661304371848566 ], [ 121.098545116933423, 14.661300225238554 ], [ 121.098530817092723, 14.661292672512207 ], [ 121.098516661498337, 14.661281851333474 ], [ 121.098509892903451, 14.661275032578226 ], [ 121.098502853006607, 14.661266521661103 ], [ 121.098489441943769, 14.661245584992574 ], [ 121.098478466803584, 14.661223450046931 ], [ 121.098452651876315, 14.661161894861081 ], [ 121.098443741544131, 14.661142303586244 ], [ 121.098431627970584, 14.661119244768928 ], [ 121.098420515623019, 14.661101392295999 ], [ 121.098403010022324, 14.661077007901593 ], [ 121.098361016106281, 14.661022354845997 ], [ 121.098343899599442, 14.66100171861577 ], [ 121.09830523154875, 14.660957407735435 ], [ 121.098255117416741, 14.660894659650609 ], [ 121.098236655407362, 14.660870312607907 ], [ 121.098224786778474, 14.660852540697205 ], [ 121.098214946950989, 14.660835783083542 ], [ 121.098204812167836, 14.660816525195488 ], [ 121.098170676937315, 14.660745544878626 ], [ 121.098141036143545, 14.660689434865892 ], [ 121.098131972942355, 14.660669921859501 ], [ 121.09812217356486, 14.660644716671765 ], [ 121.098110653247062, 14.660608105205739 ], [ 121.09809011547668, 14.660531736143772 ], [ 121.098079046251414, 14.66049545370441 ], [ 121.098068214414923, 14.660466404712949 ], [ 121.098040888633989, 14.660403537600313 ], [ 121.098030036941395, 14.660372596071944 ], [ 121.098019697065808, 14.660335701459834 ], [ 121.09799416157577, 14.660230511880563 ], [ 121.097984956612493, 14.660200111593419 ], [ 121.097966911377029, 14.660148464993098 ], [ 121.097962889323355, 14.660134471535901 ], [ 121.09795925651791, 14.66011807738904 ], [ 121.097955850808816, 14.660092044297985 ], [ 121.09795506460415, 14.660071395269357 ], [ 121.097956477420837, 14.66004440752193 ], [ 121.097959013185431, 14.660026158823307 ], [ 121.097962056047535, 14.660011212823655 ], [ 121.097977428296034, 14.659952165331628 ], [ 121.097980358034121, 14.659935161556604 ], [ 121.097982275746901, 14.659915064227112 ], [ 121.097982508712349, 14.659893669841132 ], [ 121.097980847343081, 14.659872245495846 ], [ 121.097975997943209, 14.659845916826512 ], [ 121.097971438785478, 14.659830053712835 ], [ 121.097966369419566, 14.659815979389666 ], [ 121.097940388328979, 14.659754455348804 ], [ 121.09791168080875, 14.659679720220725 ], [ 121.097898905222465, 14.659650134783721 ], [ 121.097869049094271, 14.659587807260934 ], [ 121.09786009826918, 14.659564853833331 ], [ 121.097853219287046, 14.659543518736694 ], [ 121.09784696919931, 14.659520410280287 ], [ 121.09783816478874, 14.659480390540748 ], [ 121.097816483049016, 14.659359135566818 ], [ 121.097811686808924, 14.65933600647282 ], [ 121.097803105049508, 14.65930148674013 ], [ 121.097785181078763, 14.659245051452544 ], [ 121.097780570910231, 14.659227250360843 ], [ 121.097777503693692, 14.659206848358934 ], [ 121.097776978493457, 14.659195428368308 ], [ 121.097777407598528, 14.659183895089047 ], [ 121.097780028344829, 14.659167199664774 ], [ 121.097785036406222, 14.659152137805114 ], [ 121.09779197148795, 14.659139770316534 ], [ 121.097797030974547, 14.659133482115836 ], [ 121.097802258049427, 14.659128426142383 ], [ 121.097812604920833, 14.659121170855467 ], [ 121.097826340673009, 14.659115015100241 ], [ 121.097842381964554, 14.659110933250735 ], [ 121.097859638287616, 14.659109117007727 ], [ 121.097876948045638, 14.659109390583465 ], [ 121.097897274788707, 14.659112014998911 ], [ 121.097914794916889, 14.659115984669063 ], [ 121.097916646769747, 14.659116485650543 ], [ 121.097916646769889, 14.659027796958124 ], [ 121.097638868991908, 14.659027796957794 ], [ 121.097638868991609, 14.658750019179674 ] ], [ [ 121.097924548424913, 14.661559282336695 ], [ 121.097924433968373, 14.661283176337582 ], [ 121.098208043911541, 14.661283064738178 ], [ 121.098208158723438, 14.661559170734957 ], [ 121.097924548424913, 14.661559282336695 ] ], [ [ 121.097357327820262, 14.661559504502335 ], [ 121.097640938123817, 14.661559393592498 ], [ 121.097641166333787, 14.662111605575857 ], [ 121.097357555319462, 14.662111716490339 ], [ 121.097357327820262, 14.661559504502335 ] ] ] ] } },
{ "type": "Feature", "properties": { "subcatchme": 1, "class_id": 10.0, "class_name": "Brush/Shrubs", "nrcs_class": "open_space_good", "SOILDESC": "Marikina clay loam", "SoilSeries": "Marikina", "hsg": "D", "slope_mean": 3.7902331772972562, "area_sqm": 16417.461, "site_id": 21, "land_avail": 1, "dist_drain": 102, "gi_type sg": "urban_fores", "objectid": 40744, "gthcode": "8011374020160000", "globalid": "{D94B6835-001D-4822-B49D-83C41C3216DF}", "st_area(shape)": 0.00016002800101577228, "reg_name": "National Capital Region (NCR)", "prov_name": "NCR, Second District", "city_name": "City of Marikina", "brgy_name": "Tumana", "reg_code": "130000000", "prov_code": "137400000", "city_code": "137402000", "brgy_code": "137402016", "psgc_10d": "1380700016", "geographic_level": "Bgy", "old_names": "", "class": "Highly Urbanized Cities (HUC)", "income_class": "", "urban_rural2015": "U", "bgypop2015": 43239, "bgypop2020": 47468, "bgyarea_sqkm": 1.90731445, "gida": "No", "gida_yr": null, "st_perimeter(shape)": 0.05754354711643371, "created_user": null, "created_date": null, "last_edited_user": "ADMIN2", "last_edited_date": 1748789495000, "gi_type_x": "Bioswale", "flood_attenuation_score_x": 50.513853311148701, "site_cost_x": 91515898.311580002, "selected": 0, "gi_type_y": "Bioswale", "flood_attenuation_score_y": 50.513853311148701, "site_cost_y": 91515898.311580002, "selected_selection": null }, "geometry": { "type": "MultiPolygon", "coordinates": [ [ [ [ 121.096518351336002, 14.665617006568695 ], [ 121.096501115426705, 14.665608990441875 ], [ 121.096487724292402, 14.665604112767724 ], [ 121.096473363819172, 14.66559990312839 ], [ 121.096446790013971, 14.665594275829402 ], [ 121.096419079828877, 14.665590706909684 ], [ 121.096386588167519, 14.665588839364743 ], [ 121.096353587970853, 14.665589100407638 ], [ 121.096320517259684, 14.665591397833055 ], [ 121.096287807376427, 14.665595767708176 ], [ 121.096272142338364, 14.665598683072286 ], [ 121.096238526433822, 14.665607027268745 ], [ 121.096224535176219, 14.665611670958091 ], [ 121.096224571746518, 14.665701534095694 ], [ 121.096508187391464, 14.665701424535206 ], [ 121.096508225834484, 14.665795590912765 ], [ 121.096588650271954, 14.665675263170433 ], [ 121.096563916800207, 14.665651339471404 ], [ 121.096549508782886, 14.665638345373642 ], [ 121.096535693417195, 14.665627667823143 ], [ 121.096518351336002, 14.665617006568695 ] ] ], [ [ [ 121.095649199403439, 14.665178686953627 ], [ 121.095628601290599, 14.665164123845987 ], [ 121.095609121115288, 14.665152427432066 ], [ 121.095603286012135, 14.665149560955863 ], [ 121.095373502208162, 14.665149648849956 ], [ 121.095373487732999, 14.665113737034845 ], [ 121.095357004758299, 14.665114726054124 ], [ 121.095323511963286, 14.665119038774536 ], [ 121.095294095545157, 14.665126218938564 ], [ 121.095277733793907, 14.665132844585676 ], [ 121.09526518733594, 14.665140647409014 ], [ 121.095257127715911, 14.665148508697586 ], [ 121.095253649450214, 14.665153550004401 ], [ 121.095250795682077, 14.665159585089413 ], [ 121.09524896601971, 14.665166347922336 ], [ 121.095248347380704, 14.665173263467841 ], [ 121.095249981622146, 14.665185876397317 ], [ 121.095253633183049, 14.665196432749806 ], [ 121.095259471655808, 14.665208185466314 ], [ 121.095266091656413, 14.665219304761466 ], [ 121.095287775651528, 14.665250741848324 ], [ 121.095300309009602, 14.66526624380824 ], [ 121.095326683527247, 14.665294368379053 ], [ 121.095383220407768, 14.665350892561495 ], [ 121.095403945362364, 14.665369465591256 ], [ 121.095455167007202, 14.665412773707995 ], [ 121.095490114982596, 14.665440713684815 ], [ 121.095512120525882, 14.665456013117199 ], [ 121.095557489767529, 14.665485746508011 ], [ 121.095575681662652, 14.665498927108626 ], [ 121.095591000197643, 14.665511713638379 ], [ 121.095606204439335, 14.66552698262792 ], [ 121.095618085732028, 14.66554135501449 ], [ 121.095630177147001, 14.665558373380453 ], [ 121.095645541353235, 14.665582948285641 ], [ 121.095657300414842, 14.665602750634102 ], [ 121.095657131442806, 14.665184887465873 ], [ 121.095649199403439, 14.665178686953627 ] ] ], [ [ [ 121.095725857933701, 14.665717897912625 ], [ 121.09576227685271, 14.665796996331322 ], [ 121.095772446883302, 14.665816466077699 ], [ 121.095798352276987, 14.6658624657794 ], [ 121.095811699532902, 14.665889165944039 ], [ 121.095850747733593, 14.665980683006465 ], [ 121.095882461401004, 14.66604408516223 ], [ 121.095893932186073, 14.666069544515599 ], [ 121.095904023166639, 14.666096227031204 ], [ 121.095930198031098, 14.666178921402647 ], [ 121.095940549993372, 14.666208810614943 ], [ 121.095952163633527, 14.666236752727579 ], [ 121.095964022132122, 14.666259780658914 ], [ 121.095975618139107, 14.666278381870317 ], [ 121.095990292357754, 14.666298916941818 ], [ 121.096037725612206, 14.666359337318372 ], [ 121.096094378543185, 14.666421576661191 ], [ 121.09613729911014, 14.66635055418732 ], [ 121.096386589766652, 14.665977577501639 ], [ 121.096224684110908, 14.665977640004501 ], [ 121.096224571746518, 14.665701534095694 ], [ 121.095717590858598, 14.665701729079796 ], [ 121.095725857933701, 14.665717897912625 ] ] ], [ [ [ 121.095914479809935, 14.666417419272953 ], [ 121.095894163994899, 14.666390913238162 ], [ 121.095879565436221, 14.666370324558365 ], [ 121.095870805960303, 14.666356379008855 ], [ 121.095862337955253, 14.666340932072691 ], [ 121.095853395220857, 14.666321770609303 ], [ 121.095844936844571, 14.6663003791416 ], [ 121.095834794441274, 14.666270303671645 ], [ 121.095809192042267, 14.666187109713373 ], [ 121.095796899458819, 14.666154488039437 ], [ 121.095787976253916, 14.666134679677802 ], [ 121.095756657917647, 14.666070971681746 ], [ 121.095727124595456, 14.665999761244747 ], [ 121.095715209335694, 14.665972888454181 ], [ 121.095704923105316, 14.665952364026202 ], [ 121.095679313034523, 14.665906243830941 ], [ 121.095669279865021, 14.665886728209738 ], [ 121.095633491838768, 14.66580745782208 ], [ 121.095619121644191, 14.665779146083686 ], [ 121.09560849426019, 14.665760932356928 ], [ 121.095578518869786, 14.665712941846158 ], [ 121.095544016655694, 14.66565352205461 ], [ 121.095524602212436, 14.665625203312628 ], [ 121.095506359096248, 14.665604526910482 ], [ 121.095487414200292, 14.665587714445056 ], [ 121.095457195529107, 14.665565714457955 ], [ 121.095414232153729, 14.665536333331756 ], [ 121.09538267557555, 14.665511464837568 ], [ 121.095373644891907, 14.665503630548736 ], [ 121.095373836094694, 14.665977966616452 ], [ 121.095090220084288, 14.665978074794971 ], [ 121.095089998201757, 14.665425862952608 ], [ 121.095286054239153, 14.665425788211618 ], [ 121.095247540351821, 14.665389473243236 ], [ 121.095171567136603, 14.665320911337847 ], [ 121.095146501290984, 14.665300112112428 ], [ 121.09510904782249, 14.665273151056532 ], [ 121.095076188559332, 14.665252403614502 ], [ 121.095053209732683, 14.665241453860066 ], [ 121.095031348984804, 14.665234641419024 ], [ 121.095018556311345, 14.665232165212535 ], [ 121.094998380973195, 14.665230331570832 ], [ 121.094984781238239, 14.665230474929233 ], [ 121.094971418983974, 14.665231710108579 ], [ 121.094958668152827, 14.665233947996001 ], [ 121.094947008717739, 14.66523696840615 ], [ 121.094932449038637, 14.665242166478135 ], [ 121.094919076817433, 14.665248417165996 ], [ 121.094899379317255, 14.665259917162871 ], [ 121.094882130112595, 14.665271585438257 ], [ 121.094865114718402, 14.665284018360637 ], [ 121.09484243527983, 14.66530252477239 ], [ 121.094819906834942, 14.66532471594323 ], [ 121.094800634440631, 14.665347058518764 ], [ 121.094781213900092, 14.665371932074216 ], [ 121.094770951107861, 14.665386697701432 ], [ 121.094762490601553, 14.665400764173535 ], [ 121.094755670147379, 14.665414428385048 ], [ 121.094748909794944, 14.665431660937749 ], [ 121.094741691585298, 14.665458682342228 ], [ 121.094737938907983, 14.665484067525643 ], [ 121.094736668665973, 14.665509859850545 ], [ 121.094737771826885, 14.66553535714376 ], [ 121.09474123509942, 14.665560593637435 ], [ 121.094747607706338, 14.66558667997616 ], [ 121.094757390702981, 14.665612783432129 ], [ 121.094764284282434, 14.665626936027591 ], [ 121.094776186444093, 14.665648010539162 ], [ 121.094848062337434, 14.665765375491045 ], [ 121.094860095127601, 14.665789379092688 ], [ 121.094869917226134, 14.665814076693122 ], [ 121.09487664337226, 14.665834815962995 ], [ 121.094885445981319, 14.665868124795079 ], [ 121.094906509771178, 14.66597082705387 ], [ 121.094914131317097, 14.666004597939418 ], [ 121.09492266970112, 14.666035507964619 ], [ 121.094932016126137, 14.666062291042779 ], [ 121.094943130106998, 14.666087776424375 ], [ 121.09497123383187, 14.666145224354679 ], [ 121.09501143954914, 14.666238319853701 ], [ 121.095019542732246, 14.666254207653454 ], [ 121.095090331029255, 14.666254180706376 ], [ 121.095090387917111, 14.666395753617415 ], [ 121.095104134523751, 14.666427376894408 ], [ 121.09513570502854, 14.666489279607498 ], [ 121.095144640350469, 14.666508647077327 ], [ 121.095151862437973, 14.666526681084868 ], [ 121.095153112588122, 14.666530262735932 ], [ 121.095374058698056, 14.66653017842823 ], [ 121.095374345961815, 14.667242756681558 ], [ 121.095387209577254, 14.667246377020939 ], [ 121.095401490293426, 14.667253055020259 ], [ 121.095416739326183, 14.667263907061958 ], [ 121.095427089248588, 14.667273849575405 ], [ 121.095434389126723, 14.667282035577951 ], [ 121.095475178916402, 14.667334365820411 ], [ 121.095497243037798, 14.667358449126615 ], [ 121.095528211462593, 14.667358437275954 ], [ 121.095695107621722, 14.667082267415594 ], [ 121.095657898741266, 14.667082281680235 ], [ 121.095657675416916, 14.666530069899084 ], [ 121.095941292133347, 14.666529961023862 ], [ 121.095941350893554, 14.666674798130606 ], [ 121.096025569820341, 14.666535437359412 ], [ 121.096010647020719, 14.666521172497339 ], [ 121.095964663355645, 14.666475720406735 ], [ 121.095948944365034, 14.666459100684374 ], [ 121.095933993280639, 14.666441813085392 ], [ 121.095914479809935, 14.666417419272953 ] ] ] ] } },
{ "type": "Feature", "properties": { "subcatchme": 1, "class_id": 16.0, "class_name": "Annual Crop", "nrcs_class": "row_crop_good", "SOILDESC": "Marikina silt loam", "SoilSeries": "Marikina", "hsg": "B", "slope_mean": 2.3628808789783049, "area_sqm": 51635.508, "site_id": 27, "land_avail": 1, "dist_drain": 137, "gi_type sg": "urban_fores", "objectid": 40744, "gthcode": "8011374020160000", "globalid": "{D94B6835-001D-4822-B49D-83C41C3216DF}", "st_area(shape)": 0.00016002800101577228, "reg_name": "National Capital Region (NCR)", "prov_name": "NCR, Second District", "city_name": "City of Marikina", "brgy_name": "Tumana", "reg_code": "130000000", "prov_code": "137400000", "city_code": "137402000", "brgy_code": "137402016", "psgc_10d": "1380700016", "geographic_level": "Bgy", "old_names": "", "class": "Highly Urbanized Cities (HUC)", "income_class": "", "urban_rural2015": "U", "bgypop2015": 43239, "bgypop2020": 47468, "bgyarea_sqkm": 1.90731445, "gida": "No", "gida_yr": null, "st_perimeter(shape)": 0.05754354711643371, "created_user": null, "created_date": null, "last_edited_user": "ADMIN2", "last_edited_date": 1748789495000, "gi_type_x": "Bioswale", "flood_attenuation_score_x": 59.149613178369997, "site_cost_x": 287778326.27223998, "selected": 0, "gi_type_y": "Bioswale", "flood_attenuation_score_y": 59.149613178369997, "site_cost_y": 287778326.27223998, "selected_selection": null }, "geometry": { "type": "MultiPolygon", "coordinates": [ [ [ [ 121.10075815956796, 14.665975393566351 ], [ 121.100799215301109, 14.665973448153524 ], [ 121.100839078078408, 14.665970222362613 ], [ 121.100879191824305, 14.66596469776197 ], [ 121.100905760690807, 14.665958973892421 ], [ 121.100930523736196, 14.665951238055149 ], [ 121.100943524146842, 14.665945788272934 ], [ 121.100955342377461, 14.665939638391611 ], [ 121.100965593831617, 14.665933036500638 ], [ 121.100973937323417, 14.665926471431895 ], [ 121.100980912823957, 14.665919869879078 ], [ 121.100988075429939, 14.665911701008907 ], [ 121.100995300193617, 14.665901598700032 ], [ 121.101002050297737, 14.665889916435884 ], [ 121.101008047620425, 14.665877042347741 ], [ 121.101015552381625, 14.66585610680406 ], [ 121.101021445809792, 14.665833750106623 ], [ 121.101027286555777, 14.665802323311841 ], [ 121.10103191701343, 14.665763982256617 ], [ 121.101034889296827, 14.665724161827409 ], [ 121.101036710082909, 14.665683312599297 ], [ 121.101038317030984, 14.665597500079418 ], [ 121.101037959003847, 14.665162086271062 ], [ 121.101036640205322, 14.665076459500538 ], [ 121.101033490511767, 14.664999265680377 ], [ 121.101030993330639, 14.664964822833142 ], [ 121.101027497415402, 14.664930798377265 ], [ 121.10102271081648, 14.664897569486607 ], [ 121.10101638857617, 14.664865877011897 ], [ 121.101010875764104, 14.66484463265542 ], [ 121.101003829393846, 14.66482252989144 ], [ 121.100981734106099, 14.66476225601264 ], [ 121.100974346615132, 14.66473697481203 ], [ 121.100969070166201, 14.664714479840013 ], [ 121.100960137878829, 14.66466219029093 ], [ 121.100955550009431, 14.664624970418517 ], [ 121.100943293716114, 14.664508600312736 ], [ 121.100938749494873, 14.664475792725394 ], [ 121.100932982960771, 14.664443710772176 ], [ 121.100927622029602, 14.664420571665705 ], [ 121.100919320962461, 14.664392832128549 ], [ 121.100911221111076, 14.664371685920621 ], [ 121.100879533504425, 14.664304028032261 ], [ 121.100848640541258, 14.664230339830455 ], [ 121.100834471764003, 14.664199911690153 ], [ 121.100790404369405, 14.664120219994894 ], [ 121.100755477559019, 14.664044113017257 ], [ 121.100743118274352, 14.664019147245162 ], [ 121.100700539740231, 14.663945934679104 ], [ 121.10065542212601, 14.663856926138426 ], [ 121.100642768778584, 14.663835491478563 ], [ 121.100630875513929, 14.66381784597386 ], [ 121.100568825435957, 14.663734074322214 ], [ 121.100537453523387, 14.66369290862748 ], [ 121.100525199401275, 14.66367545175682 ], [ 121.100508415899938, 14.663648232104643 ], [ 121.100475902759214, 14.663590211862752 ], [ 121.100458778942453, 14.663563166554532 ], [ 121.10044245466932, 14.663541147003395 ], [ 121.100390585786002, 14.663477652908147 ], [ 121.100372747992992, 14.663456759661026 ], [ 121.10032668599591, 14.663405377589458 ], [ 121.100260099440561, 14.663323349112797 ], [ 121.100247767849552, 14.663305945821326 ], [ 121.100237371046532, 14.663289590385103 ], [ 121.100193494349895, 14.663213769873682 ], [ 121.100180376875571, 14.663194279808156 ], [ 121.100166921381387, 14.663176634168485 ], [ 121.100126191274882, 14.66312808089676 ], [ 121.100102405669801, 14.663100879896607 ], [ 121.100083260769296, 14.663080971839651 ], [ 121.100026227978063, 14.663024267541086 ], [ 121.099991541836459, 14.662991979887074 ], [ 121.099943313487657, 14.662950920332108 ], [ 121.099915661224415, 14.662928394243091 ], [ 121.099886951455389, 14.662908366405421 ], [ 121.099825797189183, 14.662870279199787 ], [ 121.09980103397514, 14.66285213984564 ], [ 121.099789498019376, 14.66284215710195 ], [ 121.099776462000662, 14.662829479873427 ], [ 121.099739299105224, 14.662789141546067 ], [ 121.099725136270692, 14.662774837456212 ], [ 121.099711554410248, 14.66276280824265 ], [ 121.099699206419047, 14.662753447840164 ], [ 121.099677691301139, 14.662740148207359 ], [ 121.099650765195804, 14.662726961576144 ], [ 121.099576819841431, 14.662697315237056 ], [ 121.099541123570802, 14.662681199342659 ], [ 121.099517041660761, 14.662667482882091 ], [ 121.099510989979933, 14.6626630776857 ], [ 121.099116788076586, 14.662663234932488 ], [ 121.098930338958809, 14.663547534912114 ], [ 121.099868754488796, 14.665384311648907 ], [ 121.100493728541437, 14.665987752140893 ], [ 121.100513732553594, 14.665985266825064 ], [ 121.100567333278775, 14.665981058080471 ], [ 121.100631974163363, 14.665978468647108 ], [ 121.10075815956796, 14.665975393566351 ] ] ], [ [ [ 121.099629334777177, 14.662361135088085 ], [ 121.09964568404051, 14.66237442863223 ], [ 121.099690694636365, 14.662413893076121 ], [ 121.099782443142303, 14.662491453384146 ], [ 121.099811720215783, 14.662512966148137 ], [ 121.099873410092513, 14.662553841161946 ], [ 121.099898078695446, 14.662572722584311 ], [ 121.099917850666628, 14.662591061508948 ], [ 121.099957683517971, 14.662633742370398 ], [ 121.099970788910724, 14.662646125545507 ], [ 121.099983180194315, 14.662655741135193 ], [ 121.099998129459536, 14.662664322098895 ], [ 121.100007195539618, 14.662668030947204 ], [ 121.100017487310993, 14.66267105214858 ], [ 121.100028527013848, 14.662673027541762 ], [ 121.100039916068596, 14.662673782162836 ], [ 121.100056949870307, 14.662672506194944 ], [ 121.10007295384257, 14.662668474519565 ], [ 121.100082383397918, 14.662664589724347 ], [ 121.100090340817601, 14.662660260919848 ], [ 121.100104358365698, 14.662649760492696 ], [ 121.100115891307624, 14.662637922140661 ], [ 121.100123528798889, 14.662628388947054 ], [ 121.100141471487376, 14.662601162147151 ], [ 121.100148141865432, 14.662589781087123 ], [ 121.100175232820121, 14.662541879810695 ], [ 121.100185881491413, 14.662521385691333 ], [ 121.100191973865989, 14.662507599642749 ], [ 121.100197328239517, 14.66249273937259 ], [ 121.100202243229944, 14.662474470319612 ], [ 121.100204783019862, 14.662461121547647 ], [ 121.100207486215012, 14.662433238789195 ], [ 121.100206780527884, 14.662405599280635 ], [ 121.100203303619068, 14.662382408692942 ], [ 121.100196951271698, 14.662360467029711 ], [ 121.100189510500229, 14.662344070690599 ], [ 121.100183666946066, 14.662334495981741 ], [ 121.100174505188079, 14.662322938514563 ], [ 121.100164132773386, 14.662313124354608 ], [ 121.100154711548754, 14.662306142976616 ], [ 121.100143371694656, 14.662299362806351 ], [ 121.100123692761628, 14.662290363633158 ], [ 121.100098013095035, 14.662281942583517 ], [ 121.100070374868437, 14.662275446696881 ], [ 121.10002875598056, 14.662268612400227 ], [ 121.099994346798681, 14.662264495757908 ], [ 121.099890019228383, 14.66225419365902 ], [ 121.099856555277668, 14.662249941937604 ], [ 121.099824474030655, 14.662244448969563 ], [ 121.099801747194505, 14.662239153572656 ], [ 121.099780628312615, 14.662232546476542 ], [ 121.099761788185305, 14.66222445242339 ], [ 121.099751025483016, 14.662218347509347 ], [ 121.099742140491259, 14.662212050092725 ], [ 121.099735228787083, 14.662205994737361 ], [ 121.099729369768284, 14.662199722060201 ], [ 121.099723492286685, 14.662191930994222 ], [ 121.09971563608029, 14.662177748959341 ], [ 121.099711512024143, 14.662167170718924 ], [ 121.099707189555573, 14.662150431148971 ], [ 121.099704979073152, 14.662133566059833 ], [ 121.099704502411257, 14.662117908047348 ], [ 121.099705452269745, 14.662100663933503 ], [ 121.099708982018996, 14.662066178188082 ], [ 121.099709169463253, 14.662048860965928 ], [ 121.099707538804367, 14.662034080964528 ], [ 121.09970535374822, 14.662024060804994 ], [ 121.099702550687866, 14.662014982683891 ], [ 121.09969728858178, 14.662002358170046 ], [ 121.099686451494122, 14.661983033133446 ], [ 121.09967743019169, 14.661969510319894 ], [ 121.099663094420279, 14.661949863874428 ], [ 121.099649087695255, 14.661932642069244 ], [ 121.09963579418131, 14.661918399310244 ], [ 121.099626358339506, 14.661909476736492 ], [ 121.099626548223483, 14.662359135177919 ], [ 121.099629334777177, 14.662361135088085 ] ] ], [ [ [ 121.099509340259701, 14.661833441175027 ], [ 121.099480000366029, 14.661824603347908 ], [ 121.099448566690143, 14.661817655230777 ], [ 121.0994242317079, 14.661813591631338 ], [ 121.099413939905787, 14.661834798419919 ], [ 121.099512558937732, 14.661834759019674 ], [ 121.099509340259701, 14.661833441175027 ] ] ], [ [ [ 121.099197367766138, 14.662281055418633 ], [ 121.099175007877776, 14.662387105741805 ], [ 121.099342948607315, 14.662387038791307 ], [ 121.099342832366219, 14.6621109328235 ], [ 121.099279917577149, 14.662110957918541 ], [ 121.099197367766138, 14.662281055418633 ] ] ] ] } },
{ "type": "Feature", "properties": { "subcatchme": 1, "class_id": 10.0, "class_name": "Brush/Shrubs", "nrcs_class": "open_space_good", "SOILDESC": "Marikina clay loam", "SoilSeries": "Marikina", "hsg": "D", "slope_mean": 2.6215753185337989, "area_sqm": 24958.052, "site_id": 30, "land_avail": 1, "dist_drain": 180, "gi_type sg": "urban_fores", "objectid": 40744, "gthcode": "8011374020160000", "globalid": "{D94B6835-001D-4822-B49D-83C41C3216DF}", "st_area(shape)": 0.00016002800101577228, "reg_name": "National Capital Region (NCR)", "prov_name": "NCR, Second District", "city_name": "City of Marikina", "brgy_name": "Tumana", "reg_code": "130000000", "prov_code": "137400000", "city_code": "137402000", "brgy_code": "137402016", "psgc_10d": "1380700016", "geographic_level": "Bgy", "old_names": "", "class": "Highly Urbanized Cities (HUC)", "income_class": "", "urban_rural2015": "U", "bgypop2015": 43239, "bgypop2020": 47468, "bgyarea_sqkm": 1.90731445, "gida": "No", "gida_yr": null, "st_perimeter(shape)": 0.05754354711643371, "created_user": null, "created_date": null, "last_edited_user": "ADMIN2", "last_edited_date": 1748789495000, "gi_type_x": "Bioswale", "flood_attenuation_score_x": 55.983854858327, "site_cost_x": 139110733.02456, "selected": 0, "gi_type_y": "Bioswale", "flood_attenuation_score_y": 55.983854858327, "site_cost_y": 139110733.02456, "selected_selection": null }, "geometry": { "type": "MultiPolygon", "coordinates": [ [ [ [ 121.093879312408788, 14.66005491302476 ], [ 121.093916835931964, 14.660011860687641 ], [ 121.093969293202576, 14.659947905065744 ], [ 121.093988281746178, 14.659922051975137 ], [ 121.093999243936722, 14.659903668209388 ], [ 121.094005815943902, 14.659890161016431 ], [ 121.094012137803986, 14.659874237057757 ], [ 121.094019942688107, 14.659847515073901 ], [ 121.094023568414201, 14.659829604341803 ], [ 121.094026440872966, 14.659808311171027 ], [ 121.094027649443788, 14.659790716800241 ], [ 121.094027676687858, 14.659778124721839 ], [ 121.094026606799261, 14.659771318239411 ], [ 121.093919004927017, 14.659768874355665 ], [ 121.093892807094164, 14.659768914387671 ], [ 121.093868767937977, 14.659771047036649 ], [ 121.093861791092237, 14.659772764714594 ], [ 121.093855676729291, 14.659775326300496 ], [ 121.093850729471754, 14.659779036131459 ], [ 121.093846323148981, 14.659785992910878 ], [ 121.093842944681228, 14.659797854421429 ], [ 121.09383879839163, 14.659822500752608 ], [ 121.093836466975887, 14.659831361493236 ], [ 121.093833299450338, 14.659838904997601 ], [ 121.093827327441019, 14.659847007494379 ], [ 121.093818793963138, 14.659853008645369 ], [ 121.093810836071498, 14.659856213013708 ], [ 121.093777432039161, 14.659863664009295 ], [ 121.093768972880909, 14.659866439521689 ], [ 121.093759723156992, 14.659871753399161 ], [ 121.093755066141142, 14.659877000107905 ], [ 121.09375093941506, 14.659885329202559 ], [ 121.093749257908527, 14.659890634652555 ], [ 121.093746819494143, 14.65990338589104 ], [ 121.093745575338161, 14.659927128810926 ], [ 121.093746583453452, 14.659949764177364 ], [ 121.093744584669409, 14.659951078048008 ], [ 121.093735669625957, 14.659952470758286 ], [ 121.093721697319694, 14.659951297029115 ], [ 121.093704010671672, 14.659947052757593 ], [ 121.093693068098474, 14.659943104177978 ], [ 121.093682106024602, 14.659938083637572 ], [ 121.093671779347972, 14.659932258582982 ], [ 121.093662737095485, 14.659926145836986 ], [ 121.093645253142981, 14.659911027973919 ], [ 121.093630243832848, 14.659893777766335 ], [ 121.09361567947866, 14.659872307265237 ], [ 121.093598431479421, 14.659839254492935 ], [ 121.093583822709448, 14.659803071223008 ], [ 121.093570558086498, 14.659762380424858 ], [ 121.093545641315288, 14.65966876135537 ], [ 121.093534369086612, 14.659633182014828 ], [ 121.093522960461726, 14.659606071127993 ], [ 121.093500326890435, 14.659560016785585 ], [ 121.093490703901267, 14.659538631991218 ], [ 121.093452738225324, 14.659444410664971 ], [ 121.093422443691466, 14.659381840538352 ], [ 121.093413855643917, 14.659362074641999 ], [ 121.093404608975263, 14.659336572013471 ], [ 121.093395824790662, 14.659307183609108 ], [ 121.09337007877032, 14.659207712532828 ], [ 121.093358957243169, 14.659173495411935 ], [ 121.093348574672277, 14.659147853331774 ], [ 121.093328770854455, 14.659104977945377 ], [ 121.093319905191322, 14.659084148814552 ], [ 121.09328780447089, 14.658995818968451 ], [ 121.093274431941765, 14.658965140386266 ], [ 121.093267617700178, 14.658952468701539 ], [ 121.093260193100036, 14.65894071198743 ], [ 121.093252288798595, 14.658930218340283 ], [ 121.093244315236234, 14.658921399603553 ], [ 121.093236775139971, 14.658914408109089 ], [ 121.093228768340936, 14.658908142984265 ], [ 121.093218804975038, 14.658901639498323 ], [ 121.093200643610871, 14.65889240824708 ], [ 121.093187012064817, 14.658887049495679 ], [ 121.093165044337837, 14.658880342713113 ], [ 121.093141807465045, 14.658875055187851 ], [ 121.093101161701938, 14.658868621742796 ], [ 121.093064131961853, 14.658864603747311 ], [ 121.092950866040979, 14.65885500984305 ], [ 121.09291423778933, 14.658850615559539 ], [ 121.092884674027275, 14.658845635783429 ], [ 121.092856676990706, 14.658838960844795 ], [ 121.092830782644327, 14.658830013152025 ], [ 121.092818031438071, 14.658824079613282 ], [ 121.092801665066617, 14.658814131054218 ], [ 121.092793152382768, 14.658807437022183 ], [ 121.09278262464187, 14.658796967024777 ], [ 121.092771863341099, 14.658782594698636 ], [ 121.092765204304683, 14.658770978001987 ], [ 121.092759315753355, 14.658758178344074 ], [ 121.092750977855943, 14.658733758570174 ], [ 121.092744831962762, 14.658707471640742 ], [ 121.092740974891726, 14.658683896544821 ], [ 121.092738142771225, 14.658659446029386 ], [ 121.092735187066666, 14.658617422763577 ], [ 121.092733822233271, 14.658574024450907 ], [ 121.092733546013292, 14.658529687981224 ], [ 121.092738440600243, 14.658257845182165 ], [ 121.09273829863605, 14.658213332685612 ], [ 121.092737108190136, 14.6581697333715 ], [ 121.092735366145504, 14.658139885805531 ], [ 121.092732590424575, 14.658110956965851 ], [ 121.092727685688345, 14.658079192892108 ], [ 121.092720305561954, 14.658049649711272 ], [ 121.092712782560042, 14.658029749751242 ], [ 121.092706746882186, 14.658018185162055 ], [ 121.09270330247999, 14.658013103357989 ], [ 121.092696004015494, 14.658004582948514 ], [ 121.092683627133098, 14.657994338167301 ], [ 121.092672229195998, 14.657987674686192 ], [ 121.092658178527159, 14.65798173590556 ], [ 121.092642020219714, 14.657977034182093 ], [ 121.092610181441728, 14.657972267069532 ], [ 121.092575985539725, 14.657971822036236 ], [ 121.092545961722976, 14.657974536257314 ], [ 121.092516245338729, 14.657979803266217 ], [ 121.092497336095931, 14.657984490197094 ], [ 121.092479695453861, 14.657989858087834 ], [ 121.092463994317285, 14.657995503966658 ], [ 121.092445318248537, 14.658003386516913 ], [ 121.092424821790814, 14.658013529670299 ], [ 121.092383201816759, 14.658036337598455 ], [ 121.092373789477051, 14.658040605403393 ], [ 121.092372083550359, 14.658041117364707 ], [ 121.092370714386206, 14.658040686808757 ], [ 121.092371370261816, 14.658041162119622 ], [ 121.092372676378943, 14.658047695814446 ], [ 121.092371245377691, 14.65806062700471 ], [ 121.092367036381901, 14.658078887169836 ], [ 121.092361071262658, 14.658097774558886 ], [ 121.09235078647167, 14.658123366370265 ], [ 121.092333502148477, 14.658157375735877 ], [ 121.092259023249099, 14.658284447922423 ], [ 121.092240043075265, 14.658318123448151 ], [ 121.092230714800493, 14.658336695853329 ], [ 121.092223274954534, 14.658353940842122 ], [ 121.092214210095378, 14.658381650105936 ], [ 121.092210964883378, 14.65839612620865 ], [ 121.092207238099888, 14.658422158614277 ], [ 121.092205595909249, 14.658448544306566 ], [ 121.092205955074505, 14.658478678743805 ], [ 121.092208477059799, 14.658508279666931 ], [ 121.092211555559885, 14.658528925778779 ], [ 121.092216355555394, 14.65855187240342 ], [ 121.092230183361409, 14.658605317405028 ], [ 121.092232317856741, 14.658618454979255 ], [ 121.092233442085799, 14.658634309851443 ], [ 121.092233179270437, 14.658645902290523 ], [ 121.092231891567408, 14.658657719476139 ], [ 121.092229500519011, 14.658669388435948 ], [ 121.09222597898912, 14.658680612530508 ], [ 121.092221385219887, 14.658691097628232 ], [ 121.092215910592046, 14.658700503697414 ], [ 121.092209970384388, 14.658708469047179 ], [ 121.092197291182586, 14.658720917523304 ], [ 121.092188683631278, 14.658727219845931 ], [ 121.092178331086259, 14.658733399402538 ], [ 121.092160407071702, 14.658741790555622 ], [ 121.092130989995653, 14.658751929146257 ], [ 121.092099683960143, 14.658760239388689 ], [ 121.092036714324834, 14.658775486901604 ], [ 121.092007697358952, 14.658784334647059 ], [ 121.091990001565861, 14.658791453428327 ], [ 121.091975128729203, 14.658799415945852 ], [ 121.091967359586889, 14.658804837697591 ], [ 121.09195875171838, 14.658812676314231 ], [ 121.091951106059952, 14.658822704382915 ], [ 121.091946937328359, 14.658830841509518 ], [ 121.091943186013822, 14.658844158510526 ], [ 121.091942835214894, 14.65885765524502 ], [ 121.091944471343623, 14.658866168966146 ], [ 121.091949279258245, 14.658877264410981 ], [ 121.091955553256412, 14.658885423988197 ], [ 121.091960337048434, 14.658889764909452 ], [ 121.091966632790573, 14.658894127277215 ], [ 121.091978760866951, 14.658899981641984 ], [ 121.09198817544079, 14.658903071880236 ], [ 121.092003454241208, 14.658906329538178 ], [ 121.092019115119413, 14.658908021491154 ], [ 121.092038100757961, 14.658908350825044 ], [ 121.092081288606266, 14.658906144163597 ], [ 121.092092379878935, 14.658906846098406 ], [ 121.09210338890334, 14.658908899307315 ], [ 121.092114974142945, 14.658912909257557 ], [ 121.092127912137926, 14.658920317413029 ], [ 121.092137559802225, 14.658928542629392 ], [ 121.092147858209444, 14.658940516351429 ], [ 121.092157695927511, 14.658955416119072 ], [ 121.09216684416505, 14.658972220670284 ], [ 121.092193390811801, 14.659027617237276 ], [ 121.09220313698556, 14.659045800333436 ], [ 121.092213276897738, 14.659062143092822 ], [ 121.092222709024554, 14.659075107398811 ], [ 121.092236492684961, 14.659091091465035 ], [ 121.092278905642786, 14.659132607117344 ], [ 121.092296406100488, 14.659151589464988 ], [ 121.092303512625165, 14.659160623428255 ], [ 121.092311918830035, 14.659173075042546 ], [ 121.092320334957705, 14.65918845475761 ], [ 121.092325880700287, 14.65920085578664 ], [ 121.092333313488609, 14.659221524978399 ], [ 121.09234291614402, 14.659258966754871 ], [ 121.092349873355104, 14.659298541266285 ], [ 121.09236343706246, 14.659404903533447 ], [ 121.092369784508165, 14.659445646056163 ], [ 121.092378458426182, 14.659485073794619 ], [ 121.092385177136663, 14.659507273432615 ], [ 121.092392802754105, 14.659527007962854 ], [ 121.09240036348038, 14.659542765637575 ], [ 121.092411485109466, 14.659561729976536 ], [ 121.092425368761241, 14.659581823120988 ], [ 121.092444694384568, 14.659607220512022 ], [ 121.092460157257449, 14.659626106605764 ], [ 121.092462442180647, 14.65962862148916 ], [ 121.092535198395282, 14.659628594605072 ], [ 121.092535224529072, 14.659695599417519 ], [ 121.092538353979435, 14.659698181100637 ], [ 121.092557942039718, 14.659712996388841 ], [ 121.092580793808793, 14.659727605298553 ], [ 121.092611485516429, 14.659742878598488 ], [ 121.092639907851265, 14.659754265396225 ], [ 121.092693510442061, 14.659773354163676 ], [ 121.092719494206861, 14.659783457557829 ], [ 121.092739277516344, 14.659792555758697 ], [ 121.092751233608695, 14.659799198521965 ], [ 121.09276187060631, 14.659806488362772 ], [ 121.092775185778208, 14.659817837952374 ], [ 121.092784665672525, 14.659827650493918 ], [ 121.092794927187882, 14.659840034176687 ], [ 121.092805352389632, 14.6598545266536 ], [ 121.092818086599422, 14.659874762172905 ], [ 121.092830179044896, 14.659896216049653 ], [ 121.092867641535577, 14.659970043821604 ], [ 121.092886049611323, 14.660009869519413 ], [ 121.092898503700766, 14.660043808402683 ], [ 121.092906558466439, 14.660075634467457 ], [ 121.092909463880545, 14.660093228232618 ], [ 121.092911065168892, 14.660112313264442 ], [ 121.092910349317037, 14.660122519313793 ], [ 121.092909639692493, 14.660123641321897 ], [ 121.092947996814999, 14.660121788910571 ], [ 121.092967940106135, 14.660121739248982 ], [ 121.092989574155496, 14.660122717418973 ], [ 121.093010132609862, 14.660124951957014 ], [ 121.09302952031851, 14.660128711388497 ], [ 121.093038352699722, 14.660131185907314 ], [ 121.093053562755046, 14.660137143228697 ], [ 121.093059751493456, 14.660140469043327 ], [ 121.09306942584945, 14.660147443714397 ], [ 121.093077298873297, 14.660156084508605 ], [ 121.093080554329575, 14.660161336465913 ], [ 121.093085467628896, 14.660173564205149 ], [ 121.09308724845279, 14.660180602103997 ], [ 121.093102630913663, 14.660180596380382 ], [ 121.093102730095978, 14.660433210860027 ], [ 121.093103756653207, 14.660437035454379 ], [ 121.093108551320626, 14.660449564059663 ], [ 121.093113915511665, 14.660459890477151 ], [ 121.093119579563265, 14.66046839024537 ], [ 121.093126482717182, 14.660476905600627 ], [ 121.093154335395553, 14.660507469824198 ], [ 121.093160231838979, 14.660515825097077 ], [ 121.093165986530224, 14.660525972167692 ], [ 121.093173836269173, 14.660545027123716 ], [ 121.093178211443629, 14.660559477189338 ], [ 121.093189675563139, 14.660604950127711 ], [ 121.093194180165867, 14.660619032541222 ], [ 121.093202191801765, 14.660636971839274 ], [ 121.093207970947986, 14.660646224437 ], [ 121.093214349373355, 14.660654341468522 ], [ 121.093229329894228, 14.660669234592199 ], [ 121.093257971392163, 14.660693820909994 ], [ 121.093297663730652, 14.660729799671236 ], [ 121.093309598154562, 14.660739061186948 ], [ 121.093325637833033, 14.660749021506909 ], [ 121.093339324831803, 14.660755172367674 ], [ 121.093346739704501, 14.66075765513215 ], [ 121.093359417075447, 14.660760443138342 ], [ 121.093363676410661, 14.660760821485594 ], [ 121.093368265448873, 14.660760000602693 ], [ 121.093367240816903, 14.660756440617417 ], [ 121.093367605230881, 14.660753483052224 ], [ 121.093370245020054, 14.660744711605776 ], [ 121.093377841838574, 14.660729495795396 ], [ 121.09338623728496, 14.660717032006694 ], [ 121.093403291755024, 14.660696185937391 ], [ 121.093472536139529, 14.660616677942702 ], [ 121.09349213008845, 14.66059671844811 ], [ 121.093537837590262, 14.660555681715934 ], [ 121.093579521065777, 14.66051303228436 ], [ 121.093624688524244, 14.660473791292741 ], [ 121.093674004743832, 14.660423996445074 ], [ 121.093722283432726, 14.660380819079494 ], [ 121.093733725151793, 14.660368922482213 ], [ 121.093792637599805, 14.660303051573404 ], [ 121.093805838203949, 14.660285488672036 ], [ 121.093811656259774, 14.660275655213402 ], [ 121.093817434399227, 14.66026367601888 ], [ 121.09382512099144, 14.660242369916382 ], [ 121.093829316183033, 14.660226771936372 ], [ 121.09383405828585, 14.660204288553263 ], [ 121.093846088349977, 14.660135546161285 ], [ 121.093851213109318, 14.660113788883365 ], [ 121.093860057173615, 14.660087769479436 ], [ 121.093867649388955, 14.660072327680593 ], [ 121.093879312408788, 14.66005491302476 ] ] ] ] } },
{ "type": "Feature", "properties": { "subcatchme": 1, "class_id": 14.0, "class_name": "Grassland", "nrcs_class": "open_space_poor", "SOILDESC": "Marikina clay loam", "SoilSeries": "Marikina", "hsg": "D", "slope_mean": 4.2652627229690552, "area_sqm": 4893.237, "site_id": 31, "land_avail": 1, "dist_drain": 161, "gi_type sg": "urban_fores", "objectid": 40744, "gthcode": "8011374020160000", "globalid": "{D94B6835-001D-4822-B49D-83C41C3216DF}", "st_area(shape)": 0.00016002800101577228, "reg_name": "National Capital Region (NCR)", "prov_name": "NCR, Second District", "city_name": "City of Marikina", "brgy_name": "Tumana", "reg_code": "130000000", "prov_code": "137400000", "city_code": "137402000", "brgy_code": "137402016", "psgc_10d": "1380700016", "geographic_level": "Bgy", "old_names": "", "class": "Highly Urbanized Cities (HUC)", "income_class": "", "urban_rural2015": "U", "bgypop2015": 43239, "bgypop2020": 47468, "bgyarea_sqkm": 1.90731445, "gida": "No", "gida_yr": null, "st_perimeter(shape)": 0.05754354711643371, "created_user": null, "created_date": null, "last_edited_user": "ADMIN2", "last_edited_date": 1748789495000, "gi_type_x": "Bioswale", "flood_attenuation_score_x": 43.375477662438101, "site_cost_x": 27293933.288860001, "selected": 0, "gi_type_y": "Bioswale", "flood_attenuation_score_y": 43.375477662438101, "site_cost_y": 27293933.288860001, "selected_selection": null }, "geometry": { "type": "MultiPolygon", "coordinates": [ [ [ [ 121.094420599278678, 14.66346442192062 ], [ 121.094411993600275, 14.663449781740292 ], [ 121.094401822090987, 14.663428146654269 ], [ 121.094393748439998, 14.663405015958075 ], [ 121.094384390574234, 14.663367339453917 ], [ 121.094377389315923, 14.663325190831936 ], [ 121.094372547559061, 14.663280751840341 ], [ 121.09436895230246, 14.663224638093904 ], [ 121.094367460956406, 14.663174054231781 ], [ 121.094367238641922, 14.663127431796696 ], [ 121.094369746324844, 14.663027489335148 ], [ 121.094366598459544, 14.663027819586546 ], [ 121.094293038499089, 14.663023249140686 ], [ 121.094261480252868, 14.663022339699252 ], [ 121.094238195853578, 14.663022460009877 ], [ 121.094238383241915, 14.6634934436973 ], [ 121.094439351767079, 14.663493367827561 ], [ 121.094420599278678, 14.66346442192062 ] ] ], [ [ [ 121.094248805957164, 14.664010430357294 ], [ 121.094303126708809, 14.664106511849113 ], [ 121.094318465166424, 14.664138112049734 ], [ 121.094330816049421, 14.664169539542863 ], [ 121.094341509314702, 14.664204580936275 ], [ 121.094350197060393, 14.664243963575268 ], [ 121.094367165730347, 14.664354192710352 ], [ 121.094377737485758, 14.664405210705299 ], [ 121.094389169121868, 14.664444071810255 ], [ 121.09441405959906, 14.664509583441637 ], [ 121.094424701257182, 14.664544691285043 ], [ 121.094432938850758, 14.664581064491291 ], [ 121.094456095639643, 14.664718424950612 ], [ 121.094463264013356, 14.664751883056725 ], [ 121.094473877885022, 14.664789024019834 ], [ 121.094485265208206, 14.664817989131441 ], [ 121.094496191793084, 14.66483990875383 ], [ 121.094522552202122, 14.664886535110487 ], [ 121.094522547144678, 14.664873866384921 ], [ 121.094716093707504, 14.664873793076858 ], [ 121.094720018096197, 14.664851314256973 ], [ 121.094724628723725, 14.664812488894242 ], [ 121.09472785466383, 14.664771909824699 ], [ 121.094731657099118, 14.664686686762252 ], [ 121.094733373457544, 14.664598590870925 ], [ 121.094733512526957, 14.664466297834606 ], [ 121.094731456885384, 14.664379532004769 ], [ 121.094729257140514, 14.664337003428946 ], [ 121.094724694575049, 14.664284641185636 ], [ 121.094720941449111, 14.664256212217346 ], [ 121.094716036539481, 14.66422850942649 ], [ 121.094709700886924, 14.664201695001335 ], [ 121.094702769495711, 14.664179255072987 ], [ 121.094692774102839, 14.664154424110146 ], [ 121.094682898810944, 14.664135025431744 ], [ 121.094670351996101, 14.664113793814479 ], [ 121.094628032427082, 14.664045508463156 ], [ 121.094522216486908, 14.66404554851985 ], [ 121.094522106272549, 14.663769442551802 ], [ 121.094238493098402, 14.66376954967409 ], [ 121.094238582201797, 14.663993491769732 ], [ 121.094248805957164, 14.664010430357294 ] ] ] ] } },
{ "type": "Feature", "properties": { "subcatchme": 2, "class_id": 14.0, "class_name": "Grassland", "nrcs_class": "open_space_poor", "SOILDESC": "Marikina clay loam", "SoilSeries": "Marikina", "hsg": "D", "slope_mean": 1.3468978222517409, "area_sqm": 695.644, "site_id": 36, "land_avail": 1, "dist_drain": 92, "gi_type sg": "permeable_p", "objectid": 40744, "gthcode": "8011374020160000", "globalid": "{D94B6835-001D-4822-B49D-83C41C3216DF}", "st_area(shape)": 0.00016002800101577228, "reg_name": "National Capital Region (NCR)", "prov_name": "NCR, Second District", "city_name": "City of Marikina", "brgy_name": "Tumana", "reg_code": "130000000", "prov_code": "137400000", "city_code": "137402000", "brgy_code": "137402016", "psgc_10d": "1380700016", "geographic_level": "Bgy", "old_names": "", "class": "Highly Urbanized Cities (HUC)", "income_class": "", "urban_rural2015": "U", "bgypop2015": 43239, "bgypop2020": 47468, "bgyarea_sqkm": 1.90731445, "gida": "No", "gida_yr": null, "st_perimeter(shape)": 0.05754354711643371, "created_user": null, "created_date": null, "last_edited_user": "ADMIN2", "last_edited_date": 1748789495000, "gi_type_x": "Bioswale", "flood_attenuation_score_x": 40.478967088710597, "site_cost_x": 3901670.9703199998, "selected": 1, "gi_type_y": "Bioswale", "flood_attenuation_score_y": 40.478967088710597, "site_cost_y": 3901670.9703199998, "selected_selection": 1.0 }, "geometry": { "type": "MultiPolygon", "coordinates": [ [ [ [ 121.093191994486958, 14.657326984704172 ], [ 121.093173246627742, 14.657349716500764 ], [ 121.093165933944974, 14.65736113029887 ], [ 121.093194424542617, 14.657361130283634 ], [ 121.09319442454246, 14.657324473989824 ], [ 121.093191994486958, 14.657326984704172 ] ] ], [ [ [ 121.093992024764745, 14.656878439732795 ], [ 121.093954045368235, 14.656881652851556 ], [ 121.093913077644643, 14.656887581515717 ], [ 121.093874496651424, 14.656896707186183 ], [ 121.093860095769472, 14.65690142578107 ], [ 121.093846696273459, 14.656906703848332 ], [ 121.093829473072702, 14.656915120782589 ], [ 121.093816059309859, 14.656923335790282 ], [ 121.093806739049853, 14.656930058895027 ], [ 121.09379156246527, 14.656942788845649 ], [ 121.093741158729841, 14.656991676617237 ], [ 121.093727498735504, 14.657003030897876 ], [ 121.093711046226986, 14.657014530371471 ], [ 121.093695471352206, 14.65702361871031 ], [ 121.093671606870629, 14.657035317676877 ], [ 121.093594715323576, 14.657066937017836 ], [ 121.093567986998536, 14.657079514393036 ], [ 121.093561208445109, 14.657083352873869 ], [ 121.094027757876233, 14.657083352506532 ], [ 121.094027757875764, 14.656876945750168 ], [ 121.093992024764745, 14.656878439732795 ] ] ] ] } },
{ "type": "Feature", "properties": { "subcatchme": 2, "class_id": 14.0, "class_name": "Grassland", "nrcs_class": "open_space_poor", "SOILDESC": "Marikina clay loam", "SoilSeries": "Marikina", "hsg": "D", "slope_mean": 2.0563739125545211, "area_sqm": 21529.666, "site_id": 46, "land_avail": 1, "dist_drain": 0, "gi_type sg": "urban_fores", "objectid": 40744, "gthcode": "8011374020160000", "globalid": "{D94B6835-001D-4822-B49D-83C41C3216DF}", "st_area(shape)": 0.00016002800101577228, "reg_name": "National Capital Region (NCR)", "prov_name": "NCR, Second District", "city_name": "City of Marikina", "brgy_name": "Tumana", "reg_code": "130000000", "prov_code": "137400000", "city_code": "137402000", "brgy_code": "137402016", "psgc_10d": "1380700016", "geographic_level": "Bgy", "old_names": "", "class": "Highly Urbanized Cities (HUC)", "income_class": "", "urban_rural2015": "U", "bgypop2015": 43239, "bgypop2020": 47468, "bgyarea_sqkm": 1.90731445, "gida": "No", "gida_yr": null, "st_perimeter(shape)": 0.05754354711643371, "created_user": null, "created_date": null, "last_edited_user": "ADMIN2", "last_edited_date": 1748789495000, "gi_type_x": "Bioswale", "flood_attenuation_score_x": 54.8552930012684, "site_cost_x": 120005092.09148, "selected": 0, "gi_type_y": "Bioswale", "flood_attenuation_score_y": 54.8552930012684, "site_cost_y": 120005092.09148, "selected_selection": null }, "geometry": { "type": "MultiPolygon", "coordinates": [ [ [ [ 121.094515109717577, 14.6539837561733 ], [ 121.094463389756527, 14.653953936453366 ], [ 121.09443478679124, 14.653939031223725 ], [ 121.094323404787843, 14.65388831677547 ], [ 121.094245842283257, 14.653849524659664 ], [ 121.094223565441283, 14.653839327169873 ], [ 121.094204276302321, 14.653831633946496 ], [ 121.094183276596297, 14.653824349639455 ], [ 121.094106050399503, 14.653800881753329 ], [ 121.094078992130491, 14.653791874110107 ], [ 121.094052304563036, 14.653781432601917 ], [ 121.094034649872938, 14.653773224994442 ], [ 121.094020328489719, 14.653765554398998 ], [ 121.094001381854511, 14.653753893061827 ], [ 121.093924266947099, 14.653700923487831 ], [ 121.093877464583613, 14.65366771166655 ], [ 121.093849160109656, 14.6536501790212 ], [ 121.09381074972157, 14.653630842869774 ], [ 121.093750547406486, 14.653603633886684 ], [ 121.093688420470599, 14.653573036464014 ], [ 121.093666834307726, 14.653563910967106 ], [ 121.093639567459164, 14.65355466298834 ], [ 121.093607984617606, 14.653546344787966 ], [ 121.09357321606916, 14.653539099379516 ], [ 121.093466667070643, 14.653520883663454 ], [ 121.093415611760122, 14.653510193510582 ], [ 121.093393016863899, 14.653504152217659 ], [ 121.093374001647788, 14.653498172805344 ], [ 121.093307948841186, 14.653473314198241 ], [ 121.093269833772183, 14.653461698075381 ], [ 121.093230496715435, 14.65345270714711 ], [ 121.093106850226377, 14.653431207979116 ], [ 121.093066417314262, 14.653422817139301 ], [ 121.0930285115533, 14.653412438971456 ], [ 121.093009192019338, 14.653405694304137 ], [ 121.092993861477893, 14.653399445046372 ], [ 121.092931020657176, 14.65336930609184 ], [ 121.092858026996709, 14.653337534900061 ], [ 121.092826299942217, 14.653322397826296 ], [ 121.092802545361096, 14.653309102826936 ], [ 121.092749963948449, 14.653276226584007 ], [ 121.09267558154113, 14.653233210832299 ], [ 121.092655180625215, 14.653219173364263 ], [ 121.092635435942938, 14.653202672340507 ], [ 121.092617250731379, 14.653184344151887 ], [ 121.092588524166203, 14.653152749791527 ], [ 121.092573830325065, 14.653138037966247 ], [ 121.09256416564439, 14.653129550575523 ], [ 121.092555162560316, 14.653122592266458 ], [ 121.092541978994987, 14.653113991063861 ], [ 121.092524815723834, 14.653105109601475 ], [ 121.09251140447374, 14.65309954299628 ], [ 121.092496955953848, 14.653094562523597 ], [ 121.09247004178475, 14.653087372349018 ], [ 121.092441692612894, 14.653081892872418 ], [ 121.092390889766335, 14.653075515279317 ], [ 121.092348033975725, 14.653072306205868 ], [ 121.092304155230863, 14.653070281630605 ], [ 121.092214581815796, 14.653068305128738 ], [ 121.092078892609891, 14.653066557549419 ], [ 121.09198960451225, 14.653063469931201 ], [ 121.091929546900545, 14.653058948439861 ], [ 121.091890006579334, 14.653054047629334 ], [ 121.091851838780102, 14.653047041585321 ], [ 121.091830409177561, 14.653041721835056 ], [ 121.09181130664355, 14.653035868106709 ], [ 121.091790971842755, 14.653028249261062 ], [ 121.091721856134413, 14.652996431843272 ], [ 121.091710541069389, 14.652991651527088 ], [ 121.091465032477984, 14.653034487661268 ], [ 121.09147000698789, 14.653043651644337 ], [ 121.091475435596109, 14.653057233767864 ], [ 121.091483296485748, 14.653086218799981 ], [ 121.091487846112045, 14.6531169479286 ], [ 121.091489589108917, 14.653148279391097 ], [ 121.091489380366355, 14.653167993010261 ], [ 121.091488162744938, 14.653187586289711 ], [ 121.091484600953478, 14.653214512913637 ], [ 121.091478523338154, 14.65324018803779 ], [ 121.091471036043785, 14.653260252206906 ], [ 121.091464957639246, 14.653271974045332 ], [ 121.091458340290302, 14.653281831625813 ], [ 121.091451076167985, 14.653289735499783 ], [ 121.09143650583944, 14.653300755047301 ], [ 121.091422669885446, 14.653308113366753 ], [ 121.091414581970966, 14.653311566034006 ], [ 121.091386577949081, 14.653320470897297 ], [ 121.091348973368696, 14.653327852833238 ], [ 121.091308601513788, 14.653332363557277 ], [ 121.091273498311566, 14.65333441062737 ], [ 121.091239023438533, 14.653335181389076 ], [ 121.091198316704379, 14.653334843653905 ], [ 121.091111948262451, 14.653331065721515 ], [ 121.091110041266873, 14.653333898560621 ], [ 121.09110957413219, 14.653336069051413 ], [ 121.091110809219757, 14.653341902694082 ], [ 121.091112631678229, 14.653345187274912 ], [ 121.091117646499356, 14.653351133277145 ], [ 121.09112589102206, 14.653357787187032 ], [ 121.091139211658103, 14.653365453347307 ], [ 121.091157934444468, 14.653373355435734 ], [ 121.091192578532514, 14.653383808341669 ], [ 121.091233943967623, 14.653392655393102 ], [ 121.091280128380816, 14.653399944231882 ], [ 121.091332708977262, 14.653406195684953 ], [ 121.091386040295347, 14.653411079649091 ], [ 121.091526537049916, 14.653420754689554 ], [ 121.091566448011946, 14.653424986249917 ], [ 121.091587214666134, 14.653428079268759 ], [ 121.091607356081795, 14.653431877470789 ], [ 121.091634440716845, 14.653438676935593 ], [ 121.091659700054663, 14.653447558025571 ], [ 121.091673010813651, 14.653453687770105 ], [ 121.091685160685657, 14.653460529148129 ], [ 121.091695748341365, 14.653467798716436 ], [ 121.091708031937998, 14.653478386164391 ], [ 121.091718327652416, 14.653489785097602 ], [ 121.091729041977331, 14.653504939668846 ], [ 121.091739010857708, 14.653522782985538 ], [ 121.091750767697349, 14.653548969563655 ], [ 121.091777181989968, 14.653617763432358 ], [ 121.091785426192345, 14.653636895745297 ], [ 121.091796572842611, 14.653659155214289 ], [ 121.091807193342277, 14.653677000261364 ], [ 121.091824549156897, 14.653702027231429 ], [ 121.091866606316927, 14.653756970867729 ], [ 121.091884019299954, 14.653777111040577 ], [ 121.091904964174105, 14.653798973744983 ], [ 121.091946862435933, 14.653840859265852 ], [ 121.091967822675983, 14.653859768767845 ], [ 121.091994100630785, 14.653879770203401 ], [ 121.092018204899972, 14.653895775670533 ], [ 121.092040682285088, 14.653908420445649 ], [ 121.092057512559762, 14.653915240564645 ], [ 121.092069877849141, 14.653918432705607 ], [ 121.092079290187499, 14.653919827539253 ], [ 121.092098150626256, 14.653920094340547 ], [ 121.092114814407935, 14.653917731396074 ], [ 121.09213953298665, 14.653910917792032 ], [ 121.092231811240595, 14.653879585917187 ], [ 121.09225890592387, 14.653869361309397 ], [ 121.092286674791069, 14.653857280586138 ], [ 121.0923439415281, 14.653829292544399 ], [ 121.092360804401153, 14.653822157817586 ], [ 121.092381609760196, 14.653814457174434 ], [ 121.092412539521476, 14.653804706824911 ], [ 121.092531123086658, 14.653773050185665 ], [ 121.092614089787617, 14.653745721115166 ], [ 121.092640170971052, 14.653740089838637 ], [ 121.09266658355034, 14.653737674870843 ], [ 121.092680481769818, 14.653737709336596 ], [ 121.092694381389137, 14.653738654752942 ], [ 121.09270799105623, 14.653740497885773 ], [ 121.092720956912771, 14.653743154499063 ], [ 121.09273815929086, 14.653748166586173 ], [ 121.092751965960829, 14.653753524958006 ], [ 121.092766332772428, 14.653760337474424 ], [ 121.092786602626816, 14.653771505487059 ], [ 121.092833668219711, 14.653799378742717 ], [ 121.092895236208776, 14.653837707564239 ], [ 121.092915033468771, 14.653848354769064 ], [ 121.092939407158823, 14.653859299771661 ], [ 121.092967794126295, 14.653869865591847 ], [ 121.093057881249948, 14.653897589148469 ], [ 121.093085511063265, 14.65390672811367 ], [ 121.093114563105786, 14.653917886782935 ], [ 121.093173060480282, 14.65394463732529 ], [ 121.093205098935911, 14.653957483299811 ], [ 121.093239232485814, 14.653968820985952 ], [ 121.093329504614019, 14.65399609229963 ], [ 121.093351128763246, 14.654003833657672 ], [ 121.09337101955127, 14.654012043383323 ], [ 121.093392363384183, 14.654022466459926 ], [ 121.09341171575727, 14.654033578101284 ], [ 121.093534663163794, 14.654110510449046 ], [ 121.093554275261852, 14.654121215732234 ], [ 121.093577230233734, 14.654131567053764 ], [ 121.093591302864652, 14.654136875145687 ], [ 121.093622168206764, 14.654146487011214 ], [ 121.093661872469653, 14.654156182178191 ], [ 121.093743024769381, 14.654172828662384 ], [ 121.093782980087454, 14.654182153538915 ], [ 121.09381993646798, 14.654193279321806 ], [ 121.093839396532431, 14.654200744437521 ], [ 121.093860141616659, 14.654210425139485 ], [ 121.093876983466416, 14.654219674404839 ], [ 121.093949850017609, 14.654264372768601 ], [ 121.093998006749786, 14.654295123137505 ], [ 121.094027161540538, 14.654311587328074 ], [ 121.094051966406568, 14.654322920740354 ], [ 121.094073319357861, 14.6543312237301 ], [ 121.094163090277519, 14.654361528915238 ], [ 121.094191226407517, 14.654372779363745 ], [ 121.094209733968711, 14.654381765723985 ], [ 121.094224436077283, 14.654390283498888 ], [ 121.094242164624873, 14.654402623469656 ], [ 121.094256339868338, 14.654414211349554 ], [ 121.094273289359492, 14.654430232074304 ], [ 121.094290425197229, 14.654448426846423 ], [ 121.094309102960295, 14.654471225105825 ], [ 121.094324190035849, 14.654493193249758 ], [ 121.094335902288009, 14.654513413070054 ], [ 121.094348064045136, 14.654537900282133 ], [ 121.094359512811451, 14.654564331859159 ], [ 121.094397503707455, 14.654662809706753 ], [ 121.094408706339038, 14.654686468487448 ], [ 121.094418446094608, 14.654701963806451 ], [ 121.094427527366122, 14.65471159587414 ], [ 121.094433129479512, 14.654715012624802 ], [ 121.094435643294716, 14.654715748964268 ], [ 121.094437771012849, 14.654715835082634 ], [ 121.094441646104983, 14.654713940126449 ], [ 121.09444002453678, 14.654710281267747 ], [ 121.094441697436508, 14.654702956843403 ], [ 121.094443774115902, 14.654697887775754 ], [ 121.094449788889321, 14.654686857568414 ], [ 121.094459360497595, 14.654673380339904 ], [ 121.094472175622442, 14.654658480137925 ], [ 121.094518298180262, 14.654609627528373 ], [ 121.094580034290544, 14.654537843755179 ], [ 121.094591140275952, 14.654523936273931 ], [ 121.094596371685725, 14.654515258328306 ], [ 121.094600816594607, 14.654503606150632 ], [ 121.094602234061497, 14.654494904182895 ], [ 121.09460205463499, 14.654485594488261 ], [ 121.094600208706055, 14.654476535021942 ], [ 121.094597113195931, 14.654468461206125 ], [ 121.094592865297187, 14.654460867759026 ], [ 121.09458659875061, 14.654452382978604 ], [ 121.094574086935438, 14.654438965176348 ], [ 121.094541899732249, 14.654407765590799 ], [ 121.094519519690934, 14.654387915642062 ], [ 121.094502315668336, 14.654376317417228 ], [ 121.094485856719018, 14.654367868403877 ], [ 121.094466655119533, 14.654359921067201 ], [ 121.094433730688849, 14.654347644559698 ], [ 121.094411040131149, 14.654337085821837 ], [ 121.094398713370026, 14.654328462811691 ], [ 121.094393139798569, 14.65432281955121 ], [ 121.094388825168579, 14.654316718485136 ], [ 121.094385454971871, 14.654309388881833 ], [ 121.094383539980328, 14.654301232559888 ], [ 121.094383252456481, 14.654293046196655 ], [ 121.094384289921337, 14.654285566549007 ], [ 121.094389326307095, 14.654271316535224 ], [ 121.09439992829256, 14.654251069918185 ], [ 121.094404887657575, 14.65423982320813 ], [ 121.094408365146506, 14.654226905140913 ], [ 121.094409286406943, 14.654211822523493 ], [ 121.094408118398775, 14.654202192044295 ], [ 121.094404655217787, 14.654190156959668 ], [ 121.094388614470205, 14.654157710610788 ], [ 121.094384661998774, 14.65414697647515 ], [ 121.094382726086891, 14.654135120188839 ], [ 121.094383117352393, 14.654126583325919 ], [ 121.094385105042022, 14.654118493326626 ], [ 121.094390635060208, 14.654108344783229 ], [ 121.094396908194369, 14.654101571364034 ], [ 121.094406355487124, 14.654094095564654 ], [ 121.094418968400291, 14.654086260724911 ], [ 121.09443401767254, 14.654078350055856 ], [ 121.094483936552706, 14.654054091414515 ], [ 121.094505549526843, 14.654041443048895 ], [ 121.094521133849582, 14.654029621881286 ], [ 121.094531953083418, 14.65401838703505 ], [ 121.094538610415668, 14.654008509800539 ], [ 121.094540874104098, 14.654003711569064 ], [ 121.094542612620657, 14.653996311768527 ], [ 121.094540713604204, 14.653991783074632 ], [ 121.094536628335092, 14.653992114699097 ], [ 121.094527812611787, 14.653989456041337 ], [ 121.094515109717577, 14.6539837561733 ] ] ] ] } },
{ "type": "Feature", "properties": { "subcatchme": 2, "class_id": 13.0, "class_name": "Open/Barren", "nrcs_class": "open_space_poor", "SOILDESC": "Marikina clay loam", "SoilSeries": "Marikina", "hsg": "D", "slope_mean": 1.4904139836629231, "area_sqm": 4965.582, "site_id": 52, "land_avail": 1, "dist_drain": 29, "gi_type sg": "urban_fores", "objectid": 40744, "gthcode": "8011374020160000", "globalid": "{D94B6835-001D-4822-B49D-83C41C3216DF}", "st_area(shape)": 0.00016002800101577228, "reg_name": "National Capital Region (NCR)", "prov_name": "NCR, Second District", "city_name": "City of Marikina", "brgy_name": "Tumana", "reg_code": "130000000", "prov_code": "137400000", "city_code": "137402000", "brgy_code": "137402016", "psgc_10d": "1380700016", "geographic_level": "Bgy", "old_names": "", "class": "Highly Urbanized Cities (HUC)", "income_class": "", "urban_rural2015": "U", "bgypop2015": 43239, "bgypop2020": 47468, "bgyarea_sqkm": 1.90731445, "gida": "No", "gida_yr": null, "st_perimeter(shape)": 0.05754354711643371, "created_user": null, "created_date": null, "last_edited_user": "ADMIN2", "last_edited_date": 1748789495000, "gi_type_x": "Bioswale", "flood_attenuation_score_x": 43.425398666560298, "site_cost_x": 27697096.05796, "selected": 0, "gi_type_y": "Bioswale", "flood_attenuation_score_y": 43.425398666560298, "site_cost_y": 27697096.05796, "selected_selection": null }, "geometry": { "type": "MultiPolygon", "coordinates": [ [ [ [ 121.095279715006868, 14.65454602684593 ], [ 121.095283834125325, 14.654555958033546 ], [ 121.095311179777681, 14.654609173854027 ], [ 121.095328653252849, 14.654649429114659 ], [ 121.095341979253149, 14.654685612620248 ], [ 121.095379262278584, 14.654795272507402 ], [ 121.095390128763952, 14.654823255470228 ], [ 121.095400922937174, 14.654847576001671 ], [ 121.095410516245266, 14.654866278263611 ], [ 121.095419539997295, 14.654881713461869 ], [ 121.095457918427371, 14.654939165866336 ], [ 121.095501333637557, 14.655007348619247 ], [ 121.095514198086065, 14.655031530665527 ], [ 121.095521566640087, 14.655048701889934 ], [ 121.09552646358064, 14.655062185609699 ], [ 121.095535160524079, 14.655091810013758 ], [ 121.095543794878736, 14.655130933720269 ], [ 121.095564908735781, 14.655251036393985 ], [ 121.095573756385292, 14.655289325010306 ], [ 121.095585305756927, 14.655326479003502 ], [ 121.095609989008224, 14.655390906132892 ], [ 121.095615688231788, 14.65540897824005 ], [ 121.095621391527132, 14.655430446528374 ], [ 121.095626523312873, 14.65545360007644 ], [ 121.095633725794499, 14.655493538047041 ], [ 121.095646202606119, 14.655574509761633 ], [ 121.095653399898168, 14.655614404311487 ], [ 121.095662417101551, 14.655652517187935 ], [ 121.095668577355013, 14.655672774630128 ], [ 121.095674496746142, 14.655689216437004 ], [ 121.095699422152208, 14.655746788182775 ], [ 121.095708436987039, 14.655769599395571 ], [ 121.095741336849187, 14.655869837410583 ], [ 121.095750313026471, 14.655893685766848 ], [ 121.095759325399413, 14.655913774979352 ], [ 121.095765740631137, 14.655925902912088 ], [ 121.095775173089535, 14.655940990810093 ], [ 121.095783909098472, 14.655952671433827 ], [ 121.095803493573356, 14.655974126882658 ], [ 121.095844891793234, 14.656014075592195 ], [ 121.095862732887738, 14.65603511731932 ], [ 121.095871012551768, 14.656047509943033 ], [ 121.095876900590298, 14.656058021334896 ], [ 121.095887955143084, 14.656083480855759 ], [ 121.095896085503625, 14.656109823755756 ], [ 121.095902286172674, 14.656137654629019 ], [ 121.095906991628652, 14.656166644467783 ], [ 121.095911154165648, 14.656202282985179 ], [ 121.095919240219729, 14.656312397779187 ], [ 121.095922889828771, 14.656349172579999 ], [ 121.095931401252258, 14.656390502138599 ], [ 121.095939108850416, 14.656413777993942 ], [ 121.095948945633012, 14.656434931296445 ], [ 121.095956653114683, 14.656447369841059 ], [ 121.095969470775771, 14.656462691502844 ], [ 121.095978125494682, 14.656470246916838 ], [ 121.095990089423282, 14.656477910763943 ], [ 121.096004180068675, 14.65648373760998 ], [ 121.096015270897254, 14.65648641485509 ], [ 121.096032920784424, 14.656487799280825 ], [ 121.096050184291244, 14.656485986824272 ], [ 121.096065632973321, 14.656481498978254 ], [ 121.096074287335583, 14.656477492299379 ], [ 121.096083995316732, 14.656471115678766 ], [ 121.096093297058047, 14.656461476946911 ], [ 121.096097989089955, 14.656451946868982 ], [ 121.096098409843748, 14.656449338587652 ], [ 121.096097534975769, 14.65644455621131 ], [ 121.096102958308208, 14.656242286688897 ], [ 121.09610369336022, 14.656132489931036 ], [ 121.096102727688091, 14.656079981797008 ], [ 121.096100484056862, 14.656032173343759 ], [ 121.096097781286957, 14.656000871943483 ], [ 121.096094046218752, 14.655972911245881 ], [ 121.096086673239327, 14.65593561433675 ], [ 121.096076037785551, 14.655900859061809 ], [ 121.096065141778425, 14.6558766009755 ], [ 121.096059411935002, 14.655866580694923 ], [ 121.096051293259009, 14.655854570761896 ], [ 121.096033517277434, 14.655833619952924 ], [ 121.095992987838684, 14.655793354861872 ], [ 121.095980997088475, 14.655779881740527 ], [ 121.095966395243636, 14.655759524450783 ], [ 121.095955609607614, 14.655739039357412 ], [ 121.095945760600074, 14.655713179427149 ], [ 121.095938545778949, 14.655687125984308 ], [ 121.095932832097759, 14.655659872053043 ], [ 121.0959281730116, 14.655631746542559 ], [ 121.095914352705705, 14.655528129468033 ], [ 121.095908534720763, 14.655492320148111 ], [ 121.095901019560927, 14.655457409678888 ], [ 121.095894742884525, 14.655435154084717 ], [ 121.095885029475738, 14.655408642784206 ], [ 121.095872967677693, 14.65538384195659 ], [ 121.095857360401254, 14.655358025241426 ], [ 121.095816405048694, 14.655296268188991 ], [ 121.095780082582493, 14.655245256246904 ], [ 121.095765956266405, 14.655222939982442 ], [ 121.095750188465033, 14.655193895697478 ], [ 121.095714240346837, 14.655122014691427 ], [ 121.095681831053213, 14.655067284383145 ], [ 121.095668361929455, 14.655042607580157 ], [ 121.095655888245489, 14.655016277907238 ], [ 121.095624547528772, 14.654944772614376 ], [ 121.095593635071964, 14.654885154633329 ], [ 121.095584314726239, 14.654865476796827 ], [ 121.095574999975995, 14.654842251034482 ], [ 121.095541450045388, 14.654749694659845 ], [ 121.095527838855574, 14.654716754957814 ], [ 121.095511101424719, 14.654682087058321 ], [ 121.095493514898209, 14.654652010287965 ], [ 121.095478010756949, 14.654629952033796 ], [ 121.095465341174346, 14.654614266471958 ], [ 121.095438690270981, 14.65458548909948 ], [ 121.095416171853728, 14.65456413070223 ], [ 121.095398329427468, 14.654550027642347 ], [ 121.095389529856376, 14.654544636322566 ], [ 121.095382477344629, 14.654541381226592 ], [ 121.095374375930476, 14.654539628544766 ], [ 121.09537138601641, 14.654540815028561 ], [ 121.09527856825477, 14.6545400547648 ], [ 121.095279715006868, 14.65454602684593 ] ] ] ] } },
{ "type": "Feature", "properties": { "subcatchme": 4, "class_id": 16.0, "class_name": "Annual Crop", "nrcs_class": "row_crop_good", "SOILDESC": "Marikina clay loam", "SoilSeries": "Marikina", "hsg": "D", "slope_mean": 1.975232905263794, "area_sqm": 448.076, "site_id": 68, "land_avail": 1, "dist_drain": 0, "gi_type sg": "permeable_p", "objectid": 40744, "gthcode": "8011374020160000", "globalid": "{D94B6835-001D-4822-B49D-83C41C3216DF}", "st_area(shape)": 0.00016002800101577228, "reg_name": "National Capital Region (NCR)", "prov_name": "NCR, Second District", "city_name": "City of Marikina", "brgy_name": "Tumana", "reg_code": "130000000", "prov_code": "137400000", "city_code": "137402000", "brgy_code": "137402016", "psgc_10d": "1380700016", "geographic_level": "Bgy", "old_names": "", "class": "Highly Urbanized Cities (HUC)", "income_class": "", "urban_rural2015": "U", "bgypop2015": 43239, "bgypop2020": 47468, "bgyarea_sqkm": 1.90731445, "gida": "No", "gida_yr": null, "st_perimeter(shape)": 0.05754354711643371, "created_user": null, "created_date": null, "last_edited_user": "ADMIN2", "last_edited_date": 1748789495000, "gi_type_x": "Bioswale", "flood_attenuation_score_x": 26.974801726231799, "site_cost_x": 2522028.9712800002, "selected": 1, "gi_type_y": "Bioswale", "flood_attenuation_score_y": 26.974801726231799, "site_cost_y": 2522028.9712800002, "selected_selection": 1.0 }, "geometry": { "type": "MultiPolygon", "coordinates": [ [ [ [ 121.100179337068482, 14.657570879362995 ], [ 121.100173007829738, 14.657602576904177 ], [ 121.100157161668449, 14.657699352607468 ], [ 121.100146385636705, 14.657752847525261 ], [ 121.100140945088327, 14.657773521600131 ], [ 121.100135193321364, 14.657791856128581 ], [ 121.100127964377535, 14.657811196166692 ], [ 121.100110802687496, 14.657852326706166 ], [ 121.100103311888674, 14.657876736242695 ], [ 121.100100971084601, 14.657888978696921 ], [ 121.100099537704125, 14.657902130472648 ], [ 121.100099258961308, 14.657915618828385 ], [ 121.100100258333313, 14.657929010990756 ], [ 121.100104229214409, 14.657948091912234 ], [ 121.100108383953469, 14.657959521691073 ], [ 121.100113331534871, 14.657969324035218 ], [ 121.100123963700256, 14.657983980589243 ], [ 121.100130966904374, 14.657991146429159 ], [ 121.100139523760063, 14.657998449677779 ], [ 121.100149343653612, 14.65800557527518 ], [ 121.100165707927673, 14.658015698650424 ], [ 121.100213136679727, 14.658041068662769 ], [ 121.100218011097795, 14.657466496561167 ], [ 121.100201082924897, 14.657501162052505 ], [ 121.100194968131788, 14.65751638484338 ], [ 121.100188644678411, 14.657535137641146 ], [ 121.100179337068482, 14.657570879362995 ] ] ] ] } },
{ "type": "Feature", "properties": { "subcatchme": 4, "class_id": 16.0, "class_name": "Annual Crop", "nrcs_class": "row_crop_good", "SOILDESC": "Quingua silt loam", "SoilSeries": "Quingua", "hsg": "B", "slope_mean": 2.2518161667717829, "area_sqm": 7210.528, "site_id": 71, "land_avail": 1, "dist_drain": 0, "gi_type sg": "urban_fores", "objectid": 40744, "gthcode": "8011374020160000", "globalid": "{D94B6835-001D-4822-B49D-83C41C3216DF}", "st_area(shape)": 0.00016002800101577228, "reg_name": "National Capital Region (NCR)", "prov_name": "NCR, Second District", "city_name": "City of Marikina", "brgy_name": "Tumana", "reg_code": "130000000", "prov_code": "137400000", "city_code": "137402000", "brgy_code": "137402016", "psgc_10d": "1380700016", "geographic_level": "Bgy", "old_names": "", "class": "Highly Urbanized Cities (HUC)", "income_class": "", "urban_rural2015": "U", "bgypop2015": 43239, "bgypop2020": 47468, "bgyarea_sqkm": 1.90731445, "gida": "No", "gida_yr": null, "st_perimeter(shape)": 0.05754354711643371, "created_user": null, "created_date": null, "last_edited_user": "ADMIN2", "last_edited_date": 1748789495000, "gi_type_x": "Bioswale", "flood_attenuation_score_x": 31.2017686920343, "site_cost_x": 40207686.227839999, "selected": 0, "gi_type_y": "Bioswale", "flood_attenuation_score_y": 31.2017686920343, "site_cost_y": 40207686.227839999, "selected_selection": null }, "geometry": { "type": "MultiPolygon", "coordinates": [ [ [ [ 121.100513323064192, 14.657124995832774 ], [ 121.10045729683921, 14.657154221474164 ], [ 121.10039388158431, 14.657185826755326 ], [ 121.100358028643868, 14.657205849298656 ], [ 121.10033720630544, 14.657219918077102 ], [ 121.100316730239783, 14.657237320770795 ], [ 121.100307919533407, 14.657246652823083 ], [ 121.100298966108298, 14.657257895966653 ], [ 121.100286873291807, 14.657277433044685 ], [ 121.100280494945508, 14.65729124931514 ], [ 121.100271267033165, 14.657317426791451 ], [ 121.100248208640892, 14.657394361289624 ], [ 121.100240885667418, 14.657415459192572 ], [ 121.100228958671153, 14.657444078133947 ], [ 121.100218011097795, 14.657466496561167 ], [ 121.100213136679727, 14.658041068662769 ], [ 121.100220726525663, 14.658045128531048 ], [ 121.100260065698365, 14.658067366852134 ], [ 121.100284632930922, 14.6580794387817 ], [ 121.10030101495542, 14.658085889602113 ], [ 121.100320847556929, 14.65809220594854 ], [ 121.100357962634092, 14.658100877608536 ], [ 121.100474589295885, 14.658119185459826 ], [ 121.10051876652463, 14.65812700385381 ], [ 121.100562189270008, 14.658136415648521 ], [ 121.100591909675828, 14.658144352686415 ], [ 121.100618193808856, 14.658152811104346 ], [ 121.100639023041822, 14.65816078213396 ], [ 121.10066069223636, 14.658170489732079 ], [ 121.100705751045055, 14.658192987989633 ], [ 121.10071717741252, 14.65819778787926 ], [ 121.100723673930048, 14.658199447755868 ], [ 121.10072298554212, 14.658198003419908 ], [ 121.10072249456924, 14.658188732728938 ], [ 121.100723509915468, 14.65817227536083 ], [ 121.100726489005893, 14.65815027077419 ], [ 121.100733592186941, 14.658118270464698 ], [ 121.100743862851644, 14.65808753231147 ], [ 121.10075242281026, 14.65806809287001 ], [ 121.100759885318951, 14.658053528131409 ], [ 121.100789070854248, 14.658002468150698 ], [ 121.100799321403528, 14.657982785862561 ], [ 121.10081290509828, 14.657952683871748 ], [ 121.10083385805433, 14.657901386731721 ], [ 121.100843175393749, 14.657881846833698 ], [ 121.100854569754048, 14.657862032906065 ], [ 121.100877460285375, 14.657827501018231 ], [ 121.100887966605143, 14.657808728142053 ], [ 121.10089777990197, 14.657784417068436 ], [ 121.100905763832287, 14.657754047013105 ], [ 121.100910050488693, 14.657729387145929 ], [ 121.100915405605306, 14.657678011382043 ], [ 121.100918387602334, 14.657622168153649 ], [ 121.100920146997908, 14.657562564525819 ], [ 121.100921522901075, 14.65747260021093 ], [ 121.100921175095792, 14.65739910736292 ], [ 121.100919479866633, 14.657357880551043 ], [ 121.100915266691374, 14.657316497614765 ], [ 121.100910806903656, 14.657293282733999 ], [ 121.100907014711737, 14.657279741236756 ], [ 121.100902359362806, 14.657267262686114 ], [ 121.100896900640976, 14.657256234359853 ], [ 121.100890947007741, 14.657247054604227 ], [ 121.100881341993954, 14.657236214722955 ], [ 121.10087259570129, 14.657229027437213 ], [ 121.100861476065745, 14.657222138871903 ], [ 121.100841271882686, 14.657213491576286 ], [ 121.100815492334405, 14.657206597126359 ], [ 121.100787673581721, 14.657202051938585 ], [ 121.10072485152908, 14.657194343382416 ], [ 121.100691897601465, 14.657189589950727 ], [ 121.100659089223598, 14.657183673720313 ], [ 121.100628013404858, 14.657176307623311 ], [ 121.10060268969923, 14.657168222165454 ], [ 121.100588106848832, 14.657162183705083 ], [ 121.100575874043841, 14.657155857180349 ], [ 121.100566348767458, 14.657149661220375 ], [ 121.100556493628076, 14.657141134598772 ], [ 121.100550303170635, 14.657133478370138 ], [ 121.100546076569145, 14.657124999539377 ], [ 121.100545122510738, 14.657118300648978 ], [ 121.100547381982963, 14.657113551115081 ], [ 121.100543129418128, 14.657113684463329 ], [ 121.10053649557139, 14.657115468419784 ], [ 121.100513323064192, 14.657124995832774 ] ] ] ] } },
{ "type": "Feature", "properties": { "subcatchme": 4, "class_id": 16.0, "class_name": "Annual Crop", "nrcs_class": "row_crop_good", "SOILDESC": "Marikina clay loam", "SoilSeries": "Marikina", "hsg": "D", "slope_mean": 2.416764409043068, "area_sqm": 39436.544, "site_id": 75, "land_avail": 1, "dist_drain": 0, "gi_type sg": "urban_fores", "objectid": 40744, "gthcode": "8011374020160000", "globalid": "{D94B6835-001D-4822-B49D-83C41C3216DF}", "st_area(shape)": 0.00016002800101577228, "reg_name": "National Capital Region (NCR)", "prov_name": "NCR, Second District", "city_name": "City of Marikina", "brgy_name": "Tumana", "reg_code": "130000000", "prov_code": "137400000", "city_code": "137402000", "brgy_code": "137402016", "psgc_10d": "1380700016", "geographic_level": "Bgy", "old_names": "", "class": "Highly Urbanized Cities (HUC)", "income_class": "", "urban_rural2015": "U", "bgypop2015": 43239, "bgypop2020": 47468, "bgyarea_sqkm": 1.90731445, "gida": "No", "gida_yr": null, "st_perimeter(shape)": 0.05754354711643371, "created_user": null, "created_date": null, "last_edited_user": "ADMIN2", "last_edited_date": 1748789495000, "gi_type_x": "Bioswale", "flood_attenuation_score_x": 53.8784366940422, "site_cost_x": 219796183.67232001, "selected": 0, "gi_type_y": "Bioswale", "flood_attenuation_score_y": 53.8784366940422, "site_cost_y": 219796183.67232001, "selected_selection": null }, "geometry": { "type": "MultiPolygon", "coordinates": [ [ [ [ 121.097361091213671, 14.658750019179337 ], [ 121.097638868991609, 14.658750019179674 ], [ 121.097638868991908, 14.659027796957794 ], [ 121.097916646769889, 14.659027796958124 ], [ 121.097916646769747, 14.659116485650543 ], [ 121.097963268900088, 14.659129098323383 ], [ 121.097986608538577, 14.659133580111188 ], [ 121.098006448372217, 14.659136155348062 ], [ 121.098026710163083, 14.659137701996045 ], [ 121.098052471366984, 14.659138129654446 ], [ 121.098073753741275, 14.659137154253665 ], [ 121.098110446433651, 14.65913378899215 ], [ 121.09812342257031, 14.65913325893959 ], [ 121.098138972039706, 14.659134105507794 ], [ 121.098151987277859, 14.659136465845849 ], [ 121.098167698738294, 14.659141774461968 ], [ 121.098178005595841, 14.659147004521056 ], [ 121.098185724643969, 14.659151889879949 ], [ 121.098202046238896, 14.659164588623506 ], [ 121.098230686136475, 14.659189412937661 ], [ 121.098238768815563, 14.659195510437144 ], [ 121.0982500060299, 14.659202649515512 ], [ 121.098260649828703, 14.659207882327891 ], [ 121.098269306727701, 14.659211119755422 ], [ 121.098284388986528, 14.659214904980272 ], [ 121.098295198245779, 14.659216347167224 ], [ 121.098317074287337, 14.65921628212126 ], [ 121.09833246523533, 14.659213770992226 ], [ 121.098345544716906, 14.659209764287416 ], [ 121.098359111812371, 14.659203359502756 ], [ 121.098370006926174, 14.659196359906176 ], [ 121.098398538189571, 14.659173113036612 ], [ 121.098411503883597, 14.659164113288801 ], [ 121.098417374604708, 14.659161273045939 ], [ 121.098424988795642, 14.659159056166617 ], [ 121.098433108880499, 14.659158668924537 ], [ 121.098438947844713, 14.659159723422393 ], [ 121.09844704970628, 14.659163276217496 ], [ 121.098453751402062, 14.659168482197797 ], [ 121.098460854607126, 14.659176964709065 ], [ 121.098467901182502, 14.659189320069027 ], [ 121.098474252557438, 14.659204679105111 ], [ 121.098482770040079, 14.65923235357983 ], [ 121.098498604976115, 14.659294669374127 ], [ 121.098507655394798, 14.659324912944065 ], [ 121.098518999385945, 14.65935334796759 ], [ 121.098524917191128, 14.659364736158356 ], [ 121.09853125410433, 14.659374887883533 ], [ 121.098537659928425, 14.65938340083761 ], [ 121.098546922535689, 14.659393252964257 ], [ 121.098558846175166, 14.659402817786777 ], [ 121.098568629216857, 14.659408835198549 ], [ 121.09858495346576, 14.659416283371009 ], [ 121.098602213142186, 14.659421503408604 ], [ 121.098619461325853, 14.659424505640283 ], [ 121.098638794367631, 14.659425359627622 ], [ 121.098656277329709, 14.659423422276246 ], [ 121.098664858751789, 14.659421101240524 ], [ 121.09867203387887, 14.659418024043177 ], [ 121.098679625263202, 14.65941264216803 ], [ 121.09868419240685, 14.659406716826467 ], [ 121.098686748152232, 14.65939883747378 ], [ 121.098686818151904, 14.659393092241272 ], [ 121.098685737605805, 14.659387718965306 ], [ 121.098680780378984, 14.659377318258667 ], [ 121.098670669104052, 14.659364695642267 ], [ 121.098646787448587, 14.6593404055272 ], [ 121.098637732378904, 14.659329738145511 ], [ 121.09862787167701, 14.659314003383475 ], [ 121.098622077574532, 14.659298498891893 ], [ 121.09861979042563, 14.65928547214542 ], [ 121.098619576859704, 14.659276874284108 ], [ 121.098621322091688, 14.659264923403454 ], [ 121.098623794940636, 14.659258044687046 ], [ 121.098627094560143, 14.659252385515146 ], [ 121.098632752319716, 14.659246470902001 ], [ 121.098639383249392, 14.659242559645767 ], [ 121.098648221985712, 14.65924010877243 ], [ 121.098657838502845, 14.659239713880435 ], [ 121.098666921644408, 14.659240888893034 ], [ 121.098677672264614, 14.659243640966318 ], [ 121.098690145704495, 14.659247903677972 ], [ 121.098800556963539, 14.659287953714708 ], [ 121.098824862637784, 14.659298068030502 ], [ 121.098872905465669, 14.659320175343149 ], [ 121.098893163161279, 14.65932844008513 ], [ 121.09892459370586, 14.659338397574928 ], [ 121.09895464839262, 14.659345039835486 ], [ 121.098982050308194, 14.659349075780376 ], [ 121.09900961646332, 14.659351397818375 ], [ 121.099048553223767, 14.659351750562141 ], [ 121.099078804675131, 14.65934935909533 ], [ 121.099107648152568, 14.659344254009977 ], [ 121.099134367441636, 14.659335957711949 ], [ 121.099146386638608, 14.659330575877453 ], [ 121.099157110190035, 14.65932452373754 ], [ 121.099166156966135, 14.659318186772525 ], [ 121.099176873667631, 14.659308624554754 ], [ 121.099187719926078, 14.659295665435256 ], [ 121.09919479794371, 14.659284690783174 ], [ 121.099204167483791, 14.659265688208134 ], [ 121.099212888643507, 14.659240927294627 ], [ 121.099219561762666, 14.659214262682124 ], [ 121.099226450701963, 14.659173986302527 ], [ 121.09923044255126, 14.659140485770401 ], [ 121.099236031173973, 14.659073808819237 ], [ 121.099057946794701, 14.659073879712084 ], [ 121.09905771508771, 14.658521667608932 ], [ 121.099341321467449, 14.658521554649383 ], [ 121.099341341036649, 14.658568050968221 ], [ 121.09934368561369, 14.658557298587626 ], [ 121.099352295393928, 14.658526288480285 ], [ 121.099359443774361, 14.658505538026677 ], [ 121.0993683597939, 14.658484115202173 ], [ 121.099401865712707, 14.658416603420559 ], [ 121.099442954932087, 14.658323544205182 ], [ 121.099455900979265, 14.658298300888603 ], [ 121.099483804452234, 14.658248477753597 ], [ 121.09949657708701, 14.658221814186406 ], [ 121.099507358196774, 14.65819562776521 ], [ 121.099541835895835, 14.658105623246733 ], [ 121.099551964159488, 14.658077099905343 ], [ 121.099556519489923, 14.658055963144163 ], [ 121.099557899155656, 14.658032899010863 ], [ 121.099556260424379, 14.658012920784332 ], [ 121.099550465189552, 14.657974832510186 ], [ 121.099549483342102, 14.657950801981327 ], [ 121.09955098543945, 14.657935067962331 ], [ 121.099553006385747, 14.657925474396864 ], [ 121.099555743733873, 14.657916981987873 ], [ 121.09955924573265, 14.657909377853436 ], [ 121.09956338116551, 14.657902915768004 ], [ 121.099567861412268, 14.657897803033684 ], [ 121.099577275480897, 14.657890953929972 ], [ 121.099583294324333, 14.657888369709733 ], [ 121.099590176089606, 14.657886580581003 ], [ 121.099597348550233, 14.657885742727066 ], [ 121.099607445203972, 14.657885960816314 ], [ 121.099622432661235, 14.657888461899374 ], [ 121.099667678655948, 14.657900858357113 ], [ 121.099700376146373, 14.657908660783153 ], [ 121.099818210784377, 14.657932507738586 ], [ 121.099886120391531, 14.657948442168161 ], [ 121.099900410382432, 14.657950445913626 ], [ 121.099911901002088, 14.657950697071939 ], [ 121.099924089148431, 14.657949179037521 ], [ 121.099935925645909, 14.657945489216527 ], [ 121.099948682349691, 14.657938211943897 ], [ 121.099958696519096, 14.657929157245221 ], [ 121.099965391347595, 14.65792095021269 ], [ 121.099971661088986, 14.657911337142684 ], [ 121.09998003961833, 14.657894967071515 ], [ 121.099990535023963, 14.657867672138861 ], [ 121.099999362040933, 14.657838689893405 ], [ 121.100018905699727, 14.657766657373987 ], [ 121.100021617363609, 14.657753713055207 ], [ 121.100022841489533, 14.657742222402758 ], [ 121.100022529546763, 14.657732215746408 ], [ 121.100021290691885, 14.657724959648188 ], [ 121.100018979413107, 14.657717521272819 ], [ 121.100015671812855, 14.657710548300985 ], [ 121.100011739539795, 14.657704539004744 ], [ 121.100004709533337, 14.657696715040167 ], [ 121.099998193830785, 14.657691253970391 ], [ 121.099990060981909, 14.657685806795856 ], [ 121.09996992810575, 14.657675887578105 ], [ 121.09994258503886, 14.657666446238306 ], [ 121.099912342225707, 14.657658389181989 ], [ 121.099847653894699, 14.6576428696939 ], [ 121.099815199109898, 14.657633621527282 ], [ 121.099785803702389, 14.657622885545615 ], [ 121.099760910061462, 14.657610783792338 ], [ 121.099746671129083, 14.657602000801271 ], [ 121.099736868911407, 14.657594981972739 ], [ 121.099716686213952, 14.657578033246297 ], [ 121.0996933531531, 14.657554824954534 ], [ 121.099674285012, 14.657531989510064 ], [ 121.099660348616908, 14.657510191902157 ], [ 121.099649857061564, 14.657487847689614 ], [ 121.099640755054949, 14.657460989038945 ], [ 121.099633916656771, 14.657432563777528 ], [ 121.099628836472547, 14.657402943719177 ], [ 121.099625076545365, 14.657372430739201 ], [ 121.099621903476603, 14.65733672801249 ], [ 121.09961509459464, 14.657228134592321 ], [ 121.099612286049407, 14.657192572209453 ], [ 121.099608689741302, 14.657159770557461 ], [ 121.099603719877081, 14.657128230106427 ], [ 121.099596844974585, 14.657098441746962 ], [ 121.099588452885442, 14.657073437895987 ], [ 121.099579223931769, 14.657053874787694 ], [ 121.099566131286778, 14.657033914997484 ], [ 121.099549299884217, 14.657014786788602 ], [ 121.099539940086885, 14.657005875581097 ], [ 121.099528488745619, 14.656996339981546 ], [ 121.099519943712124, 14.656990363464082 ], [ 121.099511498277039, 14.656985539091108 ], [ 121.099496731611708, 14.65697983163072 ], [ 121.099488676991868, 14.656978126454698 ], [ 121.099479983456263, 14.656977314346605 ], [ 121.099471350946828, 14.656977498628947 ], [ 121.099459758879277, 14.65697922214226 ], [ 121.099446642169099, 14.656983042458407 ], [ 121.099431658089955, 14.656989305608791 ], [ 121.09939617027463, 14.657007995294295 ], [ 121.099367994013761, 14.657024783686799 ], [ 121.099321865674227, 14.65705573290365 ], [ 121.099303914452335, 14.657066996433132 ], [ 121.099280720758983, 14.657080160085963 ], [ 121.099220433528046, 14.657112206310442 ], [ 121.099196982315306, 14.65712606009261 ], [ 121.099173886700441, 14.657141626604364 ], [ 121.09904852959535, 14.657233288299562 ], [ 121.099029636068821, 14.657246069567407 ], [ 121.099008832469522, 14.65725849541977 ], [ 121.098982717671291, 14.657272179189286 ], [ 121.098909873249951, 14.657307627245112 ], [ 121.098853514442908, 14.657339118069732 ], [ 121.098828055293453, 14.657352011913639 ], [ 121.098801134258579, 14.65736370812871 ], [ 121.098731432755883, 14.6573904537643 ], [ 121.098682468114575, 14.657410681488191 ], [ 121.098668825751972, 14.657415603601544 ], [ 121.098656173671344, 14.657419254155363 ], [ 121.098640976268811, 14.657422263945509 ], [ 121.098618773823389, 14.657423815691175 ], [ 121.098602595753562, 14.657422571816157 ], [ 121.098592626814835, 14.657420572608652 ], [ 121.098583664914827, 14.657417726724415 ], [ 121.098572804910887, 14.657412385528664 ], [ 121.098567483102727, 14.657408633167629 ], [ 121.098560931909674, 14.657402342163801 ], [ 121.098553626014152, 14.657391428822915 ], [ 121.09854866229044, 14.657378235592164 ], [ 121.098541332937856, 14.657346373998266 ], [ 121.098537863164282, 14.657337977240825 ], [ 121.098532573121545, 14.657329252911659 ], [ 121.098526141525042, 14.657321903734012 ], [ 121.098518511551703, 14.657315737655969 ], [ 121.098507458761659, 14.657309610458494 ], [ 121.098498363190728, 14.657306120034891 ], [ 121.098488272453139, 14.657303391435017 ], [ 121.098471864800075, 14.657300893128408 ], [ 121.098454614799579, 14.65730037971405 ], [ 121.098434107494668, 14.65730234655606 ], [ 121.098413863482691, 14.657307256230705 ], [ 121.098402893640127, 14.657311417572 ], [ 121.098388031120564, 14.657319293866632 ], [ 121.098376257481036, 14.657328072026047 ], [ 121.098366817501301, 14.657337492834145 ], [ 121.098360188486751, 14.657345814222376 ], [ 121.098353593061447, 14.657355836672261 ], [ 121.098344477680754, 14.657373250761221 ], [ 121.098332689528874, 14.657403394373052 ], [ 121.098322764304442, 14.65743591371905 ], [ 121.098303769243842, 14.657503263872385 ], [ 121.098292359806933, 14.657535881328435 ], [ 121.098286633788788, 14.65754927992732 ], [ 121.098277281487185, 14.6575675777123 ], [ 121.098267909460645, 14.657582352663731 ], [ 121.098258657072122, 14.657594343351088 ], [ 121.098246475777856, 14.657607546358586 ], [ 121.098231773497162, 14.657621160718227 ], [ 121.098189281996738, 14.65765585187714 ], [ 121.098171701292969, 14.65767117419934 ], [ 121.098152821003438, 14.657690048323568 ], [ 121.098112232614412, 14.657735147727216 ], [ 121.098102805935255, 14.65774463731198 ], [ 121.098084442323284, 14.657760540634429 ], [ 121.098068184768238, 14.657771622707681 ], [ 121.098047413051418, 14.657782494337116 ], [ 121.098022518651305, 14.657792323693817 ], [ 121.097997949030713, 14.657799907268117 ], [ 121.097972869214672, 14.657806375099307 ], [ 121.097902488686572, 14.657823148762555 ], [ 121.097871465996704, 14.657833076171865 ], [ 121.097855373210834, 14.657840338680518 ], [ 121.097842279500441, 14.65784858366081 ], [ 121.097833081898401, 14.657857019570924 ], [ 121.097825492266963, 14.657868224959493 ], [ 121.097821681231025, 14.657878825050229 ], [ 121.097820213668555, 14.657893232677132 ], [ 121.097821875700348, 14.657907374914648 ], [ 121.097826521582348, 14.657924693714387 ], [ 121.097853250022908, 14.658003927588657 ], [ 121.097864583503423, 14.658035070066234 ], [ 121.097874265687807, 14.658058676531267 ], [ 121.097895044575722, 14.658104724400353 ], [ 121.097902470101957, 14.658123929396492 ], [ 121.0979092344799, 14.658147139658762 ], [ 121.097914205444951, 14.658174653185684 ], [ 121.097916048279956, 14.658199681214246 ], [ 121.097915314587539, 14.658224241728648 ], [ 121.097911863874458, 14.658247834730075 ], [ 121.097905442119199, 14.658269885186336 ], [ 121.097897633276332, 14.65828648213756 ], [ 121.097888464925461, 14.658299807370943 ], [ 121.097879056672781, 14.658309631466786 ], [ 121.097866336307973, 14.6583192495277 ], [ 121.097849551969972, 14.658328120403688 ], [ 121.097836747016899, 14.658333020392254 ], [ 121.097815907068764, 14.658338669785197 ], [ 121.097793713548569, 14.658342403075395 ], [ 121.097762733104275, 14.658344739623436 ], [ 121.097742838079824, 14.658344802762162 ], [ 121.097722718028365, 14.658343835633316 ], [ 121.097694424241553, 14.658340764652531 ], [ 121.097666411078677, 14.658335617426493 ], [ 121.097650908179901, 14.658331749200432 ], [ 121.097629236746428, 14.658324898854252 ], [ 121.097601442062583, 14.658313154501881 ], [ 121.097586179609181, 14.658305198037912 ], [ 121.097483550965165, 14.658246182186799 ], [ 121.097291933079958, 14.658246257013305 ], [ 121.097291170959338, 14.6582467337312 ], [ 121.09725969061229, 14.658270306970124 ], [ 121.097235772066242, 14.658291169505976 ], [ 121.097218701387277, 14.658309118488804 ], [ 121.097184143476127, 14.65834993284856 ], [ 121.097169028306354, 14.658364264909988 ], [ 121.097158642113797, 14.658371346335702 ], [ 121.097149277499952, 14.65837568341575 ], [ 121.097138251470255, 14.658378495890082 ], [ 121.097126604448519, 14.658379049423237 ], [ 121.097112962982393, 14.658376763434658 ], [ 121.097101903761754, 14.658372777913945 ], [ 121.097083313435007, 14.658362753077094 ], [ 121.097083313435391, 14.658472241400871 ], [ 121.097361091213344, 14.658472241401208 ], [ 121.097361091213671, 14.658750019179337 ] ] ] ] } }
]
}
