{
"type": "FeatureCollection",
"name": "web_subcatchments",
"crs": { "type": "name", "properties": { "name": "urn:ogc:def:crs:OGC:1.3:CRS84" } },
"features": [
{ "type": "Feature", "properties": { "fid": 9, "DN": 18, "subcatchment_id": 1, "cn_composite_x": 77.81, "runoff_2yr_mm_x": 92.72, "rank_2yr_x": 16, "runoff_5yr_mm_x": 173.51, "rank_5yr_x": 16, "runoff_10yr_mm_x": 225.82, "rank_10yr_x": 16, "subcatchment_total_m2_x": 3602180.678, "volume_2yr_m3_x": 333994.2, "vol_rank_2yr_x": 3, "volume_5yr_m3_x": 625014.4, "vol_rank_5yr_x": 3, "volume_10yr_m3_x": 813444.4, "vol_rank_10yr_x": 3, "cn_composite_y": 77.81, "runoff_2yr_mm_y": 92.72, "rank_2yr_y": 8, "runoff_5yr_mm_y": 173.51, "rank_5yr_y": 8, "runoff_10yr_mm_y": 225.82, "rank_10yr_y": 8, "subcatchment_total_m2_y": 3602180.678, "volume_2yr_m3_y": 333994.2, "vol_rank_2yr_y": 3, "volume_5yr_m3_y": 625014.4, "vol_rank_5yr_y": 3, "volume_10yr_m3_y": 813444.4, "vol_rank_10yr_y": 3 }, "geometry": { "type": "MultiPolygon", "coordinates": [ [ [ [ 121.089187404049156, 14.659788347585375 ], [ 121.089187457049235, 14.659933101585478 ], [ 121.089374081049769, 14.660735826586064 ], [ 121.089760185050849, 14.662515681587406 ], [ 121.090337304051289, 14.662971310588022 ], [ 121.090647940051568, 14.663243909588411 ], [ 121.09180480505249, 14.664279700589749 ], [ 121.095215352055604, 14.667784637594002 ], [ 121.095274209055631, 14.667778752594028 ], [ 121.096137309055081, 14.666350544593685 ], [ 121.097725998054401, 14.663973620593206 ], [ 121.097988404054362, 14.663905048593287 ], [ 121.098401192055078, 14.664806664594121 ], [ 121.098463653055148, 14.664942449594241 ], [ 121.098469803055281, 14.665197753594418 ], [ 121.098504415055459, 14.66543557059455 ], [ 121.098720380055724, 14.665857159594918 ], [ 121.098828362055926, 14.666110858595193 ], [ 121.098847645056182, 14.666532443595431 ], [ 121.098828363056299, 14.666815986595619 ], [ 121.098689530056362, 14.667103260595729 ], [ 121.098643252056547, 14.667319648595791 ], [ 121.09861625605663, 14.667636768596006 ], [ 121.098716525057, 14.66799865859625 ], [ 121.099067468057427, 14.668692594596909 ], [ 121.099120999057547, 14.668785668597 ], [ 121.099352853057752, 14.669188797597407 ], [ 121.099626671058076, 14.669651427597863 ], [ 121.099768266058277, 14.669753517597998 ], [ 121.100103729058503, 14.670096781598399 ], [ 121.100272760058687, 14.67022680659861 ], [ 121.10038198105876, 14.670294418598729 ], [ 121.100501603058788, 14.670369833598821 ], [ 121.100623826058921, 14.670445247598982 ], [ 121.100829265059019, 14.670557068599127 ], [ 121.101034703059184, 14.670629881599334 ], [ 121.101333759059244, 14.670754705599597 ], [ 121.101560002059486, 14.670874327599812 ], [ 121.101812249059677, 14.670993950600037 ], [ 121.10204369205978, 14.671126574600262 ], [ 121.102293339059983, 14.671290405600518 ], [ 121.102339486059961, 14.671335144600549 ], [ 121.10245977006015, 14.671449035600707 ], [ 121.102666338060303, 14.671673374600974 ], [ 121.102964265060621, 14.672062750601381 ], [ 121.103146299060811, 14.672265588601636 ], [ 121.103260721060948, 14.672411215601779 ], [ 121.103289326061002, 14.672491830601858 ], [ 121.103668997061348, 14.672993724602428 ], [ 121.103988857061722, 14.673388999602816 ], [ 121.104157889061824, 14.673581435603067 ], [ 121.104248906061969, 14.673685454603175 ], [ 121.104485550062194, 14.673989711603483 ], [ 121.104677986062455, 14.674293968603832 ], [ 121.105013449062739, 14.674736051604306 ], [ 121.105068059062788, 14.674782860604333 ], [ 121.105237091062932, 14.674897281604544 ], [ 121.105359314062994, 14.674975296604655 ], [ 121.10554654906322, 14.675087117604859 ], [ 121.105744186063276, 14.675188536605015 ], [ 121.105913218063378, 14.675253548605154 ], [ 121.106129058063502, 14.675318560605314 ], [ 121.10632669506353, 14.675370570605454 ], [ 121.10670233306378, 14.67549939860579 ], [ 121.106726465063787, 14.675488201605805 ], [ 121.106894169063793, 14.675419134605892 ], [ 121.107111341063856, 14.675302424605928 ], [ 121.107375240063789, 14.675149685605994 ], [ 121.107611158063847, 14.675016561606052 ], [ 121.107883507063903, 14.674874486606146 ], [ 121.108124809063867, 14.674734434606206 ], [ 121.108269590063827, 14.674625504606214 ], [ 121.108436871063873, 14.674506886606254 ], [ 121.108598082063835, 14.674377566606289 ], [ 121.108782884063842, 14.674202603606288 ], [ 121.108936231063723, 14.674084693606288 ], [ 121.10916821706374, 14.673924944606341 ], [ 121.10940413506377, 14.673757588606371 ], [ 121.1095301760637, 14.673682778606391 ], [ 121.109557481063703, 14.673666303606407 ], [ 121.109714760063753, 14.673540786606402 ], [ 121.109903494063715, 14.673438091606499 ], [ 121.110131549063723, 14.673323984606585 ], [ 121.110253439063726, 14.673217485606553 ], [ 121.110398922063709, 14.673099575606608 ], [ 121.110578045063676, 14.672975998606621 ], [ 121.110646636063663, 14.672852345606589 ], [ 121.110662364063586, 14.672711614606508 ], [ 121.110564065063471, 14.672589901606379 ], [ 121.110497221063412, 14.672452973606235 ], [ 121.110450038063291, 14.672312242606141 ], [ 121.110393047063127, 14.672159026606002 ], [ 121.110312613063073, 14.672011193605835 ], [ 121.110159788062873, 14.671769992605602 ], [ 121.110039137062742, 14.67160659760542 ], [ 121.10995066006268, 14.671466545605268 ], [ 121.109854139062477, 14.671233124605099 ], [ 121.109805195062293, 14.670931556604879 ], [ 121.109836651062182, 14.670737575604777 ], [ 121.109883835062135, 14.670623469604735 ], [ 121.109879903062151, 14.670497952604642 ], [ 121.109879903062065, 14.670395256604577 ], [ 121.109950678061949, 14.670254525604548 ], [ 121.11001752106192, 14.670144222604526 ], [ 121.110145457061932, 14.670031101604513 ], [ 121.110277031061884, 14.669973063604537 ], [ 121.110433264061967, 14.669902626604616 ], [ 121.110694457061982, 14.669853101604728 ], [ 121.110956085062043, 14.669894846604944 ], [ 121.11116521306225, 14.669980433605131 ], [ 121.111390428062379, 14.670097144605323 ], [ 121.11159151306245, 14.670221635605531 ], [ 121.111752381062701, 14.670408371605733 ], [ 121.111840858062791, 14.670579546605879 ], [ 121.111873032062917, 14.670742941606013 ], [ 121.111884457063027, 14.670888101606096 ], [ 121.111897162063144, 14.67105416860622 ], [ 121.111889119063079, 14.671163098606298 ], [ 121.111808685063181, 14.671334273606346 ], [ 121.111712164063334, 14.671528790606414 ], [ 121.111615643063345, 14.671692185606414 ], [ 121.111503035063421, 14.671863360606507 ], [ 121.111454775063493, 14.672003412606569 ], [ 121.111422602063584, 14.672244613606688 ], [ 121.111446732063726, 14.672392447606752 ], [ 121.11151912206374, 14.672555841606929 ], [ 121.111623686063865, 14.672680332607078 ], [ 121.111768468064, 14.672789262607237 ], [ 121.11191272906413, 14.67287516660733 ], [ 121.112101464064139, 14.672917005607475 ], [ 121.112250879064206, 14.672878970607563 ], [ 121.112360974064174, 14.672821917607614 ], [ 121.112403896064166, 14.67271145560756 ], [ 121.112516503064114, 14.67252471860753 ], [ 121.112637154064046, 14.672376885607488 ], [ 121.112741719064005, 14.672213491607476 ], [ 121.112950847063985, 14.671910044607408 ], [ 121.113071498063931, 14.671793334607415 ], [ 121.113248453063918, 14.671692185607412 ], [ 121.113433451063955, 14.67162215860748 ], [ 121.113594319063964, 14.671606597607589 ], [ 121.113755187064029, 14.671622158607683 ], [ 121.113908011064083, 14.671661062607816 ], [ 121.114084966064183, 14.671699965607958 ], [ 121.114197573064274, 14.671746649608039 ], [ 121.114390615064337, 14.671793334608214 ], [ 121.114535396064468, 14.671871140608335 ], [ 121.114688221064483, 14.671917825608496 ], [ 121.115018000064723, 14.672057877608717 ], [ 121.115122564064862, 14.672159026608902 ], [ 121.115275388064944, 14.672275736609041 ], [ 121.115347779065061, 14.672408008609143 ], [ 121.115322675065045, 14.672552679609263 ], [ 121.11527219506516, 14.67263732060929 ], [ 121.115218349065159, 14.672686151609247 ], [ 121.11517123506512, 14.672734983609255 ], [ 121.115124120065133, 14.672774048609256 ], [ 121.11509383206517, 14.672816368609242 ], [ 121.11508037106519, 14.672868455609297 ], [ 121.115060179065139, 14.672901009609271 ], [ 121.115019795065209, 14.67292054260926 ], [ 121.114979411065164, 14.672933563609277 ], [ 121.114935661065104, 14.672933563609252 ], [ 121.114881816065179, 14.672940074609203 ], [ 121.114838066065147, 14.672959607609179 ], [ 121.114804413065087, 14.672995416609186 ], [ 121.114770760065142, 14.673057269609235 ], [ 121.114723645065155, 14.673093079609208 ], [ 121.11468326106521, 14.673132144609227 ], [ 121.114642877065165, 14.673167954609198 ], [ 121.114619319065255, 14.673213529609225 ], [ 121.114595762065207, 14.673278638609235 ], [ 121.11455874306526, 14.673333980609236 ], [ 121.114528455065226, 14.67337630060929 ], [ 121.114521725065259, 14.673434898609328 ], [ 121.114525090065328, 14.673516284609363 ], [ 121.114552013065421, 14.673591158609426 ], [ 121.114582301065425, 14.673643245609458 ], [ 121.114615954065513, 14.673679055609524 ], [ 121.114659704065474, 14.67371160960956 ], [ 121.114723645065524, 14.673737652609603 ], [ 121.114790952065547, 14.67375392960964 ], [ 121.114861624065554, 14.673763695609692 ], [ 121.114986141065614, 14.673770206609808 ], [ 121.115066909065604, 14.673766951609826 ], [ 121.115188061065666, 14.673792994609911 ], [ 121.115369790065813, 14.673845081610091 ], [ 121.11552123006588, 14.673929722610241 ], [ 121.115665939066048, 14.673998086610322 ], [ 121.115790457065998, 14.674033895610478 ], [ 121.115874590066113, 14.67403715161049 ], [ 121.11595872406609, 14.674033895610576 ], [ 121.1160563180661, 14.674001341610584 ], [ 121.11615054806613, 14.67394925461063 ], [ 121.116261604066153, 14.673854847610642 ], [ 121.116352468066125, 14.673783228610612 ], [ 121.116487081066083, 14.673669288610622 ], [ 121.116594772066108, 14.673565115610662 ], [ 121.116725140066052, 14.673410142610647 ], [ 121.116766600065972, 14.673320674610624 ], [ 121.116785736066007, 14.673243547610582 ], [ 121.116808060065921, 14.673138655610504 ], [ 121.116808060065836, 14.673046102610451 ], [ 121.116820817065843, 14.672965890610399 ], [ 121.116859088065794, 14.672836317610361 ], [ 121.116862277065778, 14.672740680610294 ], [ 121.116868656065634, 14.672648127610243 ], [ 121.116884602065582, 14.672546320610223 ], [ 121.116868656065535, 14.672438342610127 ], [ 121.11686227706555, 14.672330364610024 ], [ 121.116871845065489, 14.672265578610016 ], [ 121.116897359065462, 14.672206961610009 ], [ 121.116926062065403, 14.67212983460999 ], [ 121.116964333065354, 14.672046537609939 ], [ 121.11699941506528, 14.671966325609928 ], [ 121.117031307065261, 14.671932389609898 ], [ 121.117066389065243, 14.671898453609877 ], [ 121.117088714065275, 14.671858347609895 ], [ 121.117107849065263, 14.671805901609888 ], [ 121.117130174065267, 14.671775050609856 ], [ 121.117165256065221, 14.671759625609857 ], [ 121.117200337065313, 14.671741114609862 ], [ 121.117244987065291, 14.671738029609935 ], [ 121.117343853065321, 14.671762710609974 ], [ 121.117442720065398, 14.671778135610058 ], [ 121.117525640065395, 14.671768880610101 ], [ 121.117573479065399, 14.67178122061015 ], [ 121.117614939065461, 14.671805901610197 ], [ 121.117665967065562, 14.671873773610264 ], [ 121.117723373065559, 14.67192313461031 ], [ 121.117793537065538, 14.671966325610406 ], [ 121.117876457065677, 14.672034197610488 ], [ 121.117943431065726, 14.672083558610538 ], [ 121.118004027065794, 14.672117494610616 ], [ 121.11805824406575, 14.672129834610674 ], [ 121.118134786065767, 14.672129834610724 ], [ 121.118224084065844, 14.672157600610761 ], [ 121.118316572065865, 14.672206961610863 ], [ 121.118383547065903, 14.67225940761093 ], [ 121.118453710065964, 14.672296428611022 ], [ 121.118520684065984, 14.672330364611049 ], [ 121.118558955066007, 14.672345790611091 ], [ 121.118676957066086, 14.672342705611154 ], [ 121.118743931066106, 14.672342705611202 ], [ 121.118823662066177, 14.67236121561127 ], [ 121.118944853066154, 14.672379726611366 ], [ 121.119034152066206, 14.67237664061143 ], [ 121.119101126066226, 14.672376640611466 ], [ 121.119152154066271, 14.672367385611485 ], [ 121.119219128066291, 14.672351960611511 ], [ 121.119279724066303, 14.672324194611511 ], [ 121.119305238066246, 14.672247067611472 ], [ 121.1193148060662, 14.672197706611469 ], [ 121.119314806066171, 14.672142174611405 ], [ 121.119305238066175, 14.672068133611406 ], [ 121.119311617066174, 14.672003346611319 ], [ 121.119333941066088, 14.671944729611321 ], [ 121.119369023066113, 14.671864517611288 ], [ 121.119404105066025, 14.671815156611313 ], [ 121.119432808066009, 14.671753455611238 ], [ 121.119439186065932, 14.671694838611216 ], [ 121.119432808065966, 14.671654732611218 ], [ 121.119426429065982, 14.671617711611173 ], [ 121.119404105065911, 14.671552924611124 ], [ 121.119388158065902, 14.671460372611053 ], [ 121.119420051065816, 14.671407926611058 ], [ 121.119509350065826, 14.671370905611061 ], [ 121.119569945065862, 14.671355479611087 ], [ 121.119627352065848, 14.671336969611149 ], [ 121.119681569065847, 14.671315373611154 ], [ 121.119754921065905, 14.671275267611152 ], [ 121.119853788065825, 14.6712259066112 ], [ 121.119946276065875, 14.671179630611187 ], [ 121.120032386065873, 14.671127184611226 ], [ 121.120115306065813, 14.671077822611272 ], [ 121.120195037065827, 14.671000695611278 ], [ 121.120246065065885, 14.670976015611274 ], [ 121.120316228065874, 14.670901973611274 ], [ 121.12033536406588, 14.670852612611272 ], [ 121.12034174206579, 14.670787825611191 ], [ 121.120354499065769, 14.670710698611156 ], [ 121.120332174065709, 14.670645911611119 ], [ 121.120344931065759, 14.670608890611081 ], [ 121.120386392065654, 14.670602720611155 ], [ 121.120434230065655, 14.670590380611166 ], [ 121.120469312065737, 14.670568784611163 ], [ 121.120504394065691, 14.670522508611169 ], [ 121.12053309706566, 14.670488572611145 ], [ 121.120533097065632, 14.670439211611129 ], [ 121.120500145065591, 14.670296364611019 ], [ 121.120462933065454, 14.67018932061092 ], [ 121.120450176065475, 14.670112193610876 ], [ 121.120434230065356, 14.670031981610816 ], [ 121.120421473065406, 14.67000113061076 ], [ 121.120424663065421, 14.669957939610766 ], [ 121.120421473065349, 14.669899322610698 ], [ 121.12040331206525, 14.669859936610694 ], [ 121.120324811065217, 14.6697991876106 ], [ 121.120241078065149, 14.669723250610488 ], [ 121.12016781106513, 14.669576440610363 ], [ 121.120115477064928, 14.669449879610257 ], [ 121.120078844064935, 14.66931319461011 ], [ 121.120031743064771, 14.66917650861004 ], [ 121.120021277064794, 14.669060072609978 ], [ 121.120054567064642, 14.668947645609896 ], [ 121.120232237064599, 14.668667142609831 ], [ 121.120345946064475, 14.668460902609755 ], [ 121.120488081064494, 14.668295910609725 ], [ 121.120758139064435, 14.668075921609805 ], [ 121.121013983064273, 14.667704690609698 ], [ 121.1210850510641, 14.667347207609572 ], [ 121.121156119063983, 14.667003474609377 ], [ 121.121383536063888, 14.666700989609296 ], [ 121.121525671063836, 14.666481000609304 ], [ 121.121822752063892, 14.666384900609406 ], [ 121.122036021064005, 14.666443890609584 ], [ 121.122249291064065, 14.666580019609807 ], [ 121.122421722064161, 14.666625396609929 ], [ 121.12276204606431, 14.666639009610106 ], [ 121.12302069306439, 14.666625396610288 ], [ 121.12331564006449, 14.666575482610387 ], [ 121.123628738064554, 14.66648472961054 ], [ 121.123900998064627, 14.666471116610728 ], [ 121.12411426806473, 14.666484729610829 ], [ 121.124381989064844, 14.666525568611032 ], [ 121.124590721064905, 14.666625396611245 ], [ 121.124717776064983, 14.666725224611362 ], [ 121.124894744065131, 14.666788752611515 ], [ 121.125012723065211, 14.66685227961162 ], [ 121.125049025065309, 14.666970258611709 ], [ 121.125080788065375, 14.667051936611793 ], [ 121.125044487065381, 14.667138151611836 ], [ 121.125108014065404, 14.667206216611904 ], [ 121.125121627065425, 14.667306044611951 ], [ 121.125012723065538, 14.667442174612004 ], [ 121.124894744065486, 14.667505701611983 ], [ 121.124731389065559, 14.667591917611947 ], [ 121.124690550065608, 14.667673594611946 ], [ 121.124717776065594, 14.667827875612046 ], [ 121.124731389065801, 14.668022994612176 ], [ 121.124713238065851, 14.66821811361231 ], [ 121.124658786065893, 14.668354243612344 ], [ 121.124704163066014, 14.668567512612535 ], [ 121.12494919606651, 14.669134719612991 ], [ 121.125030874066567, 14.669420592613216 ], [ 121.125153391066775, 14.66963839961344 ], [ 121.125371198066901, 14.669769991613657 ], [ 121.125384811066951, 14.66987435761374 ], [ 121.125511865067068, 14.669924271613841 ], [ 121.125552704067118, 14.670015025613903 ], [ 121.125620769067211, 14.670078552614001 ], [ 121.125743286067319, 14.670101240614096 ], [ 121.125929330067336, 14.670087627614178 ], [ 121.126147137067349, 14.669974186614237 ], [ 121.126451160067376, 14.669760916614326 ], [ 121.126723419067332, 14.669561259614371 ], [ 121.126895850067314, 14.669429667614398 ], [ 121.127050131067207, 14.669293537614369 ], [ 121.127236174067207, 14.669180096614417 ], [ 121.127417681067328, 14.669121106614531 ], [ 121.12766725206734, 14.669080268614641 ], [ 121.127894134067361, 14.669071192614739 ], [ 121.128161856067436, 14.669039429614894 ], [ 121.128366051067488, 14.66896682661501 ], [ 121.128529406067557, 14.668916912615028 ], [ 121.128573921067499, 14.668886112615061 ], [ 121.128647385067481, 14.668835234615104 ], [ 121.12886519306754, 14.668776245615165 ], [ 121.129042161067616, 14.668767169615299 ], [ 121.129259969067675, 14.668753556615414 ], [ 121.129509540067772, 14.668694567615495 ], [ 121.129754573067729, 14.668594738615619 ], [ 121.129861101178847, 14.668559912169901 ], [ 121.129861101178463, 14.667916676281868 ], [ 121.12958332340061, 14.667916676281703 ], [ 121.129583323400126, 14.667083342947857 ], [ 121.129305545622273, 14.667083342947677 ], [ 121.129305545622117, 14.666805565169737 ], [ 121.129027767844235, 14.666805565169565 ], [ 121.12902776784378, 14.665972231835715 ], [ 121.128749990065899, 14.665972231835541 ], [ 121.128749990065742, 14.665694454057586 ], [ 121.128194434510007, 14.665694454057249 ], [ 121.128194434510164, 14.665972231835209 ], [ 121.127638878954428, 14.665972231834862 ], [ 121.127638878954571, 14.666250009612813 ], [ 121.127083323398836, 14.666250009612479 ], [ 121.127083323398665, 14.665972231834525 ], [ 121.126805545620826, 14.665972231834351 ], [ 121.126805545620655, 14.665694454056407 ], [ 121.126249990064892, 14.665694454056066 ], [ 121.126249990064736, 14.665416676278115 ], [ 121.125972212286911, 14.665416676277946 ], [ 121.125972212286754, 14.665138898499992 ], [ 121.125416656730991, 14.665138898499656 ], [ 121.125416656730664, 14.664583342943754 ], [ 121.125138878952811, 14.664583342943574 ], [ 121.125138878952484, 14.664027787387676 ], [ 121.124861101174616, 14.664027787387502 ], [ 121.124861101174446, 14.663750009609563 ], [ 121.124583323396621, 14.663750009609403 ], [ 121.124583323396138, 14.662916676275538 ], [ 121.124027767840388, 14.662916676275204 ], [ 121.124027767839934, 14.662083342941353 ], [ 121.123749990062052, 14.662083342941187 ], [ 121.123749990061896, 14.661805565163226 ], [ 121.124027767839806, 14.661805565163407 ], [ 121.124027767839635, 14.661527787385454 ], [ 121.123749990061754, 14.661527787385291 ], [ 121.123749990061441, 14.660972231829389 ], [ 121.124027767839323, 14.660972231829557 ], [ 121.124027767839166, 14.66069445405161 ], [ 121.124583323394916, 14.660694454051953 ], [ 121.124583323394759, 14.660416676273996 ], [ 121.124861101172641, 14.660416676274169 ], [ 121.124861101172456, 14.66013889849622 ], [ 121.125694434506073, 14.66013889849672 ], [ 121.125694434505931, 14.659861120718775 ], [ 121.125972212283799, 14.659861120718936 ], [ 121.125972212283344, 14.659027787385094 ], [ 121.12569443450549, 14.659027787384922 ], [ 121.125694434504268, 14.656805565161321 ], [ 121.125972212282107, 14.656805565161486 ], [ 121.125972212281823, 14.656250009605591 ], [ 121.125416656726088, 14.656250009605248 ], [ 121.125416656726216, 14.656527787383201 ], [ 121.123749990058982, 14.656527787382181 ], [ 121.123749990058798, 14.65625000960423 ], [ 121.123472212280973, 14.656250009604065 ], [ 121.123472212281101, 14.656527787382009 ], [ 121.123194434503233, 14.656527787381851 ], [ 121.123194434503702, 14.6573611207157 ], [ 121.12291665672582, 14.657361120715528 ], [ 121.122916656725977, 14.657638898493468 ], [ 121.122638878948138, 14.65763889849331 ], [ 121.122638878948266, 14.657916676271245 ], [ 121.121805545614677, 14.657916676270739 ], [ 121.121805545614833, 14.658194454048706 ], [ 121.121527767836952, 14.658194454048525 ], [ 121.12152776783725, 14.658750009604427 ], [ 121.120972212281487, 14.658750009604093 ], [ 121.120972212281643, 14.659027787382044 ], [ 121.119583323392291, 14.659027787381188 ], [ 121.119583323392447, 14.659305565159139 ], [ 121.119305545614566, 14.659305565158965 ], [ 121.119305545614864, 14.659861120714869 ], [ 121.118472212281247, 14.659861120714364 ], [ 121.118472212281404, 14.660138898492308 ], [ 121.11819443450355, 14.66013889849215 ], [ 121.118194434503678, 14.660416676270085 ], [ 121.117916656725811, 14.660416676269925 ], [ 121.117916656725967, 14.660694454047876 ], [ 121.117638878948085, 14.660694454047704 ], [ 121.117638878948242, 14.660972231825658 ], [ 121.117361101170388, 14.660972231825486 ], [ 121.117361101170715, 14.661527787381376 ], [ 121.117083323392805, 14.661527787381207 ], [ 121.117083323393729, 14.663194454048909 ], [ 121.117361101171639, 14.663194454049078 ], [ 121.117361101171781, 14.663472231827036 ], [ 121.117638878949634, 14.663472231827207 ], [ 121.117638878949791, 14.663750009605145 ], [ 121.117916656727644, 14.663750009605319 ], [ 121.117916656728127, 14.664583342939171 ], [ 121.117638878950245, 14.664583342938998 ], [ 121.117638878950856, 14.665694454050804 ], [ 121.117361101173003, 14.665694454050634 ], [ 121.117361101173188, 14.665972231828581 ], [ 121.115416656728073, 14.665972231827398 ], [ 121.115416656728343, 14.666527787383293 ], [ 121.114027767838991, 14.666527787382439 ], [ 121.114027767839303, 14.66708334293835 ], [ 121.113472212283568, 14.667083342938003 ], [ 121.113472212283412, 14.666805565160061 ], [ 121.11319443450553, 14.666805565159883 ], [ 121.113194434505374, 14.666527787381938 ], [ 121.112361101171757, 14.666527787381421 ], [ 121.112361101171615, 14.666250009603475 ], [ 121.111527767837984, 14.66625000960298 ], [ 121.111527767837842, 14.665972231825013 ], [ 121.111249990060003, 14.665972231824847 ], [ 121.111249990059704, 14.665416676268954 ], [ 121.110416656726059, 14.665416676268443 ], [ 121.110416656725903, 14.665138898490492 ], [ 121.109305545614433, 14.665138898489827 ], [ 121.109305545614234, 14.66486112071186 ], [ 121.10902776783638, 14.664861120711686 ], [ 121.109027767836068, 14.6643055651558 ], [ 121.108472212280333, 14.664305565155455 ], [ 121.108472212280176, 14.664027787377504 ], [ 121.107916656724413, 14.664027787377155 ], [ 121.107916656724115, 14.663472231821267 ], [ 121.107083323390498, 14.66347223182076 ], [ 121.107083323389858, 14.662361120708953 ], [ 121.106527767834152, 14.66236112070863 ], [ 121.106527767834024, 14.662083342930668 ], [ 121.105694434500407, 14.662083342930163 ], [ 121.105694434500251, 14.661805565152212 ], [ 121.104861101166634, 14.661805565151699 ], [ 121.104861101166762, 14.662083342929645 ], [ 121.104583323388908, 14.662083342929476 ], [ 121.104583323389036, 14.662361120707427 ], [ 121.104305545611183, 14.662361120707262 ], [ 121.104305545611481, 14.662916676263164 ], [ 121.1040277678336, 14.662916676262983 ], [ 121.104027767833472, 14.662638898485044 ], [ 121.10374999005559, 14.662638898484868 ], [ 121.103749990055107, 14.661805565151019 ], [ 121.103472212277225, 14.661805565150845 ], [ 121.103472212276955, 14.661250009594951 ], [ 121.103194434499073, 14.661250009594781 ], [ 121.103194434498917, 14.660972231816832 ], [ 121.102916656721035, 14.660972231816666 ], [ 121.102916656721192, 14.661250009594616 ], [ 121.102361101165471, 14.661250009594271 ], [ 121.102361101165329, 14.66097223181632 ], [ 121.10208332338739, 14.660972231816151 ], [ 121.102083323387589, 14.661250009594113 ], [ 121.10152776783184, 14.661250009593765 ], [ 121.101527767832138, 14.661805565149674 ], [ 121.10069443449855, 14.661805565149162 ], [ 121.100694434498394, 14.661527787371199 ], [ 121.099861101164777, 14.661527787370693 ], [ 121.099861101164592, 14.66125000959275 ], [ 121.099583323386724, 14.661250009592585 ], [ 121.09958332338644, 14.660694454036678 ], [ 121.099305545608559, 14.660694454036502 ], [ 121.099305545608402, 14.660416676258547 ], [ 121.099027767830549, 14.660416676258386 ], [ 121.099027767830364, 14.660138898480438 ], [ 121.098749990052497, 14.66013889848027 ], [ 121.09874999005234, 14.659861120702313 ], [ 121.098472212274459, 14.659861120702146 ], [ 121.098472212274331, 14.65958334292421 ], [ 121.098194434496477, 14.659583342924034 ], [ 121.098194434496321, 14.65930556514607 ], [ 121.097916656718411, 14.659305565145905 ], [ 121.097916656718283, 14.659027787367945 ], [ 121.097638878940387, 14.659027787367792 ], [ 121.097638878940259, 14.658750009589838 ], [ 121.097361101162392, 14.658750009589669 ], [ 121.097361101162221, 14.658472231811713 ], [ 121.097083323384368, 14.65847223181154 ], [ 121.097083323384211, 14.658194454033602 ], [ 121.096805545606301, 14.658194454033429 ], [ 121.096805545606159, 14.657916676255473 ], [ 121.096527767828277, 14.657916676255313 ], [ 121.096527767828121, 14.657638898477362 ], [ 121.096249990050268, 14.657638898477188 ], [ 121.09624999005014, 14.657361120699244 ], [ 121.09597221227223, 14.657361120699072 ], [ 121.09597221227213, 14.657083342921124 ], [ 121.09569443449422, 14.657083342920949 ], [ 121.095694434494064, 14.656805565143001 ], [ 121.09541665671621, 14.656805565142832 ], [ 121.095416656716054, 14.656527787364881 ], [ 121.095138878938158, 14.656527787364707 ], [ 121.09513887893803, 14.656250009586756 ], [ 121.094861101160149, 14.656250009586588 ], [ 121.094861101159992, 14.65597223180864 ], [ 121.094305545604257, 14.655972231808295 ], [ 121.094305545604712, 14.656805565142148 ], [ 121.09402776782683, 14.656805565141987 ], [ 121.094027767827015, 14.657083342919931 ], [ 121.093194434493341, 14.657083342919426 ], [ 121.093194434493526, 14.657361120697374 ], [ 121.092916656715673, 14.657361120697205 ], [ 121.092916656715516, 14.657083342919258 ], [ 121.091805545604018, 14.657083342918567 ], [ 121.091805545604316, 14.657638898474465 ], [ 121.091249990048581, 14.657638898474135 ], [ 121.091249990048738, 14.657916676252082 ], [ 121.090694434493003, 14.657916676251743 ], [ 121.090694434492846, 14.657638898473797 ], [ 121.090416656714964, 14.657638898473628 ], [ 121.090416656715092, 14.657916676251574 ], [ 121.090138878937239, 14.657916676251411 ], [ 121.090138878937395, 14.658194454029353 ], [ 121.08958332338166, 14.658194454029012 ], [ 121.089583323381959, 14.658750009584921 ], [ 121.089113693120453, 14.658750009584644 ], [ 121.089187404049156, 14.659788347585375 ] ] ] ] } },
{ "type": "Feature", "properties": { "fid": 16, "DN": 16, "subcatchment_id": 2, "cn_composite_x": 79.98, "runoff_2yr_mm_x": 98.34, "rank_2yr_x": 12, "runoff_5yr_mm_x": 180.46, "rank_5yr_x": 12, "runoff_10yr_mm_x": 233.29, "rank_10yr_x": 12, "subcatchment_total_m2_x": 1291924.145, "volume_2yr_m3_x": 127047.8, "vol_rank_2yr_x": 7, "volume_5yr_m3_x": 233140.6, "vol_rank_5yr_x": 7, "volume_10yr_m3_x": 301393.0, "vol_rank_10yr_x": 7, "cn_composite_y": 79.98, "runoff_2yr_mm_y": 98.34, "rank_2yr_y": 5, "runoff_5yr_mm_y": 180.46, "rank_5yr_y": 5, "runoff_10yr_mm_y": 233.29, "rank_10yr_y": 5, "subcatchment_total_m2_y": 1291924.145, "volume_2yr_m3_y": 127047.8, "vol_rank_2yr_y": 7, "volume_5yr_m3_y": 233140.6, "vol_rank_5yr_y": 7, "volume_10yr_m3_y": 301393.0, "vol_rank_10yr_y": 7 }, "geometry": { "type": "MultiPolygon", "coordinates": [ [ [ [ 121.088491053047164, 14.656548139582913 ], [ 121.088505626047123, 14.656610074582989 ], [ 121.088531129047212, 14.656675653583061 ], [ 121.088589422047264, 14.656812276583189 ], [ 121.088618568047281, 14.656868747583232 ], [ 121.089018271047763, 14.657322069583753 ], [ 121.089019047047742, 14.657333660583737 ], [ 121.089073461048173, 14.658183275584298 ], [ 121.089113693120453, 14.658750009584644 ], [ 121.089583323381959, 14.658750009584921 ], [ 121.08958332338166, 14.658194454029012 ], [ 121.090138878937395, 14.658194454029353 ], [ 121.090138878937239, 14.657916676251411 ], [ 121.090416656715092, 14.657916676251574 ], [ 121.090416656714964, 14.657638898473628 ], [ 121.090694434492846, 14.657638898473797 ], [ 121.090694434493003, 14.657916676251743 ], [ 121.091249990048738, 14.657916676252082 ], [ 121.091249990048581, 14.657638898474135 ], [ 121.091805545604316, 14.657638898474465 ], [ 121.091805545604018, 14.657083342918567 ], [ 121.092916656715516, 14.657083342919258 ], [ 121.092916656715673, 14.657361120697205 ], [ 121.093194434493526, 14.657361120697374 ], [ 121.093194434493341, 14.657083342919426 ], [ 121.094027767827015, 14.657083342919931 ], [ 121.09402776782683, 14.656805565141987 ], [ 121.094305545604712, 14.656805565142148 ], [ 121.094305545604257, 14.655972231808295 ], [ 121.095138878937846, 14.655972231808811 ], [ 121.09513887893803, 14.656250009586756 ], [ 121.095416656715884, 14.656250009586925 ], [ 121.095416656716054, 14.656527787364881 ], [ 121.095694434493922, 14.656527787365047 ], [ 121.095694434494064, 14.656805565143001 ], [ 121.095972212271946, 14.65680556514317 ], [ 121.09597221227213, 14.657083342921124 ], [ 121.096249990049984, 14.657083342921295 ], [ 121.09624999005014, 14.657361120699244 ], [ 121.096527767827993, 14.657361120699411 ], [ 121.096527767828121, 14.657638898477362 ], [ 121.097361101161781, 14.657638898477865 ], [ 121.097361101160999, 14.656250009588117 ], [ 121.097638878938881, 14.656250009588286 ], [ 121.097638878938696, 14.655972231810338 ], [ 121.097916656716578, 14.655972231810496 ], [ 121.097916656716279, 14.655416676254614 ], [ 121.098749990049868, 14.655416676255124 ], [ 121.09874999005018, 14.655972231811015 ], [ 121.09930554560593, 14.655972231811356 ], [ 121.099305545605787, 14.655694454033409 ], [ 121.100694434495168, 14.655694454034258 ], [ 121.10069443449531, 14.655972231812198 ], [ 121.100972212273177, 14.655972231812367 ], [ 121.100972212272993, 14.655694454034428 ], [ 121.101527767828799, 14.65569445403476 ], [ 121.101527767828628, 14.655416676256815 ], [ 121.102916656717952, 14.655416676257662 ], [ 121.102916656718136, 14.65569445403561 ], [ 121.103472212273871, 14.655694454035944 ], [ 121.103472212274028, 14.655972231813896 ], [ 121.103749990051881, 14.655972231814065 ], [ 121.103749990052052, 14.656250009592016 ], [ 121.104027767829919, 14.656250009592185 ], [ 121.104027767829763, 14.65597223181423 ], [ 121.104305545607644, 14.655972231814403 ], [ 121.10430554560746, 14.655694454036452 ], [ 121.10458332338537, 14.655694454036629 ], [ 121.104583323385185, 14.655416676258676 ], [ 121.105694434496684, 14.65541667625936 ], [ 121.105694434496542, 14.655138898481406 ], [ 121.105972212274423, 14.655138898481574 ], [ 121.105972212274267, 14.654861120703616 ], [ 121.105694434496414, 14.654861120703455 ], [ 121.105694434496229, 14.654583342925504 ], [ 121.105416656718347, 14.654583342925338 ], [ 121.105416656718191, 14.654305565147384 ], [ 121.105138878940338, 14.654305565147215 ], [ 121.105138878940195, 14.654027787369259 ], [ 121.104583323384432, 14.654027787368921 ], [ 121.104583323384119, 14.653472231813019 ], [ 121.104861101162001, 14.653472231813195 ], [ 121.104861101161831, 14.653194454035244 ], [ 121.105138878939712, 14.653194454035406 ], [ 121.105138878939556, 14.652916676257467 ], [ 121.104861101161674, 14.65291667625729 ], [ 121.104861101161546, 14.65263889847936 ], [ 121.104583323383636, 14.652638898479173 ], [ 121.10458332338348, 14.652361120701228 ], [ 121.104305545605627, 14.652361120701054 ], [ 121.104305545605328, 14.651805565145152 ], [ 121.104027767827446, 14.651805565144979 ], [ 121.104027767827134, 14.651250009589091 ], [ 121.103472212271399, 14.651250009588741 ], [ 121.103472212270916, 14.650416676254894 ], [ 121.103194434493062, 14.650416676254723 ], [ 121.103194434492451, 14.649305565142926 ], [ 121.102916656714598, 14.649305565142758 ], [ 121.10291665671393, 14.64819445403095 ], [ 121.102638878936105, 14.648194454030778 ], [ 121.102638878935778, 14.647638898474876 ], [ 121.102083323380043, 14.647638898474536 ], [ 121.10208332337973, 14.647083342918647 ], [ 121.101805545601849, 14.647083342918473 ], [ 121.101805545601707, 14.646805565140525 ], [ 121.101249990045957, 14.646805565140168 ], [ 121.101249990045829, 14.646527787362229 ], [ 121.100138878934331, 14.646527787361553 ], [ 121.100138878934487, 14.646805565139497 ], [ 121.099861101156606, 14.646805565139335 ], [ 121.099861101156762, 14.647083342917282 ], [ 121.099583323378909, 14.647083342917114 ], [ 121.099583323379065, 14.647361120695072 ], [ 121.09763887893395, 14.647361120693875 ], [ 121.097638878934077, 14.64763889847182 ], [ 121.097083323378385, 14.647638898471495 ], [ 121.097083323378541, 14.647916676249443 ], [ 121.096805545600631, 14.647916676249272 ], [ 121.096805545600787, 14.64819445402722 ], [ 121.096527767822906, 14.648194454027047 ], [ 121.096527767823204, 14.648750009582949 ], [ 121.095416656711734, 14.648750009582274 ], [ 121.095416656711919, 14.649027787360229 ], [ 121.094583323378274, 14.64902778735971 ], [ 121.09458332337843, 14.649305565137658 ], [ 121.093194434489064, 14.649305565136824 ], [ 121.093194434488922, 14.649027787358865 ], [ 121.092916656711054, 14.649027787358706 ], [ 121.092916656711523, 14.649861120692545 ], [ 121.093472212267258, 14.649861120692899 ], [ 121.093472212267685, 14.650694454026739 ], [ 121.093194434489831, 14.650694454026571 ], [ 121.093194434489988, 14.650972231804511 ], [ 121.092916656712134, 14.650972231804349 ], [ 121.092916656712305, 14.651250009582304 ], [ 121.092638878934395, 14.651250009582135 ], [ 121.092638878934551, 14.65152778736007 ], [ 121.092361101156655, 14.65152778735991 ], [ 121.092361101156797, 14.651805565137861 ], [ 121.091527767823237, 14.65180556513735 ], [ 121.091527767823081, 14.651527787359402 ], [ 121.091249990045199, 14.65152778735923 ], [ 121.091249990045043, 14.651250009581291 ], [ 121.090972212267189, 14.65125000958111 ], [ 121.090972212267019, 14.650972231803166 ], [ 121.090694434489137, 14.650972231802994 ], [ 121.090694434489464, 14.651527787358892 ], [ 121.090972212267346, 14.651527787359058 ], [ 121.090972212267474, 14.651805565137016 ], [ 121.09069443448962, 14.651805565136851 ], [ 121.090694434489762, 14.652083342914791 ], [ 121.090138878934013, 14.652083342914461 ], [ 121.09013887893434, 14.652638898470363 ], [ 121.090416656712193, 14.652638898470531 ], [ 121.09041665671235, 14.652916676248475 ], [ 121.090694434490231, 14.652916676248642 ], [ 121.090694434490374, 14.65319445402659 ], [ 121.090972212268255, 14.653194454026764 ], [ 121.090972212268412, 14.653472231804706 ], [ 121.091249990046265, 14.653472231804876 ], [ 121.091249990046421, 14.653750009582826 ], [ 121.091527767824303, 14.653750009583003 ], [ 121.091527767824459, 14.654027787360958 ], [ 121.091805545602341, 14.654027787361125 ], [ 121.091805545602952, 14.655138898472924 ], [ 121.091249990047217, 14.65513889847259 ], [ 121.091249990047359, 14.655416676250542 ], [ 121.090972212269477, 14.655416676250365 ], [ 121.090972212269634, 14.655694454028316 ], [ 121.090416656713899, 14.655694454027982 ], [ 121.090416656713742, 14.655416676250031 ], [ 121.089861101157979, 14.655416676249684 ], [ 121.089861101158135, 14.655694454027644 ], [ 121.0893055456024, 14.655694454027302 ], [ 121.089305545602556, 14.655972231805245 ], [ 121.089027767824675, 14.655972231805084 ], [ 121.089027767824831, 14.656250009583022 ], [ 121.088749990046949, 14.656250009582857 ], [ 121.08874999004712, 14.656527787360821 ], [ 121.088487873866626, 14.656527787360652 ], [ 121.088491053047164, 14.656548139582913 ] ] ] ] } },
{ "type": "Feature", "properties": { "fid": 17, "DN": 14, "subcatchment_id": 3, "cn_composite_x": 82.09, "runoff_2yr_mm_x": 103.91, "rank_2yr_x": 11, "runoff_5yr_mm_x": 187.19, "rank_5yr_x": 11, "runoff_10yr_mm_x": 240.47, "rank_10yr_x": 11, "subcatchment_total_m2_x": 283033.82, "volume_2yr_m3_x": 29410.0, "vol_rank_2yr_x": 8, "volume_5yr_m3_x": 52981.1, "vol_rank_5yr_x": 9, "volume_10yr_m3_x": 68061.1, "vol_rank_10yr_x": 9, "cn_composite_y": 82.09, "runoff_2yr_mm_y": 103.91, "rank_2yr_y": 4, "runoff_5yr_mm_y": 187.19, "rank_5yr_y": 4, "runoff_10yr_mm_y": 240.47, "rank_10yr_y": 4, "subcatchment_total_m2_y": 283033.82, "volume_2yr_m3_y": 29410.0, "vol_rank_2yr_y": 8, "volume_5yr_m3_y": 52981.1, "vol_rank_5yr_y": 9, "volume_10yr_m3_y": 68061.1, "vol_rank_10yr_y": 9 }, "geometry": { "type": "MultiPolygon", "coordinates": [ [ [ [ 121.086800731042288, 14.648939846577186 ], [ 121.086759728042338, 14.648974375577195 ], [ 121.086723042042266, 14.648983007577176 ], [ 121.086548241042294, 14.64903479957707 ], [ 121.086259066042217, 14.649159965577004 ], [ 121.086043263042285, 14.64927218357691 ], [ 121.08592457104227, 14.649341239576916 ], [ 121.085900833042302, 14.649373610576887 ], [ 121.085883569042281, 14.649399506576897 ], [ 121.085866305042302, 14.649442667576936 ], [ 121.085855514042308, 14.64949445957698 ], [ 121.085778425042477, 14.64986545357713 ], [ 121.085682872042682, 14.650325300577368 ], [ 121.085611657042904, 14.65069432357757 ], [ 121.08559655104294, 14.650733168577542 ], [ 121.085572813042901, 14.650772012577571 ], [ 121.085525336042949, 14.650841069577595 ], [ 121.085446568042983, 14.650941058577594 ], [ 121.084975133043088, 14.651474238577627 ], [ 121.085016339043122, 14.651474006577658 ], [ 121.085229051043214, 14.651478400577815 ], [ 121.08529565304319, 14.651511701577848 ], [ 121.085345604043283, 14.651545002577929 ], [ 121.085399717043359, 14.651603278578008 ], [ 121.085420530043365, 14.651657391578018 ], [ 121.08543718104346, 14.651736481578078 ], [ 121.085403585043537, 14.651902047578185 ], [ 121.085397052043533, 14.651935232578198 ], [ 121.085107716043453, 14.652077249578086 ], [ 121.085130589043516, 14.652088150578102 ], [ 121.085172221043578, 14.652107268578161 ], [ 121.085262604043578, 14.652200878578295 ], [ 121.085349758043662, 14.652326768578408 ], [ 121.085424001043862, 14.652452658578516 ], [ 121.085478876043851, 14.652575319578618 ], [ 121.085501471043955, 14.652697981578726 ], [ 121.085478876043993, 14.652827099578806 ], [ 121.085453052044031, 14.652904570578837 ], [ 121.08542400104416, 14.653020775578879 ], [ 121.085398177044098, 14.6531111585789 ], [ 121.085369126044213, 14.653237048578948 ], [ 121.085359442044279, 14.653382305579081 ], [ 121.085366417044384, 14.653526393579138 ], [ 121.085789148044356, 14.653305155579263 ], [ 121.085830869044329, 14.653282136579309 ], [ 121.08587259104435, 14.653256240579301 ], [ 121.087126182044301, 14.65238883257949 ], [ 121.087335802044393, 14.652243787579579 ], [ 121.087485425044491, 14.652489803579833 ], [ 121.087498373044511, 14.652524331579821 ], [ 121.087512760044618, 14.652564614579882 ], [ 121.088035386045689, 14.654356707581311 ], [ 121.088317801045662, 14.654116169581334 ], [ 121.088944732046969, 14.656023574582887 ], [ 121.088925691047024, 14.65604578758292 ], [ 121.088774439047057, 14.656222239582881 ], [ 121.088483610047035, 14.656500491582921 ], [ 121.088487873866626, 14.656527787360652 ], [ 121.08874999004712, 14.656527787360821 ], [ 121.088749990046949, 14.656250009582857 ], [ 121.089027767824831, 14.656250009583022 ], [ 121.089027767824675, 14.655972231805084 ], [ 121.089305545602556, 14.655972231805245 ], [ 121.0893055456024, 14.655694454027302 ], [ 121.089861101158135, 14.655694454027644 ], [ 121.089861101157979, 14.655416676249684 ], [ 121.090416656713742, 14.655416676250031 ], [ 121.090416656713899, 14.655694454027982 ], [ 121.090972212269634, 14.655694454028316 ], [ 121.090972212269477, 14.655416676250365 ], [ 121.091249990047359, 14.655416676250542 ], [ 121.091249990047217, 14.65513889847259 ], [ 121.091805545602952, 14.655138898472924 ], [ 121.091805545602341, 14.654027787361125 ], [ 121.091527767824459, 14.654027787360958 ], [ 121.091527767824303, 14.653750009583003 ], [ 121.091249990046421, 14.653750009582826 ], [ 121.091249990046265, 14.653472231804876 ], [ 121.090972212268412, 14.653472231804706 ], [ 121.090972212268255, 14.653194454026764 ], [ 121.090694434490374, 14.65319445402659 ], [ 121.090694434490231, 14.652916676248642 ], [ 121.09041665671235, 14.652916676248475 ], [ 121.090416656712193, 14.652638898470531 ], [ 121.09013887893434, 14.652638898470363 ], [ 121.090138878934013, 14.652083342914461 ], [ 121.090694434489762, 14.652083342914791 ], [ 121.09069443448962, 14.651805565136851 ], [ 121.090972212267474, 14.651805565137016 ], [ 121.090972212267346, 14.651527787359058 ], [ 121.090694434489464, 14.651527787358892 ], [ 121.090694434489137, 14.650972231802994 ], [ 121.090416656711284, 14.650972231802825 ], [ 121.090416656711128, 14.650694454024872 ], [ 121.090138878933217, 14.6506944540247 ], [ 121.090138878933118, 14.650416676246758 ], [ 121.089861101155236, 14.650416676246577 ], [ 121.089861101155051, 14.650138898468626 ], [ 121.089583323377198, 14.650138898468461 ], [ 121.089583323377056, 14.64986112069051 ], [ 121.089305545599174, 14.649861120690348 ], [ 121.089305545599316, 14.650138898468295 ], [ 121.089027767821463, 14.65013889846813 ], [ 121.089027767821619, 14.650416676246074 ], [ 121.088749990043738, 14.650416676245905 ], [ 121.088749990043866, 14.650694454023851 ], [ 121.08819443448813, 14.650694454023517 ], [ 121.088194434487974, 14.650416676245563 ], [ 121.087916656710121, 14.650416676245394 ], [ 121.087916656709965, 14.650138898467439 ], [ 121.087638878932111, 14.650138898467278 ], [ 121.087638878931955, 14.649861120689334 ], [ 121.087361101154059, 14.649861120689168 ], [ 121.087361101153903, 14.64958334291121 ], [ 121.087083323376021, 14.649583342911036 ], [ 121.087083323375737, 14.64902778735515 ], [ 121.086805545597855, 14.649027787354974 ], [ 121.086805545597826, 14.648929529672516 ], [ 121.086800731042288, 14.648939846577186 ] ] ] ] } },
{ "type": "Feature", "properties": { "fid": 18, "DN": 20, "subcatchment_id": 4, "cn_composite_x": 79.69, "runoff_2yr_mm_x": 97.58, "rank_2yr_x": 13, "runoff_5yr_mm_x": 179.53, "rank_5yr_x": 13, "runoff_10yr_mm_x": 232.3, "rank_10yr_x": 13, "subcatchment_total_m2_x": 4186200.587, "volume_2yr_m3_x": 408489.5, "vol_rank_2yr_x": 1, "volume_5yr_m3_x": 751548.6, "vol_rank_5yr_x": 1, "volume_10yr_m3_x": 972454.4, "vol_rank_10yr_x": 1, "cn_composite_y": 79.69, "runoff_2yr_mm_y": 97.58, "rank_2yr_y": 6, "runoff_5yr_mm_y": 179.53, "rank_5yr_y": 6, "runoff_10yr_mm_y": 232.3, "rank_10yr_y": 6, "subcatchment_total_m2_y": 4186200.587, "volume_2yr_m3_y": 408489.5, "vol_rank_2yr_y": 1, "volume_5yr_m3_y": 751548.6, "vol_rank_5yr_y": 1, "volume_10yr_m3_y": 972454.4, "vol_rank_10yr_y": 1 }, "geometry": { "type": "MultiPolygon", "coordinates": [ [ [ [ 121.129404139975307, 14.646805565157365 ], [ 121.129305545611018, 14.646805565157301 ], [ 121.129305545610876, 14.646527787379354 ], [ 121.129027767833009, 14.646527787379183 ], [ 121.129027767832838, 14.646250009601237 ], [ 121.128749990054985, 14.646250009601065 ], [ 121.1287499900548, 14.645972231823116 ], [ 121.128194434499065, 14.645972231822782 ], [ 121.12819443449925, 14.646250009600722 ], [ 121.125694434498399, 14.646250009599198 ], [ 121.125694434498541, 14.646527787377156 ], [ 121.125138878942806, 14.646527787376815 ], [ 121.125138878942636, 14.646250009598855 ], [ 121.124861101164782, 14.646250009598697 ], [ 121.12486110116447, 14.645694454042792 ], [ 121.125138878942323, 14.64569445404296 ], [ 121.125138878942195, 14.645416676265013 ], [ 121.125416656720049, 14.64541667626518 ], [ 121.125416656719906, 14.645138898487231 ], [ 121.125138878942039, 14.645138898487051 ], [ 121.12513887894174, 14.644583342931153 ], [ 121.124861101163859, 14.64458334293098 ], [ 121.124861101163702, 14.64430556515304 ], [ 121.124583323385821, 14.644305565152864 ], [ 121.124583323385679, 14.644027787374917 ], [ 121.123749990052062, 14.644027787374418 ], [ 121.123749990051905, 14.643750009596467 ], [ 121.123472212274024, 14.643750009596301 ], [ 121.12347221227418, 14.64402778737424 ], [ 121.122361101162682, 14.644027787373565 ], [ 121.122361101162824, 14.644305565151511 ], [ 121.12208332338497, 14.644305565151338 ], [ 121.122083323385127, 14.644583342929289 ], [ 121.12124999005151, 14.644583342928771 ], [ 121.121249990051666, 14.644861120706745 ], [ 121.120972212273784, 14.644861120706564 ], [ 121.120972212273927, 14.645138898484523 ], [ 121.120416656718191, 14.645138898484166 ], [ 121.120416656718376, 14.64541667626213 ], [ 121.119861101162641, 14.645416676261783 ], [ 121.119861101162925, 14.645972231817685 ], [ 121.119305545607205, 14.645972231817355 ], [ 121.119305545607332, 14.646250009595294 ], [ 121.119027767829451, 14.646250009595128 ], [ 121.119027767829635, 14.646527787373088 ], [ 121.118472212273872, 14.646527787372747 ], [ 121.118472212274, 14.646805565150697 ], [ 121.117638878940411, 14.646805565150183 ], [ 121.117638878940099, 14.646250009594276 ], [ 121.116805545606482, 14.646250009593773 ], [ 121.116805545606638, 14.646527787371728 ], [ 121.116249990050903, 14.64652778737139 ], [ 121.116249990051841, 14.648194454039089 ], [ 121.115972212273959, 14.648194454038912 ], [ 121.115972212274286, 14.648750009594815 ], [ 121.11569443449639, 14.648750009594654 ], [ 121.115694434496234, 14.648472231816699 ], [ 121.115138878940499, 14.648472231816362 ], [ 121.115138878940641, 14.648750009594307 ], [ 121.114583323384892, 14.648750009593966 ], [ 121.114583323384736, 14.648472231816028 ], [ 121.113472212273237, 14.648472231815346 ], [ 121.113472212273408, 14.648750009593298 ], [ 121.113194434495526, 14.648750009593124 ], [ 121.113194434495682, 14.649027787371081 ], [ 121.112916656717829, 14.64902778737091 ], [ 121.112916656717957, 14.649305565148861 ], [ 121.112638878940132, 14.649305565148692 ], [ 121.112638878940274, 14.649583342926645 ], [ 121.11208332338451, 14.649583342926293 ], [ 121.112083323384979, 14.650416676260148 ], [ 121.112361101162833, 14.650416676260317 ], [ 121.11236110116316, 14.650972231816223 ], [ 121.111527767829543, 14.650972231815707 ], [ 121.111527767829642, 14.651250009593662 ], [ 121.111249990051817, 14.65125000959349 ], [ 121.111249990051988, 14.651527787371441 ], [ 121.110972212274106, 14.651527787371272 ], [ 121.110972212274262, 14.651805565149223 ], [ 121.109861101162764, 14.651805565148551 ], [ 121.10986110116292, 14.65208334292649 ], [ 121.109583323385067, 14.652083342926328 ], [ 121.109583323385493, 14.652916676260167 ], [ 121.10930554560764, 14.652916676260013 ], [ 121.109305545607768, 14.653194454037962 ], [ 121.109027767829915, 14.653194454037791 ], [ 121.109027767830085, 14.653472231815735 ], [ 121.106805545607116, 14.653472231814378 ], [ 121.106805545606946, 14.653194454036436 ], [ 121.106527767829078, 14.653194454036262 ], [ 121.106527767828752, 14.652638898480362 ], [ 121.105694434495163, 14.652638898479854 ], [ 121.105694434495007, 14.652361120701906 ], [ 121.105416656717097, 14.65236112070173 ], [ 121.105416656717438, 14.652916676257627 ], [ 121.105138878939556, 14.652916676257467 ], [ 121.105138878939712, 14.653194454035406 ], [ 121.104861101161831, 14.653194454035244 ], [ 121.104861101162001, 14.653472231813195 ], [ 121.104583323384119, 14.653472231813019 ], [ 121.104583323384432, 14.654027787368921 ], [ 121.105138878940195, 14.654027787369259 ], [ 121.105138878940338, 14.654305565147215 ], [ 121.105416656718191, 14.654305565147384 ], [ 121.105416656718347, 14.654583342925338 ], [ 121.105694434496229, 14.654583342925504 ], [ 121.105694434496414, 14.654861120703455 ], [ 121.105972212274267, 14.654861120703616 ], [ 121.105972212274423, 14.655138898481574 ], [ 121.105694434496542, 14.655138898481406 ], [ 121.105694434496684, 14.65541667625936 ], [ 121.104583323385185, 14.655416676258676 ], [ 121.10458332338537, 14.655694454036629 ], [ 121.10430554560746, 14.655694454036452 ], [ 121.104305545607644, 14.655972231814403 ], [ 121.104027767829763, 14.65597223181423 ], [ 121.104027767829919, 14.656250009592185 ], [ 121.103749990052052, 14.656250009592016 ], [ 121.103749990051881, 14.655972231814065 ], [ 121.103472212274028, 14.655972231813896 ], [ 121.103472212273871, 14.655694454035944 ], [ 121.102916656718136, 14.65569445403561 ], [ 121.102916656717952, 14.655416676257662 ], [ 121.101527767828628, 14.655416676256815 ], [ 121.101527767828799, 14.65569445403476 ], [ 121.100972212272993, 14.655694454034428 ], [ 121.100972212273177, 14.655972231812367 ], [ 121.10069443449531, 14.655972231812198 ], [ 121.100694434495168, 14.655694454034258 ], [ 121.099305545605787, 14.655694454033409 ], [ 121.09930554560593, 14.655972231811356 ], [ 121.09874999005018, 14.655972231811015 ], [ 121.098749990049868, 14.655416676255124 ], [ 121.097916656716279, 14.655416676254614 ], [ 121.097916656716578, 14.655972231810496 ], [ 121.097638878938696, 14.655972231810338 ], [ 121.097638878938881, 14.656250009588286 ], [ 121.097361101160999, 14.656250009588117 ], [ 121.097361101161781, 14.657638898477865 ], [ 121.096527767828121, 14.657638898477362 ], [ 121.096527767828277, 14.657916676255313 ], [ 121.096805545606159, 14.657916676255473 ], [ 121.096805545606301, 14.658194454033429 ], [ 121.097083323384211, 14.658194454033602 ], [ 121.097083323384368, 14.65847223181154 ], [ 121.097361101162221, 14.658472231811713 ], [ 121.097361101162392, 14.658750009589669 ], [ 121.097638878940259, 14.658750009589838 ], [ 121.097638878940387, 14.659027787367792 ], [ 121.097916656718283, 14.659027787367945 ], [ 121.097916656718411, 14.659305565145905 ], [ 121.098194434496321, 14.65930556514607 ], [ 121.098194434496477, 14.659583342924034 ], [ 121.098472212274331, 14.65958334292421 ], [ 121.098472212274459, 14.659861120702146 ], [ 121.09874999005234, 14.659861120702313 ], [ 121.098749990052497, 14.66013889848027 ], [ 121.099027767830364, 14.660138898480438 ], [ 121.099027767830549, 14.660416676258386 ], [ 121.099305545608402, 14.660416676258547 ], [ 121.099305545608559, 14.660694454036502 ], [ 121.09958332338644, 14.660694454036678 ], [ 121.099583323386724, 14.661250009592585 ], [ 121.099861101164592, 14.66125000959275 ], [ 121.099861101164777, 14.661527787370693 ], [ 121.100694434498394, 14.661527787371199 ], [ 121.10069443449855, 14.661805565149162 ], [ 121.101527767832138, 14.661805565149674 ], [ 121.10152776783184, 14.661250009593765 ], [ 121.102083323387589, 14.661250009594113 ], [ 121.10208332338739, 14.660972231816151 ], [ 121.102361101165329, 14.66097223181632 ], [ 121.102361101165471, 14.661250009594271 ], [ 121.102916656721192, 14.661250009594616 ], [ 121.102916656721035, 14.660972231816666 ], [ 121.103194434498917, 14.660972231816832 ], [ 121.103194434499073, 14.661250009594781 ], [ 121.103472212276955, 14.661250009594951 ], [ 121.103472212277225, 14.661805565150845 ], [ 121.103749990055107, 14.661805565151019 ], [ 121.10374999005559, 14.662638898484868 ], [ 121.104027767833472, 14.662638898485044 ], [ 121.1040277678336, 14.662916676262983 ], [ 121.104305545611481, 14.662916676263164 ], [ 121.104305545611183, 14.662361120707262 ], [ 121.104583323389036, 14.662361120707427 ], [ 121.104583323388908, 14.662083342929476 ], [ 121.104861101166762, 14.662083342929645 ], [ 121.104861101166634, 14.661805565151699 ], [ 121.105694434500251, 14.661805565152212 ], [ 121.105694434500407, 14.662083342930163 ], [ 121.106527767834024, 14.662083342930668 ], [ 121.106527767834152, 14.66236112070863 ], [ 121.107083323389858, 14.662361120708953 ], [ 121.107083323390498, 14.66347223182076 ], [ 121.107916656724115, 14.663472231821267 ], [ 121.107916656724413, 14.664027787377155 ], [ 121.108472212280176, 14.664027787377504 ], [ 121.108472212280333, 14.664305565155455 ], [ 121.109027767836068, 14.6643055651558 ], [ 121.10902776783638, 14.664861120711686 ], [ 121.109305545614234, 14.66486112071186 ], [ 121.109305545614433, 14.665138898489827 ], [ 121.110416656725903, 14.665138898490492 ], [ 121.110416656726059, 14.665416676268443 ], [ 121.111249990059704, 14.665416676268954 ], [ 121.111249990060003, 14.665972231824847 ], [ 121.111527767837842, 14.665972231825013 ], [ 121.111527767837984, 14.66625000960298 ], [ 121.112361101171615, 14.666250009603475 ], [ 121.112361101171757, 14.666527787381421 ], [ 121.113194434505374, 14.666527787381938 ], [ 121.11319443450553, 14.666805565159883 ], [ 121.113472212283412, 14.666805565160061 ], [ 121.113472212283568, 14.667083342938003 ], [ 121.114027767839303, 14.66708334293835 ], [ 121.114027767838991, 14.666527787382439 ], [ 121.115416656728343, 14.666527787383293 ], [ 121.115416656728073, 14.665972231827398 ], [ 121.117361101173188, 14.665972231828581 ], [ 121.117361101173003, 14.665694454050634 ], [ 121.117638878950856, 14.665694454050804 ], [ 121.117638878950245, 14.664583342938998 ], [ 121.117916656728127, 14.664583342939171 ], [ 121.117916656727644, 14.663750009605319 ], [ 121.117638878949791, 14.663750009605145 ], [ 121.117638878949634, 14.663472231827207 ], [ 121.117361101171781, 14.663472231827036 ], [ 121.117361101171639, 14.663194454049078 ], [ 121.117083323393729, 14.663194454048909 ], [ 121.117083323392805, 14.661527787381207 ], [ 121.117361101170715, 14.661527787381376 ], [ 121.117361101170388, 14.660972231825486 ], [ 121.117638878948242, 14.660972231825658 ], [ 121.117638878948085, 14.660694454047704 ], [ 121.117916656725967, 14.660694454047876 ], [ 121.117916656725811, 14.660416676269925 ], [ 121.118194434503678, 14.660416676270085 ], [ 121.11819443450355, 14.66013889849215 ], [ 121.118472212281404, 14.660138898492308 ], [ 121.118472212281247, 14.659861120714364 ], [ 121.119305545614864, 14.659861120714869 ], [ 121.119305545614566, 14.659305565158965 ], [ 121.119583323392447, 14.659305565159139 ], [ 121.119583323392291, 14.659027787381188 ], [ 121.120972212281643, 14.659027787382044 ], [ 121.120972212281487, 14.658750009604093 ], [ 121.12152776783725, 14.658750009604427 ], [ 121.121527767836952, 14.658194454048525 ], [ 121.121805545614833, 14.658194454048706 ], [ 121.121805545614677, 14.657916676270739 ], [ 121.122638878948266, 14.657916676271245 ], [ 121.122638878948138, 14.65763889849331 ], [ 121.122916656725977, 14.657638898493468 ], [ 121.12291665672582, 14.657361120715528 ], [ 121.123194434503702, 14.6573611207157 ], [ 121.123194434503233, 14.656527787381851 ], [ 121.123472212281101, 14.656527787382009 ], [ 121.123472212280973, 14.656250009604065 ], [ 121.123749990058798, 14.65625000960423 ], [ 121.123749990058982, 14.656527787382181 ], [ 121.125416656726216, 14.656527787383201 ], [ 121.125416656726088, 14.656250009605248 ], [ 121.125694434503941, 14.656250009605419 ], [ 121.125694434503757, 14.655972231827462 ], [ 121.125972212281667, 14.655972231827628 ], [ 121.125972212281368, 14.655416676271738 ], [ 121.125694434503487, 14.655416676271573 ], [ 121.12569443450333, 14.655138898493609 ], [ 121.125972212281212, 14.655138898493782 ], [ 121.125972212281027, 14.654861120715836 ], [ 121.126249990058909, 14.654861120716008 ], [ 121.126249990058767, 14.654583342938061 ], [ 121.127361101170209, 14.654583342938734 ], [ 121.127361101169896, 14.654027787382836 ], [ 121.127638878947778, 14.654027787382995 ], [ 121.12763887894765, 14.653750009605053 ], [ 121.127916656725532, 14.653750009605222 ], [ 121.127916656725233, 14.65319445404932 ], [ 121.128472212280968, 14.653194454049654 ], [ 121.128472212280784, 14.652916676271714 ], [ 121.128749990058665, 14.652916676271882 ], [ 121.128749990058537, 14.652638898493928 ], [ 121.129027767836376, 14.6526388984941 ], [ 121.12902776783622, 14.652361120716149 ], [ 121.129583323391984, 14.652361120716485 ], [ 121.129583323391827, 14.652083342938537 ], [ 121.130138878947562, 14.652083342938882 ], [ 121.130138878945885, 14.648969267570024 ], [ 121.129404139975307, 14.646805565157365 ] ] ] ] } },
{ "type": "Feature", "properties": { "fid": 19, "DN": 28, "subcatchment_id": 5, "cn_composite_x": 75.09, "runoff_2yr_mm_x": 85.81, "rank_2yr_x": 18, "runoff_5yr_mm_x": 164.76, "rank_5yr_x": 18, "runoff_10yr_mm_x": 216.32, "rank_10yr_x": 18, "subcatchment_total_m2_x": 3712315.774, "volume_2yr_m3_x": 318553.8, "vol_rank_2yr_x": 4, "volume_5yr_m3_x": 611641.1, "vol_rank_5yr_x": 4, "volume_10yr_m3_x": 803048.1, "vol_rank_10yr_x": 4, "cn_composite_y": 75.09, "runoff_2yr_mm_y": 85.81, "rank_2yr_y": 9, "runoff_5yr_mm_y": 164.76, "rank_5yr_y": 9, "runoff_10yr_mm_y": 216.32, "rank_10yr_y": 9, "subcatchment_total_m2_y": 3712315.774, "volume_2yr_m3_y": 318553.8, "vol_rank_2yr_y": 4, "volume_5yr_m3_y": 611641.1, "vol_rank_5yr_y": 4, "volume_10yr_m3_y": 803048.1, "vol_rank_10yr_y": 4 }, "geometry": { "type": "MultiPolygon", "coordinates": [ [ [ [ 121.10915639704298, 14.636386859583038 ], [ 121.108976662042863, 14.636405779582935 ], [ 121.108692870042816, 14.63647199758279 ], [ 121.108536072042838, 14.636495859582739 ], [ 121.108344134042653, 14.636399890582521 ], [ 121.10816285904248, 14.636261268582313 ], [ 121.107949595042371, 14.636101320582121 ], [ 121.107800310042222, 14.635984024581967 ], [ 121.107693677042121, 14.635802750581789 ], [ 121.10757638204197, 14.635632138581574 ], [ 121.10742709704185, 14.635525506581443 ], [ 121.107277812041715, 14.635344231581248 ], [ 121.107149853041577, 14.635184283581033 ], [ 121.107139190041408, 14.634939029580892 ], [ 121.107075211041334, 14.63474709158073 ], [ 121.106957915041264, 14.634640459580607 ], [ 121.106872610041151, 14.634448521580429 ], [ 121.106680672040895, 14.634181941580135 ], [ 121.10589043404012, 14.633347044579128 ], [ 121.10586448804014, 14.633301762579105 ], [ 121.105855558040048, 14.633208001579034 ], [ 121.105788586039978, 14.63314549357896 ], [ 121.105748403039925, 14.633069591578904 ], [ 121.105699290039936, 14.633016014578814 ], [ 121.10569929003988, 14.632949041578778 ], [ 121.105672501039862, 14.632882069578704 ], [ 121.10566357103977, 14.632779378578643 ], [ 121.105578740039675, 14.632699012578522 ], [ 121.105498373039637, 14.632654363578483 ], [ 121.105462654039542, 14.63252488457837 ], [ 121.105458190039471, 14.632413263578268 ], [ 121.105502838039442, 14.632319502578273 ], [ 121.10559659903943, 14.632239135578272 ], [ 121.105676966039439, 14.632176628578293 ], [ 121.105739473039435, 14.632096261578274 ], [ 121.105815375039398, 14.632029289578252 ], [ 121.105801981039278, 14.631917668578208 ], [ 121.105726079039243, 14.631734611578032 ], [ 121.105690360039105, 14.631649779577934 ], [ 121.105650177039067, 14.631556018577884 ], [ 121.105578740038993, 14.63143546857774 ], [ 121.105520697039012, 14.631377426577698 ], [ 121.105471584038852, 14.631247946577592 ], [ 121.105467119038792, 14.631105072577496 ], [ 121.105484979038678, 14.630975592577425 ], [ 121.105502838038547, 14.630783605577317 ], [ 121.1055206970386, 14.630663055577232 ], [ 121.105534091038535, 14.630569294577171 ], [ 121.105493908038454, 14.630417490577083 ], [ 121.10547604903833, 14.630319264577029 ], [ 121.105444795038238, 14.630185319576903 ], [ 121.105409077038232, 14.630073699576826 ], [ 121.105275132038173, 14.630046910576727 ], [ 121.105145652038047, 14.630011191576578 ], [ 121.105051891037931, 14.629953149576508 ], [ 121.105034032037963, 14.629886176576465 ], [ 121.104989428037683, 14.629394910576144 ], [ 121.104959156037467, 14.629015346575873 ], [ 121.104914308037067, 14.628364594575425 ], [ 121.104779763036689, 14.627865685575042 ], [ 121.104645218036509, 14.627453542574711 ], [ 121.104376129036197, 14.627236625574401 ], [ 121.104129463036031, 14.626954632574094 ], [ 121.103836615035817, 14.626708202573763 ], [ 121.10393968603573, 14.62642965957361 ], [ 121.104027767813292, 14.626232650630367 ], [ 121.104027767813164, 14.625972231795583 ], [ 121.103749990035283, 14.625972231795407 ], [ 121.103749990034956, 14.625416676239505 ], [ 121.103472212257103, 14.625416676239331 ], [ 121.103472212257259, 14.625694454017278 ], [ 121.103194434479377, 14.625694454017122 ], [ 121.103194434479548, 14.625972231795069 ], [ 121.102916656701666, 14.625972231794892 ], [ 121.102916656702106, 14.626805565128736 ], [ 121.102638878924253, 14.62680556512858 ], [ 121.102638878924552, 14.627361120684485 ], [ 121.101805545590935, 14.627361120683975 ], [ 121.101805545591091, 14.627638898461926 ], [ 121.101527767813238, 14.627638898461754 ], [ 121.10152776781338, 14.627916676239703 ], [ 121.101249990035527, 14.62791667623954 ], [ 121.101249990035654, 14.628194454017478 ], [ 121.100972212257773, 14.628194454017319 ], [ 121.100972212257929, 14.628472231795268 ], [ 121.100694434480076, 14.628472231795104 ], [ 121.100694434480246, 14.628750009573052 ], [ 121.100138878924511, 14.628750009572716 ], [ 121.100138878924156, 14.628194454016811 ], [ 121.099583323368449, 14.628194454016469 ], [ 121.099583323368265, 14.627916676238518 ], [ 121.09902776781253, 14.627916676238183 ], [ 121.099027767812387, 14.627638898460228 ], [ 121.098472212256624, 14.627638898459887 ], [ 121.098472212256468, 14.627361120681934 ], [ 121.098194434478643, 14.627361120681771 ], [ 121.098194434478941, 14.627916676237673 ], [ 121.097916656701031, 14.627916676237492 ], [ 121.09791665670167, 14.629027787349312 ], [ 121.097638878923789, 14.629027787349139 ], [ 121.097638878923917, 14.629305565127078 ], [ 121.097083323368238, 14.629305565126744 ], [ 121.097083323368381, 14.629583342904708 ], [ 121.09624999003475, 14.629583342904192 ], [ 121.096249990034622, 14.629305565126238 ], [ 121.09597221225674, 14.629305565126069 ], [ 121.095972212257323, 14.630416676237873 ], [ 121.095694434479441, 14.630416676237708 ], [ 121.095694434479768, 14.63097223179361 ], [ 121.095972212257649, 14.630972231793779 ], [ 121.095972212258232, 14.632083342905585 ], [ 121.095138878924644, 14.632083342905064 ], [ 121.095138878924942, 14.632638898460975 ], [ 121.094861101147075, 14.63263889846081 ], [ 121.094861101147828, 14.634027787350558 ], [ 121.095416656703591, 14.634027787350899 ], [ 121.095416656703776, 14.634305565128843 ], [ 121.095694434481629, 14.634305565129015 ], [ 121.095694434482368, 14.635694454018767 ], [ 121.09597221226025, 14.635694454018937 ], [ 121.095972212260577, 14.636250009574839 ], [ 121.096249990038459, 14.636250009575015 ], [ 121.096249990038757, 14.636805565130913 ], [ 121.095972212260861, 14.636805565130741 ], [ 121.095972212261032, 14.637083342908699 ], [ 121.09569443448315, 14.637083342908523 ], [ 121.095694434483761, 14.638194454020331 ], [ 121.096805545595231, 14.638194454021008 ], [ 121.096805545596027, 14.639583342910759 ], [ 121.097083323373909, 14.639583342910919 ], [ 121.097083323374065, 14.639861120688879 ], [ 121.097361101151947, 14.639861120689041 ], [ 121.097361101152828, 14.64152778735675 ], [ 121.097083323374974, 14.641527787356573 ], [ 121.097083323375159, 14.641805565134533 ], [ 121.096527767819367, 14.641805565134195 ], [ 121.096527767819666, 14.642361120690088 ], [ 121.096249990041812, 14.64236112068992 ], [ 121.096249990041997, 14.642638898467867 ], [ 121.096527767819822, 14.642638898468048 ], [ 121.096527767819978, 14.642916676245996 ], [ 121.096249990042125, 14.642916676245818 ], [ 121.096249990042296, 14.643194454023782 ], [ 121.096527767820135, 14.643194454023947 ], [ 121.096527767820618, 14.644027787357796 ], [ 121.096805545598471, 14.644027787357969 ], [ 121.096805545599082, 14.645138898469765 ], [ 121.097083323376964, 14.645138898469931 ], [ 121.097083323377134, 14.645416676247875 ], [ 121.097916656710751, 14.6454166762484 ], [ 121.097916656710879, 14.645694454026339 ], [ 121.098472212266614, 14.645694454026689 ], [ 121.09847221226677, 14.645972231804633 ], [ 121.098194434488946, 14.645972231804473 ], [ 121.0981944344894, 14.64680556513831 ], [ 121.09791665671149, 14.646805565138141 ], [ 121.097916656711675, 14.647083342916108 ], [ 121.09736110115594, 14.647083342915753 ], [ 121.097361101156238, 14.64763889847166 ], [ 121.097638878934077, 14.64763889847182 ], [ 121.09763887893395, 14.647361120693875 ], [ 121.099583323379065, 14.647361120695072 ], [ 121.099583323378909, 14.647083342917114 ], [ 121.099861101156762, 14.647083342917282 ], [ 121.099861101156606, 14.646805565139335 ], [ 121.100138878934487, 14.646805565139497 ], [ 121.100138878934331, 14.646527787361553 ], [ 121.101249990045829, 14.646527787362229 ], [ 121.101249990045957, 14.646805565140168 ], [ 121.101805545601707, 14.646805565140525 ], [ 121.101805545601849, 14.647083342918473 ], [ 121.10208332337973, 14.647083342918647 ], [ 121.102083323380043, 14.647638898474536 ], [ 121.102638878935778, 14.647638898474876 ], [ 121.102638878936105, 14.648194454030778 ], [ 121.10291665671393, 14.64819445403095 ], [ 121.102916656714598, 14.649305565142758 ], [ 121.103194434492451, 14.649305565142926 ], [ 121.103194434493062, 14.650416676254723 ], [ 121.103472212270916, 14.650416676254894 ], [ 121.103472212271399, 14.651250009588741 ], [ 121.104027767827134, 14.651250009589091 ], [ 121.104027767827446, 14.651805565144979 ], [ 121.104305545605328, 14.651805565145152 ], [ 121.104305545605627, 14.652361120701054 ], [ 121.10458332338348, 14.652361120701228 ], [ 121.104583323383636, 14.652638898479173 ], [ 121.104861101161546, 14.65263889847936 ], [ 121.104861101161674, 14.65291667625729 ], [ 121.105416656717438, 14.652916676257627 ], [ 121.105416656717097, 14.65236112070173 ], [ 121.105694434495007, 14.652361120701906 ], [ 121.105694434495163, 14.652638898479854 ], [ 121.106527767828752, 14.652638898480362 ], [ 121.106527767829078, 14.653194454036262 ], [ 121.106805545606946, 14.653194454036436 ], [ 121.106805545607116, 14.653472231814378 ], [ 121.109027767830085, 14.653472231815735 ], [ 121.109027767829915, 14.653194454037791 ], [ 121.109305545607768, 14.653194454037962 ], [ 121.10930554560764, 14.652916676260013 ], [ 121.109583323385493, 14.652916676260167 ], [ 121.109583323385067, 14.652083342926328 ], [ 121.10986110116292, 14.65208334292649 ], [ 121.109861101162764, 14.651805565148551 ], [ 121.110972212274262, 14.651805565149223 ], [ 121.110972212274106, 14.651527787371272 ], [ 121.111249990051988, 14.651527787371441 ], [ 121.111249990051817, 14.65125000959349 ], [ 121.111527767829642, 14.651250009593662 ], [ 121.111527767829543, 14.650972231815707 ], [ 121.11236110116316, 14.650972231816223 ], [ 121.112361101162833, 14.650416676260317 ], [ 121.112083323384979, 14.650416676260148 ], [ 121.11208332338451, 14.649583342926293 ], [ 121.112638878940274, 14.649583342926645 ], [ 121.112638878940132, 14.649305565148692 ], [ 121.112916656717957, 14.649305565148861 ], [ 121.112916656717829, 14.64902778737091 ], [ 121.113194434495682, 14.649027787371081 ], [ 121.113194434495526, 14.648750009593124 ], [ 121.113472212273408, 14.648750009593298 ], [ 121.113472212273237, 14.648472231815346 ], [ 121.114583323384736, 14.648472231816028 ], [ 121.114583323384892, 14.648750009593966 ], [ 121.115138878940641, 14.648750009594307 ], [ 121.115138878940499, 14.648472231816362 ], [ 121.115694434496234, 14.648472231816699 ], [ 121.11569443449639, 14.648750009594654 ], [ 121.115972212274286, 14.648750009594815 ], [ 121.115972212273959, 14.648194454038912 ], [ 121.116249990051841, 14.648194454039089 ], [ 121.116249990050903, 14.64652778737139 ], [ 121.116805545606638, 14.646527787371728 ], [ 121.116805545606482, 14.646250009593773 ], [ 121.117361101162274, 14.646250009594111 ], [ 121.117361101161791, 14.64541667626027 ], [ 121.117083323383881, 14.645416676260092 ], [ 121.117083323383724, 14.645138898482141 ], [ 121.116527767828018, 14.645138898481804 ], [ 121.116527767827861, 14.64486112070386 ], [ 121.11624999004998, 14.644861120703688 ], [ 121.116249990049823, 14.644583342925729 ], [ 121.11597221227197, 14.644583342925561 ], [ 121.115972212271643, 14.644027787369666 ], [ 121.11569443449379, 14.644027787369497 ], [ 121.115694434493633, 14.64375000959155 ], [ 121.115416656715752, 14.643750009591376 ], [ 121.115416656715453, 14.64319445403547 ], [ 121.1151388789376, 14.643194454035317 ], [ 121.115138878936804, 14.641805565145553 ], [ 121.114861101158951, 14.641805565145392 ], [ 121.114861101158496, 14.640972231811531 ], [ 121.114583323380586, 14.640972231811357 ], [ 121.114583323380302, 14.640416676255464 ], [ 121.11430554560242, 14.64041667625529 ], [ 121.114305545602249, 14.640138898477344 ], [ 121.114027767824368, 14.640138898477163 ], [ 121.11402776782424, 14.639861120699219 ], [ 121.114305545602122, 14.639861120699376 ], [ 121.114305545601795, 14.639305565143474 ], [ 121.114027767823927, 14.639305565143321 ], [ 121.114027767823785, 14.639027787365359 ], [ 121.113749990045903, 14.639027787365197 ], [ 121.113749990045747, 14.638750009587246 ], [ 121.113472212267865, 14.638750009587078 ], [ 121.113472212267709, 14.638472231809121 ], [ 121.113194434489827, 14.638472231808956 ], [ 121.113194434489529, 14.637916676253051 ], [ 121.112916656711676, 14.637916676252877 ], [ 121.112916656711519, 14.637638898474934 ], [ 121.112638878933637, 14.637638898474766 ], [ 121.112638878933481, 14.637361120696815 ], [ 121.112361101155628, 14.637361120696642 ], [ 121.112361101155457, 14.637083342918686 ], [ 121.11208332337759, 14.637083342918521 ], [ 121.112083323377774, 14.637361120696481 ], [ 121.110138878932631, 14.63736112069529 ], [ 121.110138878932503, 14.637083342917334 ], [ 121.109861101154593, 14.637083342917165 ], [ 121.109861101154451, 14.636805565139227 ], [ 121.109583323376597, 14.636805565139056 ], [ 121.109583323376413, 14.636527787361091 ], [ 121.109305545598559, 14.636527787360926 ], [ 121.109305545598474, 14.636362001315346 ], [ 121.10915639704298, 14.636386859583038 ] ] ] ] } },
{ "type": "Feature", "properties": { "fid": 22, "DN": 30, "subcatchment_id": 6, "cn_composite_x": 82.52, "runoff_2yr_mm_x": 105.05, "rank_2yr_x": 10, "runoff_5yr_mm_x": 188.56, "rank_5yr_x": 10, "runoff_10yr_mm_x": 241.92, "rank_10yr_x": 10, "subcatchment_total_m2_x": 1282122.204, "volume_2yr_m3_x": 134686.9, "vol_rank_2yr_x": 6, "volume_5yr_m3_x": 241757.0, "vol_rank_5yr_x": 6, "volume_10yr_m3_x": 310171.0, "vol_rank_10yr_x": 6, "cn_composite_y": 82.52, "runoff_2yr_mm_y": 105.05, "rank_2yr_y": 3, "runoff_5yr_mm_y": 188.56, "rank_5yr_y": 3, "runoff_10yr_mm_y": 241.92, "rank_10yr_y": 3, "subcatchment_total_m2_y": 1282122.204, "volume_2yr_m3_y": 134686.9, "vol_rank_2yr_y": 6, "volume_5yr_m3_y": 241757.0, "vol_rank_5yr_y": 6, "volume_10yr_m3_y": 310171.0, "vol_rank_10yr_y": 6 }, "geometry": { "type": "MultiPolygon", "coordinates": [ [ [ [ 121.129807444048808, 14.634280727594323 ], [ 121.12964043204876, 14.634283939594194 ], [ 121.129479844048603, 14.634226127594097 ], [ 121.129415609048607, 14.634293574594095 ], [ 121.129389914048687, 14.634409198594136 ], [ 121.129354585048816, 14.634515186594154 ], [ 121.129293562048801, 14.634608327594201 ], [ 121.129184362048775, 14.634682198594174 ], [ 121.129113703048759, 14.634711104594158 ], [ 121.129014138048717, 14.634720739594064 ], [ 121.128927420048782, 14.634784974594087 ], [ 121.128863185048701, 14.634784974594046 ], [ 121.128824644048734, 14.634865268594059 ], [ 121.128718656048733, 14.63487490359403 ], [ 121.128561279048768, 14.634942350593972 ], [ 121.128442444048659, 14.634980892593884 ], [ 121.12833966804871, 14.63500658659388 ], [ 121.128240103048682, 14.635051550593836 ], [ 121.128047397048704, 14.635250680593833 ], [ 121.127915715048786, 14.635363092593847 ], [ 121.12781293804872, 14.635440174593803 ], [ 121.127710162048771, 14.635491562593796 ], [ 121.127694103048768, 14.635501197593772 ], [ 121.127568844048753, 14.635613609593786 ], [ 121.127453221048853, 14.635726021593792 ], [ 121.127353656048825, 14.635803103593751 ], [ 121.127327962048852, 14.635832009593772 ], [ 121.127257303048836, 14.635915515593776 ], [ 121.127186644048848, 14.635966903593742 ], [ 121.12710635004882, 14.635966903593697 ], [ 121.127029268048702, 14.635960480593631 ], [ 121.126958609048799, 14.635934786593594 ], [ 121.12688795004874, 14.635918727593532 ], [ 121.126823715048644, 14.635915515593515 ], [ 121.126759480048634, 14.635886609593443 ], [ 121.126669550048646, 14.635889821593423 ], [ 121.126502539048531, 14.635889821593318 ], [ 121.126415821048482, 14.635886609593234 ], [ 121.126386915048471, 14.635889821593242 ], [ 121.126335527048511, 14.635899456593188 ], [ 121.126271292048486, 14.635899456593155 ], [ 121.126187786048476, 14.63592193859313 ], [ 121.126049680048439, 14.635912303593027 ], [ 121.125930201048448, 14.635958268592995 ], [ 121.125843666048382, 14.635981566592937 ], [ 121.125777100048353, 14.635979902592924 ], [ 121.125692229048312, 14.635979902592879 ], [ 121.125617343048319, 14.636018177592861 ], [ 121.125605694048303, 14.636081414592836 ], [ 121.125565755048356, 14.636136331592853 ], [ 121.125527480048419, 14.6361929115929 ], [ 121.125492533048401, 14.636264469592916 ], [ 121.125449266048378, 14.636267797592895 ], [ 121.125427632048385, 14.636237843592841 ], [ 121.125392685048368, 14.636206224592847 ], [ 121.125366059048318, 14.636186255592753 ], [ 121.125314470048323, 14.636229522592773 ], [ 121.125286180048363, 14.636222866592776 ], [ 121.125311142048389, 14.636179598592756 ], [ 121.125307814048298, 14.63613466659274 ], [ 121.125282852048258, 14.636113033592709 ], [ 121.125267875048266, 14.636076422592685 ], [ 121.125227935048144, 14.636074758592624 ], [ 121.125207966048265, 14.636129674592659 ], [ 121.12518466804832, 14.636176270592687 ], [ 121.125133080048286, 14.63623285059265 ], [ 121.125085948048337, 14.636243743592654 ], [ 121.125045586048259, 14.636241821592607 ], [ 121.124999457048247, 14.636212990592558 ], [ 121.12489758904826, 14.636318702592552 ], [ 121.124853382048286, 14.636355221592607 ], [ 121.124826474048291, 14.636384051592552 ], [ 121.124784189048214, 14.636403272592549 ], [ 121.124753436048309, 14.636401350592561 ], [ 121.124695775048266, 14.6364128825925 ], [ 121.124659257048251, 14.63644363559253 ], [ 121.124632348048323, 14.636503218592562 ], [ 121.124616972048273, 14.636574333592563 ], [ 121.124576609048333, 14.636643526592566 ], [ 121.124542012048266, 14.636664669592596 ], [ 121.124497805048279, 14.636662747592537 ], [ 121.124434378048264, 14.636647370592497 ], [ 121.124353653048317, 14.636695421592488 ], [ 121.124311368048268, 14.636755004592494 ], [ 121.124292148048383, 14.63681651059253 ], [ 121.124255629048307, 14.636899157592568 ], [ 121.124201812048355, 14.636983727592591 ], [ 121.12415952704842, 14.637074062592598 ], [ 121.124146073048408, 14.637127879592606 ], [ 121.12413454104852, 14.637181696592666 ], [ 121.124103788048544, 14.637247046592691 ], [ 121.124078802048558, 14.637302785592711 ], [ 121.124005764048505, 14.637381588592733 ], [ 121.123976934048599, 14.637468080592747 ], [ 121.123942337048561, 14.637521897592736 ], [ 121.123917351048618, 14.637612232592815 ], [ 121.123884676048689, 14.637662205592811 ], [ 121.123838547048692, 14.637696802592773 ], [ 121.123813561048635, 14.637754463592824 ], [ 121.123765510048614, 14.637800592592827 ], [ 121.123711693048634, 14.637804436592788 ], [ 121.12365211004871, 14.637790982592746 ], [ 121.123573306048542, 14.637723710592622 ], [ 121.123542554048583, 14.637685270592616 ], [ 121.123494503048533, 14.637679504592581 ], [ 121.123386869048431, 14.637687192592487 ], [ 121.123319598048511, 14.637708334592491 ], [ 121.123250404048434, 14.637719866592436 ], [ 121.123192743048406, 14.637725632592417 ], [ 121.123087031048442, 14.637727555592374 ], [ 121.123006306048396, 14.637733321592288 ], [ 121.122948645048368, 14.637742931592264 ], [ 121.122846777048338, 14.637748697592215 ], [ 121.122808336048337, 14.637744853592196 ], [ 121.122785272048333, 14.637710256592138 ], [ 121.122764129048292, 14.637667971592093 ], [ 121.12276220704824, 14.637616076592108 ], [ 121.122771817048232, 14.637562259592034 ], [ 121.122771817048175, 14.637525741592018 ], [ 121.12274326004821, 14.637457157591994 ], [ 121.122682264048137, 14.63736905259187 ], [ 121.122650729048033, 14.637348913591881 ], [ 121.122610366047965, 14.637283564591817 ], [ 121.122619976047929, 14.637225903591743 ], [ 121.12265515504798, 14.63716573359175 ], [ 121.122662261047935, 14.637083673591691 ], [ 121.122687248047853, 14.637026011591654 ], [ 121.122733377047851, 14.636960662591679 ], [ 121.122763592047889, 14.636921750591643 ], [ 121.122783924047781, 14.636806536591575 ], [ 121.122743260047798, 14.636752318591521 ], [ 121.122648378047657, 14.636684545591457 ], [ 121.122573848047594, 14.636649292591377 ], [ 121.1225196090476, 14.636596440591308 ], [ 121.122466214047549, 14.636532048591215 ], [ 121.122381644047408, 14.636422492591105 ], [ 121.12220097304737, 14.636337923590924 ], [ 121.122154844047344, 14.63631293659091 ], [ 121.122065653047258, 14.636293401590816 ], [ 121.121956874047186, 14.63625911959072 ], [ 121.121862694047167, 14.636247587590688 ], [ 121.121753774047122, 14.636264352590631 ], [ 121.121570787047204, 14.636352457590545 ], [ 121.121496236047193, 14.636379566590557 ], [ 121.121394577047084, 14.636406675590473 ], [ 121.121272585047038, 14.636413453590398 ], [ 121.121170926047043, 14.63632534859031 ], [ 121.121028602046835, 14.636203356590148 ], [ 121.120899834046767, 14.636054255590008 ], [ 121.120757510046658, 14.635945819589839 ], [ 121.120716846046562, 14.635837382589743 ], [ 121.120696514046543, 14.635742500589643 ], [ 121.120658457046503, 14.635643101589588 ], [ 121.120391536046355, 14.635634063589382 ], [ 121.120201771046325, 14.635647617589298 ], [ 121.120025561046205, 14.635661172589217 ], [ 121.119822242046126, 14.635620508589028 ], [ 121.119625701046047, 14.635566290588867 ], [ 121.11944949104597, 14.635491739588756 ], [ 121.119239394045835, 14.6354781855886 ], [ 121.119063184045856, 14.635478185588502 ], [ 121.118900529045774, 14.635586622588463 ], [ 121.118737874045834, 14.635674726588404 ], [ 121.118622660045801, 14.635803495588423 ], [ 121.118622660045872, 14.635925487588503 ], [ 121.11864299204602, 14.636047478588617 ], [ 121.118642992046091, 14.636162692588693 ], [ 121.118595550046052, 14.636291461588691 ], [ 121.118588773046142, 14.636393121588794 ], [ 121.118642992046318, 14.63658966258893 ], [ 121.118588773046341, 14.636745540588979 ], [ 121.118446450046392, 14.636820091588952 ], [ 121.118236353046299, 14.636874309588862 ], [ 121.118080475046256, 14.636881086588783 ], [ 121.117850047046204, 14.636894641588658 ], [ 121.117599287046119, 14.636908196588532 ], [ 121.117389190046012, 14.636914973588345 ], [ 121.117172317045927, 14.636928528588236 ], [ 121.117057103045994, 14.636975969588192 ], [ 121.116982552045997, 14.637077628588202 ], [ 121.11689444704605, 14.637213174588258 ], [ 121.116765679046068, 14.637314834588228 ], [ 121.116630133046073, 14.637450380588248 ], [ 121.116487809046149, 14.637619813588266 ], [ 121.1163454860461, 14.637762136588249 ], [ 121.116189608046142, 14.637904459588265 ], [ 121.116038173046277, 14.638078915588261 ], [ 121.115832927046227, 14.638273899588276 ], [ 121.115596895046224, 14.638335473588125 ], [ 121.115401911046135, 14.638314948588025 ], [ 121.115072580045947, 14.638146136587705 ], [ 121.114809270045768, 14.638050964587499 ], [ 121.114647477045722, 14.638016067587392 ], [ 121.114431753045665, 14.63800337758725 ], [ 121.114260443045538, 14.638009722587132 ], [ 121.114111340045483, 14.63798434358706 ], [ 121.113997133045402, 14.637958964586948 ], [ 121.113917823045426, 14.637930412586876 ], [ 121.113838513045366, 14.637943102586853 ], [ 121.113677767045303, 14.637915642586712 ], [ 121.113583557045345, 14.637900418586662 ], [ 121.113539927045224, 14.637866836586596 ], [ 121.11347340204523, 14.637808840586521 ], [ 121.113410290045138, 14.637704789586422 ], [ 121.113365983045128, 14.637635545586376 ], [ 121.113214627044883, 14.637436891586136 ], [ 121.113110570044711, 14.637266615585954 ], [ 121.113015972044693, 14.6371152595858 ], [ 121.112930835044537, 14.636973363585705 ], [ 121.112770019044461, 14.63682200758552 ], [ 121.112609203044258, 14.636642272585295 ], [ 121.112486227044187, 14.636481457585104 ], [ 121.112372710044014, 14.636349020584957 ], [ 121.112221354043953, 14.636244963584817 ], [ 121.112069998043822, 14.636169285584652 ], [ 121.111842964043689, 14.636103067584491 ], [ 121.111672689043687, 14.636065228584362 ], [ 121.111511873043526, 14.636027389584211 ], [ 121.111303759043437, 14.635970630584092 ], [ 121.111105104043361, 14.635857113583855 ], [ 121.110906450043245, 14.635876033583751 ], [ 121.110842441043218, 14.635863721583737 ], [ 121.110778673043171, 14.635865812583695 ], [ 121.11071725504317, 14.63587603358363 ], [ 121.110509140043263, 14.63604630858363 ], [ 121.110319945043159, 14.636112527583576 ], [ 121.110092912043143, 14.636235503583512 ], [ 121.10984695804315, 14.63631118158338 ], [ 121.109667223043118, 14.636330101583278 ], [ 121.109440189043085, 14.636339560583158 ], [ 121.109305545598474, 14.636362001315346 ], [ 121.109305545598559, 14.636527787360926 ], [ 121.109583323376413, 14.636527787361091 ], [ 121.109583323376597, 14.636805565139056 ], [ 121.109861101154451, 14.636805565139227 ], [ 121.109861101154593, 14.637083342917165 ], [ 121.110138878932503, 14.637083342917334 ], [ 121.110138878932631, 14.63736112069529 ], [ 121.112083323377774, 14.637361120696481 ], [ 121.11208332337759, 14.637083342918521 ], [ 121.112361101155457, 14.637083342918686 ], [ 121.112361101155628, 14.637361120696642 ], [ 121.112638878933481, 14.637361120696815 ], [ 121.112638878933637, 14.637638898474766 ], [ 121.112916656711519, 14.637638898474934 ], [ 121.112916656711676, 14.637916676252877 ], [ 121.113194434489529, 14.637916676253051 ], [ 121.113194434489827, 14.638472231808956 ], [ 121.113472212267709, 14.638472231809121 ], [ 121.113472212267865, 14.638750009587078 ], [ 121.113749990045747, 14.638750009587246 ], [ 121.113749990045903, 14.639027787365197 ], [ 121.114027767823785, 14.639027787365359 ], [ 121.114027767823927, 14.639305565143321 ], [ 121.114305545601795, 14.639305565143474 ], [ 121.114305545602122, 14.639861120699376 ], [ 121.11402776782424, 14.639861120699219 ], [ 121.114027767824368, 14.640138898477163 ], [ 121.114305545602249, 14.640138898477344 ], [ 121.11430554560242, 14.64041667625529 ], [ 121.114583323380302, 14.640416676255464 ], [ 121.114583323380586, 14.640972231811357 ], [ 121.114861101158496, 14.640972231811531 ], [ 121.114861101158951, 14.641805565145392 ], [ 121.115138878936804, 14.641805565145553 ], [ 121.1151388789376, 14.643194454035317 ], [ 121.115416656715453, 14.64319445403547 ], [ 121.115416656715752, 14.643750009591376 ], [ 121.115694434493633, 14.64375000959155 ], [ 121.11569443449379, 14.644027787369497 ], [ 121.115972212271643, 14.644027787369666 ], [ 121.11597221227197, 14.644583342925561 ], [ 121.116249990049823, 14.644583342925729 ], [ 121.11624999004998, 14.644861120703688 ], [ 121.116527767827861, 14.64486112070386 ], [ 121.116527767828018, 14.645138898481804 ], [ 121.117083323383724, 14.645138898482141 ], [ 121.117083323383881, 14.645416676260092 ], [ 121.117361101161791, 14.64541667626027 ], [ 121.117361101162274, 14.646250009594111 ], [ 121.117638878940099, 14.646250009594276 ], [ 121.117638878940411, 14.646805565150183 ], [ 121.118472212274, 14.646805565150697 ], [ 121.118472212273872, 14.646527787372747 ], [ 121.119027767829635, 14.646527787373088 ], [ 121.119027767829451, 14.646250009595128 ], [ 121.119305545607332, 14.646250009595294 ], [ 121.119305545607205, 14.645972231817355 ], [ 121.119861101162925, 14.645972231817685 ], [ 121.119861101162641, 14.645416676261783 ], [ 121.120416656718376, 14.64541667626213 ], [ 121.120416656718191, 14.645138898484166 ], [ 121.120972212273927, 14.645138898484523 ], [ 121.120972212273784, 14.644861120706564 ], [ 121.121249990051666, 14.644861120706745 ], [ 121.12124999005151, 14.644583342928771 ], [ 121.122083323385127, 14.644583342929289 ], [ 121.12208332338497, 14.644305565151338 ], [ 121.122361101162824, 14.644305565151511 ], [ 121.122361101162682, 14.644027787373565 ], [ 121.12347221227418, 14.64402778737424 ], [ 121.123472212274024, 14.643750009596301 ], [ 121.123749990051905, 14.643750009596467 ], [ 121.123749990052062, 14.644027787374418 ], [ 121.124583323385679, 14.644027787374917 ], [ 121.124583323385821, 14.644305565152864 ], [ 121.124861101163702, 14.64430556515304 ], [ 121.124861101163859, 14.64458334293098 ], [ 121.12513887894174, 14.644583342931153 ], [ 121.125138878942039, 14.645138898487051 ], [ 121.125416656719906, 14.645138898487231 ], [ 121.125416656720049, 14.64541667626518 ], [ 121.125138878942195, 14.645416676265013 ], [ 121.125138878942323, 14.64569445404296 ], [ 121.12486110116447, 14.645694454042792 ], [ 121.124861101164782, 14.646250009598697 ], [ 121.125138878942636, 14.646250009598855 ], [ 121.125138878942806, 14.646527787376815 ], [ 121.125694434498541, 14.646527787377156 ], [ 121.125694434498399, 14.646250009599198 ], [ 121.12819443449925, 14.646250009600722 ], [ 121.128194434499065, 14.645972231822782 ], [ 121.1287499900548, 14.645972231823116 ], [ 121.128749990054985, 14.646250009601065 ], [ 121.129027767832838, 14.646250009601237 ], [ 121.129027767833009, 14.646527787379183 ], [ 121.129305545610876, 14.646527787379354 ], [ 121.129305545611018, 14.646805565157301 ], [ 121.129404139975307, 14.646805565157365 ], [ 121.129151549055109, 14.646061720601269 ], [ 121.129027983054556, 14.645258542600683 ], [ 121.128953321054425, 14.644974304600451 ], [ 121.128903287054328, 14.644824200600327 ], [ 121.128808221054143, 14.644458947600059 ], [ 121.128683134053844, 14.644048663599733 ], [ 121.128623092053601, 14.64380349359951 ], [ 121.128558047053559, 14.643593347599372 ], [ 121.128477553053372, 14.643444369599186 ], [ 121.128629202053304, 14.643169153599143 ], [ 121.129265363052141, 14.640606390597922 ], [ 121.129240500051566, 14.639638900597323 ], [ 121.129743823239991, 14.637361120707244 ], [ 121.129583323383685, 14.637361120707158 ], [ 121.129583323383542, 14.637083342929197 ], [ 121.129305545605632, 14.637083342929019 ], [ 121.12930554560522, 14.636250009595178 ], [ 121.129583323383045, 14.636250009595347 ], [ 121.129583323382931, 14.635972231817396 ], [ 121.130050727338727, 14.63597223181768 ], [ 121.130113067049635, 14.635690114595358 ], [ 121.130138878938482, 14.635649192984888 ], [ 121.130138878937899, 14.634622927445232 ], [ 121.13009329104905, 14.634502339594601 ], [ 121.130012997048951, 14.634344962594456 ], [ 121.129945550048831, 14.634325692594416 ], [ 121.129883730392422, 14.634305565149877 ], [ 121.129861101159889, 14.634305565149857 ], [ 121.129861101159861, 14.634298197450823 ], [ 121.129807444048808, 14.634280727594323 ] ] ] ] } },
{ "type": "Feature", "properties": { "fid": 23, "DN": 10, "subcatchment_id": 7, "cn_composite_x": 84.51, "runoff_2yr_mm_x": 110.41, "rank_2yr_x": 8, "runoff_5yr_mm_x": 194.87, "rank_5yr_x": 8, "runoff_10yr_mm_x": 248.6, "rank_10yr_x": 8, "subcatchment_total_m2_x": 1770847.371, "volume_2yr_m3_x": 195519.3, "vol_rank_2yr_x": 5, "volume_5yr_m3_x": 345085.0, "vol_rank_5yr_x": 5, "volume_10yr_m3_x": 440232.7, "vol_rank_10yr_x": 5, "cn_composite_y": 84.51, "runoff_2yr_mm_y": 110.41, "rank_2yr_y": 1, "runoff_5yr_mm_y": 194.87, "rank_5yr_y": 1, "runoff_10yr_mm_y": 248.6, "rank_10yr_y": 1, "subcatchment_total_m2_y": 1770847.371, "volume_2yr_m3_y": 195519.3, "vol_rank_2yr_y": 5, "volume_5yr_m3_y": 345085.0, "vol_rank_5yr_y": 5, "volume_10yr_m3_y": 440232.7, "vol_rank_10yr_y": 5 }, "geometry": { "type": "MultiPolygon", "coordinates": [ [ [ [ 121.075964485024201, 14.622762145554299 ], [ 121.075366825024531, 14.623738652554506 ], [ 121.075311982024459, 14.62378224155453 ], [ 121.075293748024464, 14.623766931554524 ], [ 121.075274392024525, 14.623751722554475 ], [ 121.075271132024426, 14.6237514845545 ], [ 121.075295029024488, 14.623804302554511 ], [ 121.075323254024596, 14.623866686554557 ], [ 121.07532621702461, 14.623873235554601 ], [ 121.075324652024577, 14.623875146554568 ], [ 121.075035289024669, 14.624228428554662 ], [ 121.074851333024753, 14.624477309554646 ], [ 121.074833022024862, 14.624783196554855 ], [ 121.074854925025022, 14.624951119554961 ], [ 121.074898731025129, 14.625104440555111 ], [ 121.074890751025066, 14.625142741555091 ], [ 121.074923680025194, 14.625149166555159 ], [ 121.074939023025166, 14.625152195555142 ], [ 121.074961790025171, 14.625156788555179 ], [ 121.075045631025205, 14.625175080555223 ], [ 121.074968923025338, 14.625559020555437 ], [ 121.074805298025709, 14.626349116555831 ], [ 121.074670271026022, 14.626942133556081 ], [ 121.074615691026167, 14.627183428556226 ], [ 121.074550450026308, 14.627464250556342 ], [ 121.074448023026534, 14.627984921556603 ], [ 121.074380255026711, 14.628329407556803 ], [ 121.07439727502674, 14.628479746556916 ], [ 121.074405784026865, 14.628550660556957 ], [ 121.074518350026921, 14.628581119557012 ], [ 121.074888003027084, 14.628681143557307 ], [ 121.075446472027352, 14.628873075557765 ], [ 121.075729755027453, 14.628955692558018 ], [ 121.075807761027562, 14.628981295558066 ], [ 121.075843931027507, 14.628993167558102 ], [ 121.076269645027821, 14.629215577558508 ], [ 121.076802200028183, 14.629492871559004 ], [ 121.076904812028246, 14.629546300559086 ], [ 121.076980506028434, 14.629859036559353 ], [ 121.077012602028532, 14.629991643559453 ], [ 121.077154431028717, 14.630272465559697 ], [ 121.077404050029145, 14.630913532560243 ], [ 121.077446599029201, 14.631052525560364 ], [ 121.077495269029455, 14.63128535256055 ], [ 121.077551552029547, 14.631554599560738 ], [ 121.077557226029583, 14.631605658560764 ], [ 121.077545879029586, 14.631639697560793 ], [ 121.0772378060298, 14.632113634560875 ], [ 121.077174661029815, 14.632210775560932 ], [ 121.077200314029824, 14.632274351560989 ], [ 121.077211617029917, 14.632302364560974 ], [ 121.077266249030004, 14.632442157561115 ], [ 121.077320881030118, 14.632585163561206 ], [ 121.077330521030078, 14.632657470561293 ], [ 121.077102373030158, 14.633001911561349 ], [ 121.077280653030229, 14.633007397561489 ], [ 121.07729436703066, 14.633736974561907 ], [ 121.077236769030677, 14.633811029561944 ], [ 121.077607043031023, 14.63413467656239 ], [ 121.077626243031247, 14.634513179562612 ], [ 121.07727242503114, 14.634521407562413 ], [ 121.077271345031178, 14.634561064562439 ], [ 121.077265652031315, 14.634906046562653 ], [ 121.077261454031515, 14.635160473562776 ], [ 121.078807860032668, 14.636295930564453 ], [ 121.079046999032826, 14.636471519564695 ], [ 121.079285620033204, 14.637033787565189 ], [ 121.07976793203386, 14.637863759566033 ], [ 121.079891691033851, 14.637883447566113 ], [ 121.080018262033917, 14.637886260566175 ], [ 121.080997254034713, 14.638737073567309 ], [ 121.081528502035098, 14.639122955567865 ], [ 121.081531146035317, 14.639469191568054 ], [ 121.081753160035547, 14.639749352568387 ], [ 121.081848309035649, 14.639918506568547 ], [ 121.08200953303573, 14.640011012568706 ], [ 121.082057108035798, 14.640087660568781 ], [ 121.082278426036169, 14.640697221569329 ], [ 121.082312178036318, 14.640837855569435 ], [ 121.082320616036384, 14.640910985569443 ], [ 121.082329414036366, 14.641031504569545 ], [ 121.082507694036607, 14.641327724569825 ], [ 121.082384269036723, 14.641582802569916 ], [ 121.082318443036868, 14.641747368569948 ], [ 121.082213371037014, 14.642105115570116 ], [ 121.082226171036979, 14.642168668570186 ], [ 121.082570778037422, 14.642605856570633 ], [ 121.082787726037637, 14.642827164570951 ], [ 121.083009630037822, 14.643062694571247 ], [ 121.083115327542501, 14.643194454015763 ], [ 121.08319443448228, 14.643194454015804 ], [ 121.083194434482124, 14.642916676237856 ], [ 121.084583323371504, 14.64291667623869 ], [ 121.084583323371348, 14.642638898460762 ], [ 121.08486110114923, 14.64263889846092 ], [ 121.084861101148903, 14.642083342905019 ], [ 121.085138878926784, 14.64208334290519 ], [ 121.085138878926628, 14.641805565127243 ], [ 121.085972212260273, 14.641805565127754 ], [ 121.085972212260117, 14.641527787349807 ], [ 121.086249990037956, 14.641527787349967 ], [ 121.086249990037516, 14.640694454016117 ], [ 121.085972212259662, 14.640694454015954 ], [ 121.085972212258852, 14.639305565126197 ], [ 121.085694434480985, 14.639305565126021 ], [ 121.085694434480686, 14.638750009570126 ], [ 121.086527767814331, 14.638750009570629 ], [ 121.08652776781382, 14.637916676236779 ], [ 121.08680554559173, 14.637916676236951 ], [ 121.086805545590778, 14.636250009569251 ], [ 121.08652776781291, 14.636250009569073 ], [ 121.086527767812782, 14.635972231791122 ], [ 121.086249990034901, 14.63597223179096 ], [ 121.086249990034744, 14.635694454013015 ], [ 121.085694434478981, 14.635694454012668 ], [ 121.085694434478825, 14.635416676234716 ], [ 121.085972212256706, 14.635416676234886 ], [ 121.085972212256408, 14.634861120678982 ], [ 121.086527767812143, 14.634861120679325 ], [ 121.086527767811688, 14.634027787345476 ], [ 121.087083323367395, 14.634027787345818 ], [ 121.087083323367267, 14.633750009567871 ], [ 121.08736110114512, 14.633750009568033 ], [ 121.087361101144992, 14.63347223179008 ], [ 121.087638878922874, 14.63347223179025 ], [ 121.087638878922718, 14.633194454012298 ], [ 121.087916656700585, 14.633194454012475 ], [ 121.087916656700116, 14.63236112067861 ], [ 121.088194434477998, 14.632361120678791 ], [ 121.088194434477515, 14.631527787344933 ], [ 121.087638878921808, 14.6315277873446 ], [ 121.087638878921496, 14.630972231788705 ], [ 121.087916656699335, 14.630972231788867 ], [ 121.087916656699178, 14.630694454010916 ], [ 121.087083323365562, 14.630694454010401 ], [ 121.087083323365263, 14.630138898454499 ], [ 121.086805545587424, 14.630138898454337 ], [ 121.086805545587254, 14.629861120676381 ], [ 121.086527767809386, 14.629861120676209 ], [ 121.086527767809216, 14.629583342898266 ], [ 121.086249990031362, 14.629583342898092 ], [ 121.086249990031206, 14.629305565120141 ], [ 121.085972212253324, 14.629305565119965 ], [ 121.085972212253196, 14.629027787342014 ], [ 121.085694434475286, 14.629027787341856 ], [ 121.085694434475158, 14.628750009563902 ], [ 121.085416656697276, 14.628750009563733 ], [ 121.085416656697163, 14.628472231785789 ], [ 121.085138878919253, 14.62847223178562 ], [ 121.085138878919096, 14.62819445400766 ], [ 121.084861101141243, 14.628194454007485 ], [ 121.084861101141087, 14.627916676229544 ], [ 121.084583323363177, 14.627916676229368 ], [ 121.084583323363034, 14.627638898451421 ], [ 121.084305545585181, 14.627638898451256 ], [ 121.084305545584996, 14.627361120673305 ], [ 121.084027767807171, 14.627361120673143 ], [ 121.084027767807015, 14.627083342895181 ], [ 121.083749990029133, 14.627083342895004 ], [ 121.083749990028949, 14.626805565117063 ], [ 121.083472212251095, 14.626805565116888 ], [ 121.083472212250953, 14.626527787338944 ], [ 121.083194434473043, 14.626527787338775 ], [ 121.083194434472915, 14.626250009560808 ], [ 121.082916656695033, 14.626250009560646 ], [ 121.082916656694877, 14.625972231782701 ], [ 121.082638878917024, 14.625972231782528 ], [ 121.082638878916839, 14.625694454004579 ], [ 121.082361101139014, 14.625694454004416 ], [ 121.082361101138858, 14.625416676226456 ], [ 121.082083323360962, 14.62541667622628 ], [ 121.082083323360365, 14.624305565114483 ], [ 121.081805545582469, 14.624305565114318 ], [ 121.081805545582341, 14.62402778733637 ], [ 121.081527767804459, 14.624027787336198 ], [ 121.081527767803081, 14.621527787334641 ], [ 121.081249990025228, 14.621527787334459 ], [ 121.081249990025071, 14.621250009556508 ], [ 121.08097221224719, 14.621250009556348 ], [ 121.080972212247048, 14.620972231778392 ], [ 121.080694434469166, 14.620972231778223 ], [ 121.080694434469009, 14.620694454000272 ], [ 121.080416656691128, 14.620694454000111 ], [ 121.080416656691284, 14.620972231778058 ], [ 121.080138878913417, 14.620972231777895 ], [ 121.080138878913573, 14.62125000955584 ], [ 121.079861101135691, 14.621250009555668 ], [ 121.079861101136004, 14.621805565111563 ], [ 121.07958332335815, 14.62180556511141 ], [ 121.079583323358293, 14.622083342889352 ], [ 121.07847221224678, 14.622083342888669 ], [ 121.07847221224695, 14.622361120666628 ], [ 121.077916656691215, 14.622361120666282 ], [ 121.077916656691031, 14.622083342888327 ], [ 121.077638878913177, 14.622083342888169 ], [ 121.077638878913305, 14.62236112066612 ], [ 121.077361101135452, 14.622361120665945 ], [ 121.077361101135608, 14.622638898443903 ], [ 121.076805545579901, 14.62263889844356 ], [ 121.076805545579717, 14.622361120665609 ], [ 121.076249990023982, 14.622361120665277 ], [ 121.07624999002411, 14.622638898443219 ], [ 121.076032349446052, 14.622638898443091 ], [ 121.075964485024201, 14.622762145554299 ] ] ] ] } },
{ "type": "Feature", "properties": { "fid": 25, "DN": 12, "subcatchment_id": 8, "cn_composite_x": 79.58, "runoff_2yr_mm_x": 97.3, "rank_2yr_x": 14, "runoff_5yr_mm_x": 179.18, "rank_5yr_x": 14, "runoff_10yr_mm_x": 231.92, "rank_10yr_x": 14, "subcatchment_total_m2_x": 3539925.923, "volume_2yr_m3_x": 344434.8, "vol_rank_2yr_x": 2, "volume_5yr_m3_x": 634283.9, "vol_rank_5yr_x": 2, "volume_10yr_m3_x": 820979.6, "vol_rank_10yr_x": 2, "cn_composite_y": 79.58, "runoff_2yr_mm_y": 97.3, "rank_2yr_y": 7, "runoff_5yr_mm_y": 179.18, "rank_5yr_y": 7, "runoff_10yr_mm_y": 231.92, "rank_10yr_y": 7, "subcatchment_total_m2_y": 3539925.923, "volume_2yr_m3_y": 344434.8, "vol_rank_2yr_y": 2, "volume_5yr_m3_y": 634283.9, "vol_rank_5yr_y": 2, "volume_10yr_m3_y": 820979.6, "vol_rank_10yr_y": 2 }, "geometry": { "type": "MultiPolygon", "coordinates": [ [ [ [ 121.083151727037972, 14.643239828571399 ], [ 121.083309835038179, 14.643659600571793 ], [ 121.083582107038296, 14.64356761657185 ], [ 121.083620466038241, 14.643557111571894 ], [ 121.083675228038373, 14.64373824857207 ], [ 121.083700098038406, 14.643832544572122 ], [ 121.083700503038443, 14.643834082572123 ], [ 121.084073045038537, 14.643752729572322 ], [ 121.084138338038457, 14.643741144572303 ], [ 121.084178357038539, 14.643731666572336 ], [ 121.084511670038623, 14.643622405572494 ], [ 121.084633721038614, 14.643590275572537 ], [ 121.084660687038664, 14.643583176572532 ], [ 121.084751255038611, 14.643567379572568 ], [ 121.084824973038707, 14.643566326572614 ], [ 121.084893426038647, 14.643571592572673 ], [ 121.085065085038821, 14.643598973572786 ], [ 121.085416941038943, 14.643680840573062 ], [ 121.085658140039428, 14.64437184257363 ], [ 121.085686388039363, 14.644397917573661 ], [ 121.085721156039469, 14.644415301573746 ], [ 121.085777652039454, 14.644432685573772 ], [ 121.086403142039813, 14.644559128574235 ], [ 121.086922736039966, 14.64466419757459 ], [ 121.087115384040118, 14.644703153574751 ], [ 121.087709414040361, 14.644823274575201 ], [ 121.087569555040844, 14.645769110575674 ], [ 121.087298685041119, 14.646448997575918 ], [ 121.087307560041083, 14.646470058575984 ], [ 121.087144203041404, 14.647015778576204 ], [ 121.087104710041473, 14.647193497576261 ], [ 121.087230165041717, 14.647572264576601 ], [ 121.087250937041702, 14.647607575576615 ], [ 121.087284171041802, 14.647630424576652 ], [ 121.087323636041774, 14.647647041576715 ], [ 121.087555928041894, 14.647750551576893 ], [ 121.087581199041935, 14.647761283576935 ], [ 121.08753230204195, 14.647897519576984 ], [ 121.087512880042055, 14.647981682577026 ], [ 121.087508564042054, 14.648091741577099 ], [ 121.087506406042223, 14.648227697577202 ], [ 121.087499932042149, 14.648279490577176 ], [ 121.087489142042244, 14.648326966577219 ], [ 121.087474036042209, 14.648406813577262 ], [ 121.087454613042325, 14.648445658577272 ], [ 121.087424401042213, 14.648471554577291 ], [ 121.087355344042209, 14.64850392457725 ], [ 121.087202124042278, 14.648544927577168 ], [ 121.087117961042281, 14.648566507577129 ], [ 121.087046746042205, 14.648607510577145 ], [ 121.086917264042214, 14.648734833577107 ], [ 121.086867630042235, 14.648782310577113 ], [ 121.086846049042293, 14.648812523577128 ], [ 121.086828785042343, 14.648853525577131 ], [ 121.086815837042295, 14.648907476577197 ], [ 121.086805545597826, 14.648929529672516 ], [ 121.086805545597855, 14.649027787354974 ], [ 121.087083323375737, 14.64902778735515 ], [ 121.087083323376021, 14.649583342911036 ], [ 121.087361101153903, 14.64958334291121 ], [ 121.087361101154059, 14.649861120689168 ], [ 121.087638878931955, 14.649861120689334 ], [ 121.087638878932111, 14.650138898467278 ], [ 121.087916656709965, 14.650138898467439 ], [ 121.087916656710121, 14.650416676245394 ], [ 121.088194434487974, 14.650416676245563 ], [ 121.08819443448813, 14.650694454023517 ], [ 121.088749990043866, 14.650694454023851 ], [ 121.088749990043738, 14.650416676245905 ], [ 121.089027767821619, 14.650416676246074 ], [ 121.089027767821463, 14.65013889846813 ], [ 121.089305545599316, 14.650138898468295 ], [ 121.089305545599174, 14.649861120690348 ], [ 121.089861101154909, 14.649861120690685 ], [ 121.089861101155051, 14.650138898468626 ], [ 121.090138878932919, 14.650138898468802 ], [ 121.090138878933118, 14.650416676246758 ], [ 121.090416656710971, 14.650416676246921 ], [ 121.090416656711128, 14.650694454024872 ], [ 121.090694434488981, 14.650694454025041 ], [ 121.090694434489137, 14.650972231802994 ], [ 121.090972212267019, 14.650972231803166 ], [ 121.090972212267189, 14.65125000958111 ], [ 121.091249990045043, 14.651250009581291 ], [ 121.091249990045199, 14.65152778735923 ], [ 121.091527767823081, 14.651527787359402 ], [ 121.091527767823237, 14.65180556513735 ], [ 121.092361101156797, 14.651805565137861 ], [ 121.092361101156655, 14.65152778735991 ], [ 121.092638878934551, 14.65152778736007 ], [ 121.092638878934395, 14.651250009582135 ], [ 121.092916656712305, 14.651250009582304 ], [ 121.092916656712134, 14.650972231804349 ], [ 121.093194434489988, 14.650972231804511 ], [ 121.093194434489831, 14.650694454026571 ], [ 121.093472212267685, 14.650694454026739 ], [ 121.093472212267258, 14.649861120692899 ], [ 121.092916656711523, 14.649861120692545 ], [ 121.092916656711054, 14.649027787358706 ], [ 121.093194434488922, 14.649027787358865 ], [ 121.093194434489064, 14.649305565136824 ], [ 121.09458332337843, 14.649305565137658 ], [ 121.094583323378274, 14.64902778735971 ], [ 121.095416656711919, 14.649027787360229 ], [ 121.095416656711734, 14.648750009582274 ], [ 121.096527767823204, 14.648750009582949 ], [ 121.096527767822906, 14.648194454027047 ], [ 121.096805545600787, 14.64819445402722 ], [ 121.096805545600631, 14.647916676249272 ], [ 121.097083323378541, 14.647916676249443 ], [ 121.097083323378385, 14.647638898471495 ], [ 121.097361101156238, 14.64763889847166 ], [ 121.09736110115594, 14.647083342915753 ], [ 121.097916656711675, 14.647083342916108 ], [ 121.09791665671149, 14.646805565138141 ], [ 121.0981944344894, 14.64680556513831 ], [ 121.098194434488946, 14.645972231804473 ], [ 121.09847221226677, 14.645972231804633 ], [ 121.098472212266614, 14.645694454026689 ], [ 121.097916656710879, 14.645694454026339 ], [ 121.097916656710751, 14.6454166762484 ], [ 121.097083323377134, 14.645416676247875 ], [ 121.097083323376964, 14.645138898469931 ], [ 121.096805545599082, 14.645138898469765 ], [ 121.096805545598471, 14.644027787357969 ], [ 121.096527767820618, 14.644027787357796 ], [ 121.096527767820135, 14.643194454023947 ], [ 121.096249990042296, 14.643194454023782 ], [ 121.096249990042125, 14.642916676245818 ], [ 121.096527767819978, 14.642916676245996 ], [ 121.096527767819822, 14.642638898468048 ], [ 121.096249990041997, 14.642638898467867 ], [ 121.096249990041812, 14.64236112068992 ], [ 121.096527767819666, 14.642361120690088 ], [ 121.096527767819367, 14.641805565134195 ], [ 121.097083323375159, 14.641805565134533 ], [ 121.097083323374974, 14.641527787356573 ], [ 121.097361101152828, 14.64152778735675 ], [ 121.097361101151947, 14.639861120689041 ], [ 121.097083323374065, 14.639861120688879 ], [ 121.097083323373909, 14.639583342910919 ], [ 121.096805545596027, 14.639583342910759 ], [ 121.096805545595231, 14.638194454021008 ], [ 121.095694434483761, 14.638194454020331 ], [ 121.09569443448315, 14.637083342908523 ], [ 121.095972212261032, 14.637083342908699 ], [ 121.095972212260861, 14.636805565130741 ], [ 121.096249990038757, 14.636805565130913 ], [ 121.096249990038459, 14.636250009575015 ], [ 121.095972212260577, 14.636250009574839 ], [ 121.09597221226025, 14.635694454018937 ], [ 121.095694434482368, 14.635694454018767 ], [ 121.095694434481629, 14.634305565129015 ], [ 121.095416656703776, 14.634305565128843 ], [ 121.095416656703591, 14.634027787350899 ], [ 121.094861101147828, 14.634027787350558 ], [ 121.094861101147075, 14.63263889846081 ], [ 121.095138878924942, 14.632638898460975 ], [ 121.095138878924644, 14.632083342905064 ], [ 121.095972212258232, 14.632083342905585 ], [ 121.095972212257649, 14.630972231793779 ], [ 121.095694434479768, 14.63097223179361 ], [ 121.095694434479441, 14.630416676237708 ], [ 121.095972212257323, 14.630416676237873 ], [ 121.09597221225674, 14.629305565126069 ], [ 121.096249990034622, 14.629305565126238 ], [ 121.09624999003475, 14.629583342904192 ], [ 121.097083323368381, 14.629583342904708 ], [ 121.097083323368238, 14.629305565126744 ], [ 121.097638878923917, 14.629305565127078 ], [ 121.097638878923789, 14.629027787349139 ], [ 121.09791665670167, 14.629027787349312 ], [ 121.097916656701031, 14.627916676237492 ], [ 121.098194434478941, 14.627916676237673 ], [ 121.098194434478643, 14.627361120681771 ], [ 121.098472212256468, 14.627361120681934 ], [ 121.098472212256311, 14.627083342903985 ], [ 121.097638878922723, 14.627083342903477 ], [ 121.097638878922538, 14.626805565125526 ], [ 121.097083323366832, 14.626805565125185 ], [ 121.097083323366064, 14.625416676235441 ], [ 121.097361101143946, 14.625416676235609 ], [ 121.097361101143804, 14.625138898457649 ], [ 121.09791665669951, 14.625138898457999 ], [ 121.097916656699326, 14.624861120680045 ], [ 121.098194434477236, 14.62486112068021 ], [ 121.098194434476937, 14.624305565124315 ], [ 121.097638878921174, 14.624305565123974 ], [ 121.097638878921018, 14.624027787346026 ], [ 121.097361101143164, 14.624027787345851 ], [ 121.097361101143008, 14.623750009567891 ], [ 121.097083323365126, 14.623750009567722 ], [ 121.097083323364998, 14.623472231789783 ], [ 121.096527767809221, 14.623472231789441 ], [ 121.096527767809064, 14.623194454011493 ], [ 121.095694434475476, 14.623194454010982 ], [ 121.095694434475618, 14.623472231788929 ], [ 121.095416656697736, 14.623472231788764 ], [ 121.095416656697921, 14.62375000956672 ], [ 121.095138878920011, 14.62375000956655 ], [ 121.095138878920196, 14.624027787344502 ], [ 121.094861101142314, 14.624027787344321 ], [ 121.094861101142158, 14.623750009566374 ], [ 121.094583323364276, 14.623750009566193 ], [ 121.094583323364148, 14.623472231788254 ], [ 121.094305545586266, 14.623472231788096 ], [ 121.094305545586096, 14.623194454010138 ], [ 121.093472212252479, 14.623194454009623 ], [ 121.093472212252323, 14.622916676231679 ], [ 121.093194434474441, 14.622916676231499 ], [ 121.093194434473858, 14.621805565119699 ], [ 121.093472212251712, 14.621805565119866 ], [ 121.093472212251584, 14.62152778734192 ], [ 121.093749990029437, 14.621527787342089 ], [ 121.093749990029281, 14.621263942222278 ], [ 121.093707932029332, 14.621268360564155 ], [ 121.093235863029179, 14.621323520563939 ], [ 121.092674021029126, 14.62138574356362 ], [ 121.092684258029166, 14.621532063563725 ], [ 121.092699767029188, 14.621755069563868 ], [ 121.092219083029093, 14.621748660563588 ], [ 121.091729058028932, 14.62174866056329 ], [ 121.091247132028769, 14.621748660563004 ], [ 121.090874550028659, 14.621748660562764 ], [ 121.09046147102849, 14.621740560562518 ], [ 121.090100182028351, 14.621755007562259 ], [ 121.089273756028106, 14.621771042561813 ], [ 121.088847780028004, 14.621800188561544 ], [ 121.088569774027846, 14.621768800561325 ], [ 121.08857074802809, 14.622144302561622 ], [ 121.088538386028219, 14.622271004561657 ], [ 121.088527176028279, 14.622445879561734 ], [ 121.088195363028149, 14.622475025561583 ], [ 121.088210683028279, 14.622721864561747 ], [ 121.087850227028213, 14.622721080561519 ], [ 121.087848733028196, 14.62272108056151 ], [ 121.087746374028129, 14.622720725561463 ], [ 121.087732042028165, 14.622720807561429 ], [ 121.087720605028153, 14.622720803561398 ], [ 121.086596745027762, 14.622718370560758 ], [ 121.086565582027646, 14.622560117560649 ], [ 121.086484425027592, 14.622403104560464 ], [ 121.086322110027439, 14.622282324560306 ], [ 121.086084258027427, 14.622522063560311 ], [ 121.085785855027552, 14.622844713560321 ], [ 121.084690849027695, 14.623888752560326 ], [ 121.084247552027762, 14.624098646560144 ], [ 121.084086471027703, 14.624142391560108 ], [ 121.083988657027689, 14.624133420560051 ], [ 121.0839054460276, 14.624119591559984 ], [ 121.083792777027583, 14.624086845559889 ], [ 121.083714345027545, 14.624049233559802 ], [ 121.083650577027456, 14.624011581559733 ], [ 121.083518065027349, 14.62390286755962 ], [ 121.083370729027251, 14.62376554255941 ], [ 121.08326755502712, 14.623656481559292 ], [ 121.083193855027119, 14.623571064559219 ], [ 121.0831103150269, 14.623471376559069 ], [ 121.083021833026947, 14.623390674558982 ], [ 121.082904012026859, 14.623267134558828 ], [ 121.08282055002671, 14.623181613558696 ], [ 121.082545030026452, 14.62299632955842 ], [ 121.082191802026358, 14.623022848558243 ], [ 121.081742460026291, 14.623036495557978 ], [ 121.081846814025951, 14.622307417557586 ], [ 121.081820856099242, 14.621805565112769 ], [ 121.081805545581091, 14.621805565112753 ], [ 121.081805545580934, 14.621527787334815 ], [ 121.081527767803081, 14.621527787334641 ], [ 121.081527767804459, 14.624027787336198 ], [ 121.081805545582341, 14.62402778733637 ], [ 121.081805545582469, 14.624305565114318 ], [ 121.082083323360365, 14.624305565114483 ], [ 121.082083323360962, 14.62541667622628 ], [ 121.082361101138858, 14.625416676226456 ], [ 121.082361101139014, 14.625694454004416 ], [ 121.082638878916839, 14.625694454004579 ], [ 121.082638878917024, 14.625972231782528 ], [ 121.082916656694877, 14.625972231782701 ], [ 121.082916656695033, 14.626250009560646 ], [ 121.083194434472915, 14.626250009560808 ], [ 121.083194434473043, 14.626527787338775 ], [ 121.083472212250953, 14.626527787338944 ], [ 121.083472212251095, 14.626805565116888 ], [ 121.083749990028949, 14.626805565117063 ], [ 121.083749990029133, 14.627083342895004 ], [ 121.084027767807015, 14.627083342895181 ], [ 121.084027767807171, 14.627361120673143 ], [ 121.084305545584996, 14.627361120673305 ], [ 121.084305545585181, 14.627638898451256 ], [ 121.084583323363034, 14.627638898451421 ], [ 121.084583323363177, 14.627916676229368 ], [ 121.084861101141087, 14.627916676229544 ], [ 121.084861101141243, 14.628194454007485 ], [ 121.085138878919096, 14.62819445400766 ], [ 121.085138878919253, 14.62847223178562 ], [ 121.085416656697163, 14.628472231785789 ], [ 121.085416656697276, 14.628750009563733 ], [ 121.085694434475158, 14.628750009563902 ], [ 121.085694434475286, 14.629027787341856 ], [ 121.085972212253196, 14.629027787342014 ], [ 121.085972212253324, 14.629305565119965 ], [ 121.086249990031206, 14.629305565120141 ], [ 121.086249990031362, 14.629583342898092 ], [ 121.086527767809216, 14.629583342898266 ], [ 121.086527767809386, 14.629861120676209 ], [ 121.086805545587254, 14.629861120676381 ], [ 121.086805545587424, 14.630138898454337 ], [ 121.087083323365263, 14.630138898454499 ], [ 121.087083323365562, 14.630694454010401 ], [ 121.087916656699178, 14.630694454010916 ], [ 121.087916656699335, 14.630972231788867 ], [ 121.087638878921496, 14.630972231788705 ], [ 121.087638878921808, 14.6315277873446 ], [ 121.088194434477515, 14.631527787344933 ], [ 121.088194434477998, 14.632361120678791 ], [ 121.087916656700116, 14.63236112067861 ], [ 121.087916656700585, 14.633194454012475 ], [ 121.087638878922718, 14.633194454012298 ], [ 121.087638878922874, 14.63347223179025 ], [ 121.087361101144992, 14.63347223179008 ], [ 121.08736110114512, 14.633750009568033 ], [ 121.087083323367267, 14.633750009567871 ], [ 121.087083323367395, 14.634027787345818 ], [ 121.086527767811688, 14.634027787345476 ], [ 121.086527767812143, 14.634861120679325 ], [ 121.085972212256408, 14.634861120678982 ], [ 121.085972212256706, 14.635416676234886 ], [ 121.085694434478825, 14.635416676234716 ], [ 121.085694434478981, 14.635694454012668 ], [ 121.086249990034744, 14.635694454013015 ], [ 121.086249990034901, 14.63597223179096 ], [ 121.086527767812782, 14.635972231791122 ], [ 121.08652776781291, 14.636250009569073 ], [ 121.086805545590778, 14.636250009569251 ], [ 121.08680554559173, 14.637916676236951 ], [ 121.08652776781382, 14.637916676236779 ], [ 121.086527767814331, 14.638750009570629 ], [ 121.085694434480686, 14.638750009570126 ], [ 121.085694434480985, 14.639305565126021 ], [ 121.085972212258852, 14.639305565126197 ], [ 121.085972212259662, 14.640694454015954 ], [ 121.086249990037516, 14.640694454016117 ], [ 121.086249990037956, 14.641527787349967 ], [ 121.085972212260117, 14.641527787349807 ], [ 121.085972212260273, 14.641805565127754 ], [ 121.085138878926628, 14.641805565127243 ], [ 121.085138878926784, 14.64208334290519 ], [ 121.084861101148903, 14.642083342905019 ], [ 121.08486110114923, 14.64263889846092 ], [ 121.084583323371348, 14.642638898460762 ], [ 121.084583323371504, 14.64291667623869 ], [ 121.083194434482124, 14.642916676237856 ], [ 121.08319443448228, 14.643194454015804 ], [ 121.083115327542501, 14.643194454015763 ], [ 121.083151727037972, 14.643239828571399 ] ], [ [ 121.092638878933158, 14.649027787358527 ], [ 121.092638878933002, 14.648750009580583 ], [ 121.092916656710912, 14.648750009580745 ], [ 121.092916656711054, 14.649027787358706 ], [ 121.092638878933158, 14.649027787358527 ] ] ], [ [ [ 121.093882614382281, 14.621250009564221 ], [ 121.094027767807134, 14.621250009564307 ], [ 121.094027767807134, 14.62123476068278 ], [ 121.093882614382281, 14.621250009564221 ] ] ] ] } },
{ "type": "Feature", "properties": { "fid": 26, "DN": 26, "subcatchment_id": 9, "cn_composite_x": 75.0, "runoff_2yr_mm_x": 85.58, "rank_2yr_x": 19, "runoff_5yr_mm_x": 164.47, "rank_5yr_x": 19, "runoff_10yr_mm_x": 216.0, "rank_10yr_x": 19, "subcatchment_total_m2_x": 264117.714, "volume_2yr_m3_x": 22603.2, "vol_rank_2yr_x": 10, "volume_5yr_m3_x": 43439.4, "vol_rank_5yr_x": 10, "volume_10yr_m3_x": 57049.4, "vol_rank_10yr_x": 10, "cn_composite_y": 75.0, "runoff_2yr_mm_y": 85.58, "rank_2yr_y": 10, "runoff_5yr_mm_y": 164.47, "rank_5yr_y": 10, "runoff_10yr_mm_y": 216.0, "rank_10yr_y": 10, "subcatchment_total_m2_y": 264117.714, "volume_2yr_m3_y": 22603.2, "vol_rank_2yr_y": 10, "volume_5yr_m3_y": 43439.4, "vol_rank_5yr_y": 10, "volume_10yr_m3_y": 57049.4, "vol_rank_10yr_y": 10 }, "geometry": { "type": "MultiPolygon", "coordinates": [ [ [ [ 121.104062601035523, 14.626154740573535 ], [ 121.104073581035507, 14.626045916573469 ], [ 121.104082492035474, 14.625949199573396 ], [ 121.104055665035332, 14.625794494573295 ], [ 121.103993163035213, 14.625575737573143 ], [ 121.103930661035108, 14.62542989957303 ], [ 121.103888993035, 14.625263227572873 ], [ 121.104003580034927, 14.625086138572856 ], [ 121.103972329034818, 14.624888214572685 ], [ 121.103990198034666, 14.624620064572516 ], [ 121.104201503034687, 14.62459653857263 ], [ 121.104389010034751, 14.62448195157269 ], [ 121.104576516034726, 14.624304862572719 ], [ 121.104711937034637, 14.624106938572659 ], [ 121.104649435034545, 14.62391943257253 ], [ 121.104639018034447, 14.623784011572399 ], [ 121.104784856034371, 14.623606922572396 ], [ 121.104836226034351, 14.623409082572302 ], [ 121.104816107034196, 14.623242326572196 ], [ 121.104732771034094, 14.623117322572021 ], [ 121.104680686034001, 14.622940233571912 ], [ 121.104628601033923, 14.622783978571798 ], [ 121.104482763033786, 14.62262772257159 ], [ 121.104399427033698, 14.622481884571462 ], [ 121.104430678033609, 14.622356880571365 ], [ 121.104555682033563, 14.622221459571383 ], [ 121.104691103033502, 14.622044370571375 ], [ 121.104753605033395, 14.621825612571259 ], [ 121.10485777503331, 14.621627689571222 ], [ 121.104874919033293, 14.621585958571188 ], [ 121.104920277033273, 14.621502685571139 ], [ 121.104959832033245, 14.621358143571095 ], [ 121.10452291103293, 14.621256331570727 ], [ 121.104119990032828, 14.621170009570475 ], [ 121.102916656698852, 14.62090583160804 ], [ 121.10291665669935, 14.621805565125628 ], [ 121.102638878921482, 14.621805565125459 ], [ 121.102638878921653, 14.622083342903414 ], [ 121.102361101143799, 14.622083342903245 ], [ 121.102361101143956, 14.6223611206812 ], [ 121.102083323366045, 14.622361120681028 ], [ 121.102083323366202, 14.622638898458982 ], [ 121.101527767810467, 14.622638898458638 ], [ 121.101527767810609, 14.622916676236583 ], [ 121.101249990032755, 14.62291667623642 ], [ 121.101249990032912, 14.623194454014374 ], [ 121.10097221225503, 14.623194454014197 ], [ 121.100972212255158, 14.623472231792157 ], [ 121.100694434477305, 14.623472231791988 ], [ 121.100694434477447, 14.623750009569919 ], [ 121.100416656699593, 14.623750009569761 ], [ 121.10041665669975, 14.624027787347721 ], [ 121.100138878921868, 14.624027787347556 ], [ 121.100138878922024, 14.624305565125503 ], [ 121.099305545588436, 14.624305565124983 ], [ 121.099305545588564, 14.624583342902936 ], [ 121.099027767810682, 14.624583342902774 ], [ 121.099027767810853, 14.624861120680725 ], [ 121.098749990032942, 14.624861120680553 ], [ 121.098749990033127, 14.625138898458511 ], [ 121.098472212255274, 14.625138898458335 ], [ 121.098472212255402, 14.625416676236293 ], [ 121.097083323366064, 14.625416676235441 ], [ 121.097083323366832, 14.626805565125185 ], [ 121.097638878922538, 14.626805565125526 ], [ 121.097638878922723, 14.627083342903477 ], [ 121.098472212256311, 14.627083342903985 ], [ 121.098472212256624, 14.627638898459887 ], [ 121.099027767812387, 14.627638898460228 ], [ 121.09902776781253, 14.627916676238183 ], [ 121.099583323368265, 14.627916676238518 ], [ 121.099583323368449, 14.628194454016469 ], [ 121.100138878924156, 14.628194454016811 ], [ 121.100138878924511, 14.628750009572716 ], [ 121.100694434480246, 14.628750009573052 ], [ 121.100694434480076, 14.628472231795104 ], [ 121.100972212257929, 14.628472231795268 ], [ 121.100972212257773, 14.628194454017319 ], [ 121.101249990035654, 14.628194454017478 ], [ 121.101249990035527, 14.62791667623954 ], [ 121.10152776781338, 14.627916676239703 ], [ 121.101527767813238, 14.627638898461754 ], [ 121.101805545591091, 14.627638898461926 ], [ 121.101805545590935, 14.627361120683975 ], [ 121.102638878924552, 14.627361120684485 ], [ 121.102638878924253, 14.62680556512858 ], [ 121.102916656702106, 14.626805565128736 ], [ 121.102916656701666, 14.625972231794892 ], [ 121.103194434479548, 14.625972231795069 ], [ 121.103194434479377, 14.625694454017122 ], [ 121.103472212257259, 14.625694454017278 ], [ 121.103472212257103, 14.625416676239331 ], [ 121.103749990034956, 14.625416676239505 ], [ 121.103749990035283, 14.625972231795407 ], [ 121.104027767813164, 14.625972231795583 ], [ 121.104027767813292, 14.626232650630367 ], [ 121.104062601035523, 14.626154740573535 ] ] ] ] } },
{ "type": "Feature", "properties": { "fid": 28, "DN": 8, "subcatchment_id": 10, "cn_composite_x": 83.66, "runoff_2yr_mm_x": 108.11, "rank_2yr_x": 9, "runoff_5yr_mm_x": 192.17, "rank_5yr_x": 9, "runoff_10yr_mm_x": 245.76, "rank_10yr_x": 9, "subcatchment_total_m2_x": 134129.44, "volume_2yr_m3_x": 14500.7, "vol_rank_2yr_x": 11, "volume_5yr_m3_x": 25775.7, "vol_rank_5yr_x": 11, "volume_10yr_m3_x": 32963.7, "vol_rank_10yr_x": 11, "cn_composite_y": 83.66, "runoff_2yr_mm_y": 108.11, "rank_2yr_y": 2, "runoff_5yr_mm_y": 192.17, "rank_5yr_y": 2, "runoff_10yr_mm_y": 245.76, "rank_10yr_y": 2, "subcatchment_total_m2_y": 134129.44, "volume_2yr_m3_y": 14500.7, "vol_rank_2yr_y": 11, "volume_5yr_m3_y": 25775.7, "vol_rank_5yr_y": 11, "volume_10yr_m3_y": 32963.7, "vol_rank_10yr_y": 11 }, "geometry": { "type": "MultiPolygon", "coordinates": [ [ [ [ 121.081803487025397, 14.621469763557027 ], [ 121.081462895024728, 14.620415288556174 ], [ 121.081122228024299, 14.619935746555667 ], [ 121.080972894024256, 14.619850958555544 ], [ 121.080599302024055, 14.61963583355516 ], [ 121.080030235023642, 14.619274398554596 ], [ 121.079415028023035, 14.618566910553781 ], [ 121.079030221022521, 14.617969859553185 ], [ 121.078189100022485, 14.618412856552933 ], [ 121.07801834402251, 14.618494819552897 ], [ 121.077662025022491, 14.618602859552738 ], [ 121.077641150022444, 14.618569062552687 ], [ 121.077584491022392, 14.618584967552662 ], [ 121.077516897022349, 14.618604847552664 ], [ 121.076664538022285, 14.619005773552386 ], [ 121.076385482022374, 14.619164885552317 ], [ 121.075693641022312, 14.619600875552141 ], [ 121.075536445022308, 14.61968624055212 ], [ 121.076127116022818, 14.620245152552794 ], [ 121.076429752023245, 14.620801315553329 ], [ 121.076478588023278, 14.620783323553374 ], [ 121.076531802023354, 14.620871091553465 ], [ 121.076448595023336, 14.620910803553427 ], [ 121.076493981023447, 14.621266321553678 ], [ 121.076490198023791, 14.621663442553899 ], [ 121.076483728023845, 14.621819159553983 ], [ 121.076032349446052, 14.622638898443091 ], [ 121.07624999002411, 14.622638898443219 ], [ 121.076249990023982, 14.622361120665277 ], [ 121.076805545579717, 14.622361120665609 ], [ 121.076805545579901, 14.62263889844356 ], [ 121.077361101135608, 14.622638898443903 ], [ 121.077361101135452, 14.622361120665945 ], [ 121.077638878913305, 14.62236112066612 ], [ 121.077638878913177, 14.622083342888169 ], [ 121.077916656691031, 14.622083342888327 ], [ 121.077916656691215, 14.622361120666282 ], [ 121.07847221224695, 14.622361120666628 ], [ 121.07847221224678, 14.622083342888669 ], [ 121.079583323358293, 14.622083342889352 ], [ 121.07958332335815, 14.62180556511141 ], [ 121.079861101136004, 14.621805565111563 ], [ 121.079861101135691, 14.621250009555668 ], [ 121.080138878913573, 14.62125000955584 ], [ 121.080138878913417, 14.620972231777895 ], [ 121.080416656691284, 14.620972231778058 ], [ 121.080416656691128, 14.620694454000111 ], [ 121.080972212246863, 14.620694454000454 ], [ 121.080972212247048, 14.620972231778392 ], [ 121.081249990024901, 14.620972231778566 ], [ 121.081249990025071, 14.621250009556508 ], [ 121.081527767802925, 14.621250009556679 ], [ 121.081527767803081, 14.621527787334641 ], [ 121.081805545580934, 14.621527787334815 ], [ 121.081805545581091, 14.621805565112753 ], [ 121.081820856099242, 14.621805565112769 ], [ 121.081803487025397, 14.621469763557027 ] ] ] ] } },
{ "type": "Feature", "properties": { "fid": 29, "DN": 22, "subcatchment_id": 11, "cn_composite_x": 75.0, "runoff_2yr_mm_x": 85.58, "rank_2yr_x": 19, "runoff_5yr_mm_x": 164.47, "rank_5yr_x": 19, "runoff_10yr_mm_x": 216.0, "rank_10yr_x": 19, "subcatchment_total_m2_x": 340551.415, "volume_2yr_m3_x": 29144.4, "vol_rank_2yr_x": 9, "volume_5yr_m3_x": 56010.5, "vol_rank_5yr_x": 8, "volume_10yr_m3_x": 73559.1, "vol_rank_10yr_x": 8, "cn_composite_y": 75.0, "runoff_2yr_mm_y": 85.58, "rank_2yr_y": 10, "runoff_5yr_mm_y": 164.47, "rank_5yr_y": 10, "runoff_10yr_mm_y": 216.0, "rank_10yr_y": 10, "subcatchment_total_m2_y": 340551.415, "volume_2yr_m3_y": 29144.4, "vol_rank_2yr_y": 9, "volume_5yr_m3_y": 56010.5, "vol_rank_5yr_y": 8, "volume_10yr_m3_y": 73559.1, "vol_rank_10yr_y": 8 }, "geometry": { "type": "MultiPolygon", "coordinates": [ [ [ [ 121.093749990029281, 14.621263942222278 ], [ 121.093749990029437, 14.621527787342089 ], [ 121.093472212251584, 14.62152778734192 ], [ 121.093472212251712, 14.621805565119866 ], [ 121.093194434473858, 14.621805565119699 ], [ 121.093194434474441, 14.622916676231499 ], [ 121.093472212252323, 14.622916676231679 ], [ 121.093472212252479, 14.623194454009623 ], [ 121.094305545586096, 14.623194454010138 ], [ 121.094305545586266, 14.623472231788096 ], [ 121.094583323364148, 14.623472231788254 ], [ 121.094583323364276, 14.623750009566193 ], [ 121.094861101142158, 14.623750009566374 ], [ 121.094861101142314, 14.624027787344321 ], [ 121.095138878920196, 14.624027787344502 ], [ 121.095138878920011, 14.62375000956655 ], [ 121.095416656697921, 14.62375000956672 ], [ 121.095416656697736, 14.623472231788764 ], [ 121.095694434475618, 14.623472231788929 ], [ 121.095694434475476, 14.623194454010982 ], [ 121.096527767809064, 14.623194454011493 ], [ 121.096527767809221, 14.623472231789441 ], [ 121.097083323364998, 14.623472231789783 ], [ 121.097083323365126, 14.623750009567722 ], [ 121.097361101143008, 14.623750009567891 ], [ 121.097361101143164, 14.624027787345851 ], [ 121.097638878921018, 14.624027787346026 ], [ 121.097638878921174, 14.624305565123974 ], [ 121.098194434476937, 14.624305565124315 ], [ 121.098194434477236, 14.62486112068021 ], [ 121.097916656699326, 14.624861120680045 ], [ 121.09791665669951, 14.625138898457999 ], [ 121.097361101143804, 14.625138898457649 ], [ 121.097361101143946, 14.625416676235609 ], [ 121.098472212255402, 14.625416676236293 ], [ 121.098472212255274, 14.625138898458335 ], [ 121.098749990033127, 14.625138898458511 ], [ 121.098749990032942, 14.624861120680553 ], [ 121.099027767810853, 14.624861120680725 ], [ 121.099027767810682, 14.624583342902774 ], [ 121.099305545588564, 14.624583342902936 ], [ 121.099305545588436, 14.624305565124983 ], [ 121.100138878922024, 14.624305565125503 ], [ 121.100138878921868, 14.624027787347556 ], [ 121.10041665669975, 14.624027787347721 ], [ 121.100416656699593, 14.623750009569761 ], [ 121.100694434477447, 14.623750009569919 ], [ 121.100694434477305, 14.623472231791988 ], [ 121.100972212255158, 14.623472231792157 ], [ 121.10097221225503, 14.623194454014197 ], [ 121.101249990032912, 14.623194454014374 ], [ 121.101249990032755, 14.62291667623642 ], [ 121.101527767810609, 14.622916676236583 ], [ 121.101527767810467, 14.622638898458638 ], [ 121.102083323366202, 14.622638898458982 ], [ 121.102083323366045, 14.622361120681028 ], [ 121.102361101143956, 14.6223611206812 ], [ 121.102361101143799, 14.622083342903245 ], [ 121.102638878921653, 14.622083342903414 ], [ 121.102638878921482, 14.621805565125459 ], [ 121.10291665669935, 14.621805565125628 ], [ 121.102916656698852, 14.62090583160804 ], [ 121.102455735032024, 14.620804641569219 ], [ 121.101878655031769, 14.62065735256879 ], [ 121.097847298029961, 14.619839296565811 ], [ 121.097584258029897, 14.619772063565623 ], [ 121.097679508030055, 14.620100523565885 ], [ 121.097382029030371, 14.620831576566129 ], [ 121.097377131030342, 14.620832001566125 ], [ 121.096576325030071, 14.620898091565691 ], [ 121.096113451030035, 14.62098667056549 ], [ 121.095259629029727, 14.621112393565051 ], [ 121.094730106029616, 14.621160977564712 ], [ 121.094027767807134, 14.62123476068278 ], [ 121.094027767807134, 14.621250009564307 ], [ 121.093882614382281, 14.621250009564221 ], [ 121.093749990029281, 14.621263942222278 ] ] ] ] } }
]
}
